{"level":"info","time":"2026-04-23T06:53:49+05:30","caller":"C:/billing-service/internal/app/app.go:28","message":"Starting billing service..."}
{"level":"info","time":"2026-04-23T06:56:16+05:30","caller":"C:/billing-service/internal/app/app.go:28","message":"Starting billing service..."}
{"level":"info","service":"billing-service","addr":":50051","time":"2026-04-23T06:56:16+05:30","caller":"C:/billing-service/cmd/cmd.go:34","message":"Starting gRPC server"}
{"level":"info","port":"8081","time":"2026-04-23T06:56:16+05:30","caller":"C:/billing-service/cmd/cmd.go:43","message":"Starting HTTP server"}
{"level":"info","time":"2026-04-23T06:58:15+05:30","caller":"C:/billing-service/internal/app/app.go:28","message":"Starting billing service..."}
{"level":"info","port":"8081","time":"2026-04-23T06:58:15+05:30","caller":"C:/billing-service/cmd/cmd.go:43","message":"Starting HTTP server"}
{"level":"info","service":"billing-service","addr":":50051","time":"2026-04-23T06:58:15+05:30","caller":"C:/billing-service/cmd/cmd.go:34","message":"Starting gRPC server"}
{"level":"info","time":"2026-04-23T07:00:42+05:30","caller":"C:/billing-service/internal/app/app.go:28","message":"Starting billing service..."}
{"level":"info","port":"8081","time":"2026-04-23T07:00:42+05:30","caller":"C:/billing-service/cmd/cmd.go:43","message":"Starting HTTP server"}
{"level":"info","service":"billing-service","addr":":50051","time":"2026-04-23T07:00:42+05:30","caller":"C:/billing-service/cmd/cmd.go:34","message":"Starting gRPC server"}
{"level":"info","time":"2026-04-23T07:01:55+05:30","caller":"C:/billing-service/internal/app/app.go:28","message":"Starting billing service..."}
{"level":"info","port":"8081","time":"2026-04-23T07:01:55+05:30","caller":"C:/billing-service/cmd/cmd.go:43","message":"Starting HTTP server"}
{"level":"info","service":"billing-service","addr":":50051","time":"2026-04-23T07:01:55+05:30","caller":"C:/billing-service/cmd/cmd.go:34","message":"Starting gRPC server"}
{"level":"info","time":"2026-04-23T07:01:55+05:30","caller":"C:/billing-service/cmd/cmd.go:52","message":"🟢 Service is fully started and running"}
{"level":"info","time":"2026-04-23T07:02:18+05:30","caller":"C:/billing-service/internal/app/app.go:28","message":"Starting billing service..."}
{"level":"info","service":"billing-service","addr":":50051","time":"2026-04-23T07:02:18+05:30","caller":"C:/billing-service/cmd/cmd.go:34","message":"Starting gRPC server"}
{"level":"info","port":"8081","time":"2026-04-23T07:02:18+05:30","caller":"C:/billing-service/cmd/cmd.go:43","message":"Starting HTTP server"}
{"level":"info","time":"2026-04-23T07:03:31+05:30","caller":"C:/billing-service/internal/app/app.go:28","message":"Starting billing service..."}
{"level":"info","port":"8081","time":"2026-04-23T07:03:31+05:30","caller":"C:/billing-service/cmd/cmd.go:43","message":"Starting HTTP server"}
{"level":"info","service":"billing-service","addr":":50051","time":"2026-04-23T07:03:31+05:30","caller":"C:/billing-service/cmd/cmd.go:34","message":"Starting gRPC server"}
{"level":"info","time":"2026-04-23T07:03:56+05:30","caller":"C:/billing-service/internal/app/app.go:28","message":"Starting billing service..."}
{"level":"info","service":"billing-service","addr":":50051","time":"2026-04-23T07:03:56+05:30","caller":"C:/billing-service/cmd/cmd.go:34","message":"Starting gRPC server"}
{"level":"info","port":"8081","time":"2026-04-23T07:03:56+05:30","caller":"C:/billing-service/cmd/cmd.go:43","message":"Starting HTTP server"}
{"level":"info","time":"2026-04-23T07:03:56+05:30","caller":"C:/billing-service/cmd/cmd.go:51","message":"🟢 Service is fully started and running"}
{"level":"info","time":"2026-04-23T07:05:04+05:30","caller":"C:/billing-service/internal/app/app.go:28","message":"Starting billing service..."}
{"level":"info","port":"8081","time":"2026-04-23T07:05:04+05:30","caller":"C:/billing-service/cmd/cmd.go:43","message":"Starting HTTP server"}
{"level":"info","service":"billing-service","addr":":50051","time":"2026-04-23T07:05:04+05:30","caller":"C:/billing-service/cmd/cmd.go:34","message":"Starting gRPC server"}
{"level":"info","time":"2026-04-23T07:05:04+05:30","caller":"C:/billing-service/cmd/cmd.go:51","message":"🟢 Service is fully started and running"}
{"level":"info","time":"2026-04-23T07:06:45+05:30","caller":"C:/billing-service/internal/app/app.go:28","message":"Starting billing service..."}
{"level":"info","port":"8081","time":"2026-04-23T07:06:45+05:30","caller":"C:/billing-service/cmd/cmd.go:51","message":"Starting HTTP server"}
{"level":"info","service":"billing-service","addr":":50051","time":"2026-04-23T07:06:45+05:30","caller":"C:/billing-service/cmd/cmd.go:42","message":"Starting gRPC server"}
{"level":"info","time":"2026-04-23T07:06:45+05:30","caller":"C:/billing-service/cmd/cmd.go:59","message":"🟢 Service is fully started and running. Waiting for signals..."}
{"level":"info","time":"2026-04-23T07:08:12+05:30","caller":"C:/billing-service/internal/app/app.go:28","message":"Starting billing service..."}
{"level":"info","port":"8081","time":"2026-04-23T07:08:12+05:30","caller":"C:/billing-service/cmd/cmd.go:43","message":"Starting HTTP server"}
{"level":"info","service":"billing-service","addr":":50051","time":"2026-04-23T07:08:12+05:30","caller":"C:/billing-service/cmd/cmd.go:34","message":"Starting gRPC server"}
{"level":"info","time":"2026-04-23T07:08:12+05:30","caller":"C:/billing-service/cmd/cmd.go:51","message":"🟢 Service is fully started and running. Waiting for signals..."}
{"level":"info","time":"2026-04-23T07:09:05+05:30","caller":"C:/billing-service/internal/app/app.go:28","message":"Starting billing service..."}
{"level":"info","port":"8081","time":"2026-04-23T07:09:05+05:30","caller":"C:/billing-service/cmd/cmd.go:43","message":"Starting HTTP server"}
{"level":"info","service":"billing-service","addr":":50051","time":"2026-04-23T07:09:05+05:30","caller":"C:/billing-service/cmd/cmd.go:34","message":"Starting gRPC server"}
{"level":"info","time":"2026-04-23T07:09:05+05:30","caller":"C:/billing-service/cmd/cmd.go:51","message":"🟢 Service is fully started and running. Waiting for signals..."}
{"level":"info","time":"2026-04-23T07:27:29+05:30","caller":"C:/billing-service/internal/app/app.go:28","message":"Starting billing service..."}
{"level":"info","port":"8081","time":"2026-04-23T07:27:29+05:30","caller":"C:/billing-service/cmd/cmd.go:44","message":"Starting HTTP server"}
{"level":"info","time":"2026-04-23T07:27:29+05:30","caller":"C:/billing-service/cmd/cmd.go:51","message":"🟢 Service is fully started and running. Waiting for signals..."}
{"level":"info","service":"billing-service","addr":":50051","time":"2026-04-23T07:27:29+05:30","caller":"C:/billing-service/cmd/cmd.go:35","message":"Starting gRPC server"}
{"level":"info","time":"2026-04-23T07:30:30+05:30","caller":"C:/billing-service/internal/app/app.go:28","message":"Starting billing service..."}
{"level":"info","time":"2026-04-23T07:30:30+05:30","caller":"C:/billing-service/cmd/cmd.go:55","message":"🟢 Service is fully started and running. Waiting for signals..."}
{"level":"info","service":"billing-service","addr":":50051","time":"2026-04-23T07:30:30+05:30","caller":"C:/billing-service/cmd/cmd.go:40","message":"Starting gRPC server"}
{"level":"info","port":"8081","time":"2026-04-23T07:30:30+05:30","caller":"C:/billing-service/cmd/cmd.go:49","message":"Starting HTTP server"}
{"level":"info","time":"2026-04-23T07:30:34+05:30","caller":"C:/billing-service/cmd/cmd.go:59","message":"🛑 Received shutdown signal. Starting graceful shutdown..."}
{"level":"info","time":"2026-04-23T07:30:34+05:30","caller":"C:/billing-service/cmd/cmd.go:93","message":"❌ Service is gracefully stopping"}
{"level":"info","time":"2026-04-23T07:30:34+05:30","caller":"C:/billing-service/cmd/cmd.go:110","message":"gRPC server stopped gracefully"}
{"level":"info","time":"2026-04-23T07:30:38+05:30","caller":"C:/billing-service/internal/app/app.go:28","message":"Starting billing service..."}
{"level":"info","time":"2026-04-23T07:30:38+05:30","caller":"C:/billing-service/cmd/cmd.go:55","message":"🟢 Service is fully started and running. Waiting for signals..."}
{"level":"info","service":"billing-service","addr":":50051","time":"2026-04-23T07:30:38+05:30","caller":"C:/billing-service/cmd/cmd.go:40","message":"Starting gRPC server"}
{"level":"info","port":"8081","time":"2026-04-23T07:30:38+05:30","caller":"C:/billing-service/cmd/cmd.go:49","message":"Starting HTTP server"}
{"level":"info","time":"2026-04-23T07:31:45+05:30","caller":"C:/billing-service/internal/app/app.go:28","message":"Starting billing service..."}
{"level":"info","time":"2026-04-23T07:31:45+05:30","caller":"C:/billing-service/cmd/cmd.go:50","message":"🟢 Service is fully started and running. Waiting for signals..."}
{"level":"info","service":"billing-service","addr":":50051","time":"2026-04-23T07:31:45+05:30","caller":"C:/billing-service/cmd/cmd.go:35","message":"Starting gRPC server"}
{"level":"info","port":"8081","time":"2026-04-23T07:31:45+05:30","caller":"C:/billing-service/cmd/cmd.go:44","message":"Starting HTTP server"}
{"level":"info","time":"2026-04-23T07:31:46+05:30","caller":"C:/billing-service/cmd/cmd.go:54","message":"🛑 Received shutdown signal. Starting graceful shutdown..."}
{"level":"info","time":"2026-04-23T07:31:46+05:30","caller":"C:/billing-service/cmd/cmd.go:88","message":"❌ Service is gracefully stopping"}
{"level":"info","time":"2026-04-23T07:31:46+05:30","caller":"C:/billing-service/cmd/cmd.go:105","message":"gRPC server stopped gracefully"}
{"level":"info","time":"2026-04-23T07:37:04+05:30","caller":"C:/billing-service/internal/app/app.go:28","message":"Starting billing service..."}
{"level":"info","time":"2026-04-23T07:37:05+05:30","caller":"C:/billing-service/cmd/cmd.go:50","message":"🟢 Service is fully started and running. Waiting for signals..."}
{"level":"info","service":"billing-service","addr":":50051","time":"2026-04-23T07:37:05+05:30","caller":"C:/billing-service/cmd/cmd.go:35","message":"Starting gRPC server"}
{"level":"info","port":"8081","time":"2026-04-23T07:37:05+05:30","caller":"C:/billing-service/cmd/cmd.go:44","message":"Starting HTTP server"}
{"level":"info","time":"2026-04-23T07:38:40+05:30","caller":"C:/billing-service/internal/app/app.go:28","message":"Starting billing service..."}
{"level":"info","time":"2026-04-23T07:38:40+05:30","caller":"C:/billing-service/cmd/cmd.go:51","message":"🟢 Service is fully started and running. Waiting for signals..."}
{"level":"info","service":"billing-service","addr":":50051","time":"2026-04-23T07:38:40+05:30","caller":"C:/billing-service/cmd/cmd.go:36","message":"Starting gRPC server"}
{"level":"info","port":"8081","time":"2026-04-23T07:38:40+05:30","caller":"C:/billing-service/cmd/cmd.go:45","message":"Starting HTTP server"}
{"level":"info","time":"2026-04-23T07:41:23+05:30","caller":"C:/billing-service/internal/app/app.go:28","message":"Starting billing service..."}
{"level":"info","time":"2026-04-23T07:41:23+05:30","caller":"C:/billing-service/cmd/cmd.go:56","message":"🟢 Service is fully started and running. Waiting for signals..."}
{"level":"info","port":"8081","time":"2026-04-23T07:41:23+05:30","caller":"C:/billing-service/cmd/cmd.go:50","message":"Starting HTTP server"}
{"level":"info","service":"billing-service","addr":":50051","time":"2026-04-23T07:41:23+05:30","caller":"C:/billing-service/cmd/cmd.go:41","message":"Starting gRPC server"}
{"level":"info","time":"2026-04-23T07:44:07+05:30","caller":"C:/billing-service/internal/app/app.go:28","message":"Starting billing service..."}
{"level":"info","service":"billing-service","addr":":50051","time":"2026-04-23T07:44:07+05:30","caller":"C:/billing-service/cmd/cmd.go:41","message":"Starting gRPC server"}
{"level":"info","time":"2026-04-23T07:44:07+05:30","caller":"C:/billing-service/cmd/cmd.go:56","message":"🟢 Service is fully started and running. Waiting for signals..."}
{"level":"info","port":"8081","time":"2026-04-23T07:44:07+05:30","caller":"C:/billing-service/cmd/cmd.go:50","message":"Starting HTTP server"}
{"level":"info","time":"2026-04-23T07:45:22+05:30","caller":"C:/billing-service/internal/app/app.go:28","message":"Starting billing service..."}
{"level":"info","service":"billing-service","addr":":50051","time":"2026-04-23T07:45:22+05:30","caller":"C:/billing-service/cmd/cmd.go:41","message":"Starting gRPC server"}
{"level":"info","time":"2026-04-23T07:45:22+05:30","caller":"C:/billing-service/cmd/cmd.go:56","message":"🟢 Service is fully started and running. Waiting for signals..."}
{"level":"info","port":"8081","time":"2026-04-23T07:45:22+05:30","caller":"C:/billing-service/cmd/cmd.go:50","message":"Starting HTTP server"}
{"level":"info","time":"2026-04-23T07:46:21+05:30","caller":"C:/billing-service/internal/app/app.go:28","message":"Starting billing service..."}
{"level":"info","time":"2026-04-23T07:46:21+05:30","caller":"C:/billing-service/cmd/cmd.go:58","message":"🟢 Service is fully started and running. Waiting for signals..."}
{"level":"info","port":"8081","time":"2026-04-23T07:46:21+05:30","caller":"C:/billing-service/cmd/cmd.go:50","message":"Starting HTTP server"}
{"level":"info","service":"billing-service","addr":":50051","time":"2026-04-23T07:46:21+05:30","caller":"C:/billing-service/cmd/cmd.go:41","message":"Starting gRPC server"}
{"level":"info","time":"2026-04-23T07:48:16+05:30","caller":"C:/billing-service/internal/app/app.go:28","message":"Starting billing service..."}
{"level":"info","service":"billing-service","addr":":50051","time":"2026-04-23T07:48:16+05:30","caller":"C:/billing-service/cmd/cmd.go:41","message":"Starting gRPC server"}
{"level":"info","port":"8081","time":"2026-04-23T07:48:16+05:30","caller":"C:/billing-service/cmd/cmd.go:50","message":"Starting HTTP server"}
{"level":"info","time":"2026-04-23T07:48:16+05:30","caller":"C:/billing-service/cmd/cmd.go:56","message":"🟢 Service is fully started and running. Waiting for signals..."}
{"level":"info","time":"2026-04-23T07:49:57+05:30","caller":"C:/billing-service/internal/app/app.go:28","message":"Starting billing service..."}
{"level":"info","time":"2026-04-23T07:49:57+05:30","caller":"C:/billing-service/cmd/cmd.go:58","message":"🟢 Service is fully started and running. Waiting for signals..."}
{"level":"info","service":"billing-service","addr":":50051","time":"2026-04-23T07:49:57+05:30","caller":"C:/billing-service/cmd/cmd.go:43","message":"Starting gRPC server"}
{"level":"info","port":"8081","time":"2026-04-23T07:49:57+05:30","caller":"C:/billing-service/cmd/cmd.go:52","message":"Starting HTTP server"}
{"level":"info","time":"2026-04-23T08:07:44+05:30","caller":"C:/billing-service/internal/app/app.go:28","message":"Starting billing service..."}
{"level":"info","service":"billing-service","addr":":50051","time":"2026-04-23T08:07:44+05:30","caller":"C:/billing-service/cmd/cmd.go:38","message":"Starting gRPC server"}
{"level":"info","time":"2026-04-23T08:07:44+05:30","caller":"C:/billing-service/cmd/cmd.go:53","message":"🟢 Service is fully started and running. Waiting for signals..."}
{"level":"info","port":"8081","time":"2026-04-23T08:07:44+05:30","caller":"C:/billing-service/cmd/cmd.go:47","message":"Starting HTTP server"}
{"level":"error","error":"HTTP server error: listen tcp :50051: bind: Only one usage of each socket address (protocol/network address/port) is normally permitted.","time":"2026-04-23T08:07:44+05:30","caller":"C:/billing-service/cmd/cmd.go:57","message":"💥 Server crashed during runtime"}
{"level":"info","time":"2026-04-23T08:08:58+05:30","caller":"C:/billing-service/internal/app/app.go:28","message":"Starting billing service..."}
{"level":"info","time":"2026-04-23T08:08:58+05:30","caller":"C:/billing-service/cmd/cmd.go:53","message":"🟢 Service is fully started and running. Waiting for signals..."}
{"level":"info","port":"8081","time":"2026-04-23T08:08:58+05:30","caller":"C:/billing-service/cmd/cmd.go:47","message":"Starting HTTP server"}
{"level":"info","service":"billing-service","addr":":50051","time":"2026-04-23T08:08:58+05:30","caller":"C:/billing-service/cmd/cmd.go:38","message":"Starting gRPC server"}
{"level":"info","time":"2026-04-23T08:09:42+05:30","caller":"C:/billing-service/internal/app/app.go:28","message":"Starting billing service..."}
{"level":"info","service":"billing-service","addr":":50051","time":"2026-04-23T08:09:42+05:30","caller":"C:/billing-service/cmd/cmd.go:38","message":"Starting gRPC server"}
{"level":"info","port":"8081","time":"2026-04-23T08:09:42+05:30","caller":"C:/billing-service/cmd/cmd.go:47","message":"Starting HTTP server"}
{"level":"info","time":"2026-04-23T08:09:42+05:30","caller":"C:/billing-service/cmd/cmd.go:53","message":"🟢 Service is fully started and running. Waiting for signals..."}
{"level":"error","error":"HTTP server error: listen tcp :8080: bind: Only one usage of each socket address (protocol/network address/port) is normally permitted.","time":"2026-04-23T08:09:42+05:30","caller":"C:/billing-service/cmd/cmd.go:57","message":"💥 Server crashed during runtime"}
{"level":"info","time":"2026-04-23T08:09:52+05:30","caller":"C:/billing-service/internal/app/app.go:28","message":"Starting billing service..."}
{"level":"info","port":"8081","time":"2026-04-23T08:09:52+05:30","caller":"C:/billing-service/cmd/cmd.go:47","message":"Starting HTTP server"}
{"level":"info","time":"2026-04-23T08:09:52+05:30","caller":"C:/billing-service/cmd/cmd.go:53","message":"🟢 Service is fully started and running. Waiting for signals..."}
{"level":"info","service":"billing-service","addr":":50051","time":"2026-04-23T08:09:52+05:30","caller":"C:/billing-service/cmd/cmd.go:38","message":"Starting gRPC server"}
{"level":"info","time":"2026-04-23T09:33:23+05:30","caller":"C:/billing-service/internal/app/app.go:28","message":"Starting billing service..."}
{"level":"info","port":"8081","time":"2026-04-23T09:33:23+05:30","caller":"C:/billing-service/cmd/cmd.go:47","message":"Starting HTTP server"}
{"level":"info","service":"billing-service","addr":":50051","time":"2026-04-23T09:33:23+05:30","caller":"C:/billing-service/cmd/cmd.go:38","message":"Starting gRPC server"}
{"level":"info","time":"2026-04-23T09:33:23+05:30","caller":"C:/billing-service/cmd/cmd.go:53","message":"🟢 Service is fully started and running. Waiting for signals..."}
{"level":"info","time":"2026-04-23T10:08:05+05:30","caller":"C:/billing-service/internal/app/app.go:28","message":"Starting billing service..."}
{"level":"info","service":"billing-service","addr":":50051","time":"2026-04-23T10:08:06+05:30","caller":"C:/billing-service/cmd/cmd.go:38","message":"Starting gRPC server"}
{"level":"info","port":"8081","time":"2026-04-23T10:08:06+05:30","caller":"C:/billing-service/cmd/cmd.go:47","message":"Starting HTTP server"}
{"level":"info","time":"2026-04-23T10:08:06+05:30","caller":"C:/billing-service/cmd/cmd.go:53","message":"🟢 Service is fully started and running. Waiting for signals..."}
{"level":"info","time":"2026-04-23T10:10:33+05:30","caller":"C:/billing-service/internal/app/app.go:28","message":"Starting billing service..."}
{"level":"info","time":"2026-04-23T10:10:33+05:30","caller":"C:/billing-service/cmd/cmd.go:53","message":"🟢 Service is fully started and running. Waiting for signals..."}
{"level":"info","port":"8081","time":"2026-04-23T10:10:33+05:30","caller":"C:/billing-service/cmd/cmd.go:47","message":"Starting HTTP server"}
{"level":"info","service":"billing-service","addr":":50051","time":"2026-04-23T10:10:33+05:30","caller":"C:/billing-service/cmd/cmd.go:38","message":"Starting gRPC server"}
{"level":"info","time":"2026-04-23T10:12:57+05:30","caller":"C:/billing-service/internal/app/app.go:28","message":"Starting billing service..."}
{"level":"info","time":"2026-04-23T10:12:57+05:30","caller":"C:/billing-service/cmd/cmd.go:53","message":"🟢 Service is fully started and running. Waiting for signals..."}
{"level":"info","service":"billing-service","addr":":50051","time":"2026-04-23T10:12:57+05:30","caller":"C:/billing-service/cmd/cmd.go:38","message":"Starting gRPC server"}
{"level":"info","port":"8081","time":"2026-04-23T10:12:57+05:30","caller":"C:/billing-service/cmd/cmd.go:47","message":"Starting HTTP server"}
{"level":"info","time":"2026-04-23T10:17:32+05:30","caller":"C:/billing-service/cmd/cmd.go:60","message":"🛑 Received shutdown signal. Starting graceful shutdown..."}
{"level":"info","time":"2026-04-23T10:17:32+05:30","caller":"C:/billing-service/cmd/cmd.go:91","message":"❌ Service is gracefully stopping"}
{"level":"info","time":"2026-04-23T10:17:32+05:30","caller":"C:/billing-service/cmd/cmd.go:99","message":"HTTP server stopped gracefully"}
{"level":"info","time":"2026-04-23T10:17:32+05:30","caller":"C:/billing-service/cmd/cmd.go:110","message":"gRPC server stopped gracefully"}
{"level":"info","time":"2026-04-23T10:19:12+05:30","caller":"C:/billing-service/internal/app/app.go:28","message":"Starting billing service..."}
{"level":"info","time":"2026-04-23T10:21:44+05:30","caller":"C:/billing-service/internal/app/app.go:28","message":"Starting billing service..."}
{"level":"info","time":"2026-04-23T10:21:44+05:30","caller":"C:/billing-service/cmd/cmd.go:53","message":"🟢 Service is fully started and running. Waiting for signals..."}
{"level":"info","service":"billing-service","addr":":50051","time":"2026-04-23T10:21:44+05:30","caller":"C:/billing-service/cmd/cmd.go:38","message":"Starting gRPC server"}
{"level":"info","port":"8081","time":"2026-04-23T10:21:44+05:30","caller":"C:/billing-service/cmd/cmd.go:47","message":"Starting HTTP server"}
{"level":"info","time":"2026-04-23T10:21:49+05:30","caller":"C:/billing-service/cmd/cmd.go:60","message":"🛑 Received shutdown signal. Starting graceful shutdown..."}
{"level":"info","time":"2026-04-23T10:21:49+05:30","caller":"C:/billing-service/cmd/cmd.go:91","message":"❌ Service is gracefully stopping"}
{"level":"info","time":"2026-04-23T10:21:49+05:30","caller":"C:/billing-service/cmd/cmd.go:99","message":"HTTP server stopped gracefully"}
{"level":"info","time":"2026-04-23T10:21:49+05:30","caller":"C:/billing-service/cmd/cmd.go:110","message":"gRPC server stopped gracefully"}
{"level":"info","time":"2026-04-23T10:22:29+05:30","caller":"C:/billing-service/internal/app/app.go:28","message":"Starting billing service..."}
{"level":"info","service":"billing-service","addr":":50051","time":"2026-04-23T10:22:29+05:30","caller":"C:/billing-service/cmd/cmd.go:38","message":"Starting gRPC server"}
{"level":"info","time":"2026-04-23T10:22:29+05:30","caller":"C:/billing-service/cmd/cmd.go:53","message":"🟢 Service is fully started and running. Waiting for signals..."}
{"level":"info","port":"8081","time":"2026-04-23T10:22:29+05:30","caller":"C:/billing-service/cmd/cmd.go:47","message":"Starting HTTP server"}
{"level":"info","time":"2026-04-23T10:25:30+05:30","caller":"C:/billing-service/internal/app/app.go:28","message":"Starting billing service..."}
{"level":"info","port":"8081","time":"2026-04-23T10:25:30+05:30","caller":"C:/billing-service/cmd/cmd.go:47","message":"Starting HTTP server"}
{"level":"info","service":"billing-service","addr":":50051","time":"2026-04-23T10:25:30+05:30","caller":"C:/billing-service/cmd/cmd.go:38","message":"Starting gRPC server"}
{"level":"info","time":"2026-04-23T10:25:30+05:30","caller":"C:/billing-service/cmd/cmd.go:53","message":"🟢 Service is fully started and running. Waiting for signals..."}
{"level":"info","time":"2026-04-23T10:29:40+05:30","caller":"C:/billing-service/internal/app/app.go:28","message":"Starting billing service..."}
{"level":"info","time":"2026-04-23T10:29:41+05:30","caller":"C:/billing-service/cmd/cmd.go:53","message":"🟢 Service is fully started and running. Waiting for signals..."}
{"level":"info","port":"8081","time":"2026-04-23T10:29:41+05:30","caller":"C:/billing-service/cmd/cmd.go:47","message":"Starting HTTP server"}
{"level":"info","service":"billing-service","addr":":50051","time":"2026-04-23T10:29:41+05:30","caller":"C:/billing-service/cmd/cmd.go:38","message":"Starting gRPC server"}
{"level":"info","time":"2026-04-23T10:33:17+05:30","caller":"C:/billing-service/cmd/cmd.go:60","message":"🛑 Received shutdown signal. Starting graceful shutdown..."}
{"level":"info","time":"2026-04-23T10:33:17+05:30","caller":"C:/billing-service/cmd/cmd.go:91","message":"❌ Service is gracefully stopping"}
{"level":"info","time":"2026-04-23T10:33:17+05:30","caller":"C:/billing-service/cmd/cmd.go:99","message":"HTTP server stopped gracefully"}
{"level":"info","time":"2026-04-23T10:33:17+05:30","caller":"C:/billing-service/cmd/cmd.go:110","message":"gRPC server stopped gracefully"}
{"level":"info","time":"2026-04-23T10:33:53+05:30","caller":"C:/billing-service/internal/app/app.go:28","message":"Starting billing service..."}
{"level":"info","time":"2026-04-23T10:33:53+05:30","caller":"C:/billing-service/cmd/cmd.go:53","message":"🟢 Service is fully started and running. Waiting for signals..."}
{"level":"info","port":"8081","time":"2026-04-23T10:33:53+05:30","caller":"C:/billing-service/cmd/cmd.go:47","message":"Starting HTTP server"}
{"level":"info","service":"billing-service","addr":":50051","time":"2026-04-23T10:33:53+05:30","caller":"C:/billing-service/cmd/cmd.go:38","message":"Starting gRPC server"}
{"level":"info","time":"2026-04-23T10:35:27+05:30","caller":"C:/billing-service/internal/app/app.go:28","message":"Starting billing service..."}
{"level":"info","time":"2026-04-23T10:35:27+05:30","caller":"C:/billing-service/cmd/cmd.go:53","message":"🟢 Service is fully started and running. Waiting for signals..."}
{"level":"info","service":"billing-service","addr":":50051","time":"2026-04-23T10:35:27+05:30","caller":"C:/billing-service/cmd/cmd.go:38","message":"Starting gRPC server"}
{"level":"info","port":"8081","time":"2026-04-23T10:35:27+05:30","caller":"C:/billing-service/cmd/cmd.go:47","message":"Starting HTTP server"}
{"level":"info","time":"2026-04-23T10:35:47+05:30","caller":"C:/billing-service/internal/app/app.go:28","message":"Starting billing service..."}
{"level":"info","time":"2026-04-23T10:35:47+05:30","caller":"C:/billing-service/cmd/cmd.go:53","message":"🟢 Service is fully started and running. Waiting for signals..."}
{"level":"info","service":"billing-service","addr":":50051","time":"2026-04-23T10:35:47+05:30","caller":"C:/billing-service/cmd/cmd.go:38","message":"Starting gRPC server"}
{"level":"info","port":"8081","time":"2026-04-23T10:35:47+05:30","caller":"C:/billing-service/cmd/cmd.go:47","message":"Starting HTTP server"}
{"level":"info","time":"2026-04-23T10:48:58+05:30","caller":"C:/billing-service/cmd/cmd.go:60","message":"🛑 Received shutdown signal. Starting graceful shutdown..."}
{"level":"info","time":"2026-04-23T10:48:58+05:30","caller":"C:/billing-service/cmd/cmd.go:91","message":"❌ Service is gracefully stopping"}
{"level":"info","time":"2026-04-23T10:48:58+05:30","caller":"C:/billing-service/cmd/cmd.go:99","message":"HTTP server stopped gracefully"}
{"level":"info","time":"2026-04-23T10:48:58+05:30","caller":"C:/billing-service/cmd/cmd.go:110","message":"gRPC server stopped gracefully"}
{"level":"info","time":"2026-04-23T10:49:03+05:30","caller":"C:/billing-service/internal/app/app.go:28","message":"Starting billing service..."}
{"level":"info","time":"2026-04-23T10:49:03+05:30","caller":"C:/billing-service/cmd/cmd.go:53","message":"🟢 Service is fully started and running. Waiting for signals..."}
{"level":"info","service":"billing-service","addr":":50051","time":"2026-04-23T10:49:03+05:30","caller":"C:/billing-service/cmd/cmd.go:38","message":"Starting gRPC server"}
{"level":"info","port":"8081","time":"2026-04-23T10:49:03+05:30","caller":"C:/billing-service/cmd/cmd.go:47","message":"Starting HTTP server"}
{"level":"info","time":"2026-04-23T10:49:04+05:30","caller":"C:/billing-service/cmd/cmd.go:60","message":"🛑 Received shutdown signal. Starting graceful shutdown..."}
{"level":"info","time":"2026-04-23T10:49:04+05:30","caller":"C:/billing-service/cmd/cmd.go:91","message":"❌ Service is gracefully stopping"}
{"level":"info","time":"2026-04-23T10:49:04+05:30","caller":"C:/billing-service/cmd/cmd.go:99","message":"HTTP server stopped gracefully"}
{"level":"info","time":"2026-04-23T10:49:04+05:30","caller":"C:/billing-service/cmd/cmd.go:110","message":"gRPC server stopped gracefully"}
{"level":"info","time":"2026-04-23T10:49:28+05:30","caller":"C:/billing-service/internal/app/app.go:28","message":"Starting billing service..."}
{"level":"info","time":"2026-04-23T10:49:29+05:30","caller":"C:/billing-service/cmd/cmd.go:53","message":"🟢 Service is fully started and running. Waiting for signals..."}
{"level":"info","port":"8081","time":"2026-04-23T10:49:29+05:30","caller":"C:/billing-service/cmd/cmd.go:47","message":"Starting HTTP server"}
{"level":"info","service":"billing-service","addr":":50051","time":"2026-04-23T10:49:29+05:30","caller":"C:/billing-service/cmd/cmd.go:38","message":"Starting gRPC server"}
{"level":"info","time":"2026-04-23T11:00:47+05:30","caller":"C:/billing-service/cmd/cmd.go:60","message":"🛑 Received shutdown signal. Starting graceful shutdown..."}
{"level":"info","time":"2026-04-23T11:00:47+05:30","caller":"C:/billing-service/cmd/cmd.go:91","message":"❌ Service is gracefully stopping"}
{"level":"info","time":"2026-04-23T11:00:47+05:30","caller":"C:/billing-service/cmd/cmd.go:99","message":"HTTP server stopped gracefully"}
{"level":"info","time":"2026-04-23T11:00:47+05:30","caller":"C:/billing-service/cmd/cmd.go:110","message":"gRPC server stopped gracefully"}
{"level":"info","time":"2026-04-23T11:01:14+05:30","caller":"C:/billing-service/internal/app/app.go:28","message":"Starting billing service..."}
{"level":"info","time":"2026-04-23T11:01:14+05:30","caller":"C:/billing-service/cmd/cmd.go:53","message":"🟢 Service is fully started and running. Waiting for signals..."}
{"level":"info","service":"billing-service","addr":":50051","time":"2026-04-23T11:01:14+05:30","caller":"C:/billing-service/cmd/cmd.go:38","message":"Starting gRPC server"}
{"level":"info","port":"8081","time":"2026-04-23T11:01:14+05:30","caller":"C:/billing-service/cmd/cmd.go:47","message":"Starting HTTP server"}
{"level":"info","time":"2026-04-23T11:01:57+05:30","caller":"C:/billing-service/cmd/cmd.go:60","message":"🛑 Received shutdown signal. Starting graceful shutdown..."}
{"level":"info","time":"2026-04-23T11:01:57+05:30","caller":"C:/billing-service/cmd/cmd.go:91","message":"❌ Service is gracefully stopping"}
{"level":"info","time":"2026-04-23T11:01:57+05:30","caller":"C:/billing-service/cmd/cmd.go:99","message":"HTTP server stopped gracefully"}
{"level":"info","time":"2026-04-23T11:01:57+05:30","caller":"C:/billing-service/cmd/cmd.go:110","message":"gRPC server stopped gracefully"}
{"level":"info","time":"2026-04-23T11:02:03+05:30","caller":"C:/billing-service/internal/app/app.go:28","message":"Starting billing service..."}
{"level":"info","time":"2026-04-23T11:02:03+05:30","caller":"C:/billing-service/cmd/cmd.go:53","message":"🟢 Service is fully started and running. Waiting for signals..."}
{"level":"info","port":"8081","time":"2026-04-23T11:02:03+05:30","caller":"C:/billing-service/cmd/cmd.go:47","message":"Starting HTTP server"}
{"level":"info","service":"billing-service","addr":":50051","time":"2026-04-23T11:02:03+05:30","caller":"C:/billing-service/cmd/cmd.go:38","message":"Starting gRPC server"}
{"level":"info","time":"2026-04-23T11:03:47+05:30","caller":"C:/billing-service/cmd/cmd.go:60","message":"🛑 Received shutdown signal. Starting graceful shutdown..."}
{"level":"info","time":"2026-04-23T11:03:47+05:30","caller":"C:/billing-service/cmd/cmd.go:91","message":"❌ Service is gracefully stopping"}
{"level":"info","time":"2026-04-23T11:03:47+05:30","caller":"C:/billing-service/cmd/cmd.go:99","message":"HTTP server stopped gracefully"}
{"level":"info","time":"2026-04-23T11:03:47+05:30","caller":"C:/billing-service/cmd/cmd.go:110","message":"gRPC server stopped gracefully"}
{"level":"info","time":"2026-04-23T11:04:00+05:30","caller":"C:/billing-service/internal/app/app.go:28","message":"Starting billing service..."}
{"level":"info","port":"8081","time":"2026-04-23T11:04:00+05:30","caller":"C:/billing-service/cmd/cmd.go:47","message":"Starting HTTP server"}
{"level":"info","service":"billing-service","addr":":50051","time":"2026-04-23T11:04:00+05:30","caller":"C:/billing-service/cmd/cmd.go:38","message":"Starting gRPC server"}
{"level":"info","time":"2026-04-23T11:04:00+05:30","caller":"C:/billing-service/cmd/cmd.go:53","message":"🟢 Service is fully started and running. Waiting for signals..."}
{"level":"error","error":"invalid metadata variables: invalid workspace id: invalid UUID length: 0","time":"2026-04-23T11:04:09+05:30","caller":"C:/billing-service/internal/handlers/webhook.go:41","message":"❌ Failed to parse billing event"}
{"level":"info","time":"2026-04-23T19:12:06+05:30","caller":"C:/billing-service/cmd/cmd.go:60","message":"🛑 Received shutdown signal. Starting graceful shutdown..."}
{"level":"info","time":"2026-04-23T19:12:06+05:30","caller":"C:/billing-service/cmd/cmd.go:91","message":"❌ Service is gracefully stopping"}
{"level":"info","time":"2026-04-23T19:12:06+05:30","caller":"C:/billing-service/cmd/cmd.go:99","message":"HTTP server stopped gracefully"}
{"level":"info","time":"2026-04-23T19:12:06+05:30","caller":"C:/billing-service/cmd/cmd.go:110","message":"gRPC server stopped gracefully"}
{"level":"info","time":"2026-04-23T19:12:16+05:30","caller":"C:/billing-service/internal/app/app.go:28","message":"Starting billing service..."}
{"level":"info","time":"2026-04-23T19:12:16+05:30","caller":"C:/billing-service/cmd/cmd.go:53","message":"🟢 Service is fully started and running. Waiting for signals..."}
{"level":"info","port":"8081","time":"2026-04-23T19:12:16+05:30","caller":"C:/billing-service/cmd/cmd.go:47","message":"Starting HTTP server"}
{"level":"info","service":"billing-service","addr":":50051","time":"2026-04-23T19:12:16+05:30","caller":"C:/billing-service/cmd/cmd.go:38","message":"Starting gRPC server"}
{"level":"info","time":"2026-04-23T19:26:23+05:30","caller":"C:/billing-service/cmd/cmd.go:60","message":"🛑 Received shutdown signal. Starting graceful shutdown..."}
{"level":"info","time":"2026-04-23T19:26:23+05:30","caller":"C:/billing-service/cmd/cmd.go:91","message":"❌ Service is gracefully stopping"}
{"level":"info","time":"2026-04-23T19:26:23+05:30","caller":"C:/billing-service/cmd/cmd.go:99","message":"HTTP server stopped gracefully"}
{"level":"info","time":"2026-04-23T19:26:23+05:30","caller":"C:/billing-service/cmd/cmd.go:110","message":"gRPC server stopped gracefully"}
{"level":"info","time":"2026-04-23T19:26:34+05:30","caller":"C:/billing-service/internal/app/app.go:28","message":"Starting billing service..."}
{"level":"info","time":"2026-04-23T19:26:34+05:30","caller":"C:/billing-service/cmd/cmd.go:53","message":"🟢 Service is fully started and running. Waiting for signals..."}
{"level":"info","service":"billing-service","addr":":50051","time":"2026-04-23T19:26:34+05:30","caller":"C:/billing-service/cmd/cmd.go:38","message":"Starting gRPC server"}
{"level":"info","port":"8081","time":"2026-04-23T19:26:34+05:30","caller":"C:/billing-service/cmd/cmd.go:47","message":"Starting HTTP server"}
{"level":"info","workspace_id":"2404e6ad-e945-4b39-8703-27d57687bd78","channel":"email","time":"2026-04-23T19:49:24+05:30","caller":"C:/billing-service/internal/handlers/grpc.go:51","message":"gRPC: CheckLimit requested"}
{"level":"info","time":"2026-04-23T22:05:05+05:30","caller":"C:/billing-service/cmd/cmd.go:60","message":"🛑 Received shutdown signal. Starting graceful shutdown..."}
{"level":"info","time":"2026-04-23T22:05:05+05:30","caller":"C:/billing-service/cmd/cmd.go:91","message":"❌ Service is gracefully stopping"}
{"level":"info","time":"2026-04-23T22:05:05+05:30","caller":"C:/billing-service/cmd/cmd.go:99","message":"HTTP server stopped gracefully"}
{"level":"info","time":"2026-04-23T22:05:05+05:30","caller":"C:/billing-service/cmd/cmd.go:110","message":"gRPC server stopped gracefully"}
{"level":"info","time":"2026-04-25T23:03:33+05:30","caller":"C:/billing-service/internal/app/app.go:33","message":"Starting billing service..."}
{"level":"info","time":"2026-04-25T23:03:33+05:30","caller":"C:/billing-service/cmd/cmd.go:58","message":"🟢 Service is fully started and running. Waiting for signals..."}
{"level":"info","service":"billing-service","addr":":50051","time":"2026-04-25T23:03:33+05:30","caller":"C:/billing-service/cmd/cmd.go:38","message":"Starting gRPC server"}
{"level":"info","time":"2026-04-25T23:03:33+05:30","caller":"C:/billing-service/cmd/cmd.go:54","message":"Starting subscription expiry scheduler"}
{"level":"info","port":"8081","time":"2026-04-25T23:03:33+05:30","caller":"C:/billing-service/cmd/cmd.go:47","message":"Starting HTTP server"}
{"level":"info","interval":3600000,"time":"2026-04-25T23:03:33+05:30","caller":"C:/billing-service/internal/cron/schdeuler.go:77","message":"scheduler started"}
{"level":"info","workspace_id":"2404e6ad-e945-4b39-8703-27d57687bd78","channel":"email","time":"2026-04-25T23:05:46+05:30","caller":"C:/billing-service/internal/handlers/grpc.go:51","message":"gRPC: CheckLimit requested"}
{"level":"info","time":"2026-04-25T23:13:35+05:30","caller":"C:/billing-service/internal/cron/schdeuler.go:84","message":"scheduler stopped"}
{"level":"info","time":"2026-04-25T23:13:35+05:30","caller":"C:/billing-service/cmd/cmd.go:65","message":"🛑 Received shutdown signal. Starting graceful shutdown..."}
{"level":"info","time":"2026-04-25T23:13:35+05:30","caller":"C:/billing-service/cmd/cmd.go:96","message":"❌ Service is gracefully stopping"}
{"level":"info","time":"2026-04-25T23:13:35+05:30","caller":"C:/billing-service/cmd/cmd.go:104","message":"HTTP server stopped gracefully"}
{"level":"info","time":"2026-04-25T23:13:35+05:30","caller":"C:/billing-service/cmd/cmd.go:115","message":"gRPC server stopped gracefully"}
{"level":"info","time":"2026-04-25T23:13:44+05:30","caller":"C:/billing-service/internal/app/app.go:33","message":"Starting billing service..."}
{"level":"info","service":"billing-service","addr":":50051","time":"2026-04-25T23:13:44+05:30","caller":"C:/billing-service/cmd/cmd.go:38","message":"Starting gRPC server"}
{"level":"info","port":"8081","time":"2026-04-25T23:13:44+05:30","caller":"C:/billing-service/cmd/cmd.go:47","message":"Starting HTTP server"}
{"level":"info","time":"2026-04-25T23:13:44+05:30","caller":"C:/billing-service/cmd/cmd.go:58","message":"🟢 Service is fully started and running. Waiting for signals..."}
{"level":"info","time":"2026-04-25T23:13:44+05:30","caller":"C:/billing-service/cmd/cmd.go:54","message":"Starting subscription expiry scheduler"}
{"level":"info","interval":3600000,"time":"2026-04-25T23:13:44+05:30","caller":"C:/billing-service/internal/cron/schdeuler.go:79","message":"scheduler started"}
{"level":"info","workspace_id":"2404e6ad-e945-4b39-8703-27d57687bd78","channel":"email","time":"2026-04-25T23:15:42+05:30","caller":"C:/billing-service/internal/handlers/grpc.go:51","message":"gRPC: CheckLimit requested"}
{"level":"info","workspace_id":"2404e6ad-e945-4b39-8703-27d57687bd78","channel":"email","time":"2026-04-25T23:29:54+05:30","caller":"C:/billing-service/internal/handlers/grpc.go:51","message":"gRPC: CheckLimit requested"}
{"level":"info","time":"2026-04-25T23:43:01+05:30","caller":"C:/billing-service/internal/cron/schdeuler.go:86","message":"scheduler stopped"}
{"level":"info","time":"2026-04-25T23:43:01+05:30","caller":"C:/billing-service/cmd/cmd.go:65","message":"🛑 Received shutdown signal. Starting graceful shutdown..."}
{"level":"info","time":"2026-04-25T23:43:01+05:30","caller":"C:/billing-service/cmd/cmd.go:96","message":"❌ Service is gracefully stopping"}
{"level":"info","time":"2026-04-25T23:43:01+05:30","caller":"C:/billing-service/cmd/cmd.go:104","message":"HTTP server stopped gracefully"}
{"level":"info","time":"2026-04-25T23:43:01+05:30","caller":"C:/billing-service/cmd/cmd.go:115","message":"gRPC server stopped gracefully"}
{"level":"info","time":"2026-04-25T23:43:25+05:30","caller":"C:/billing-service/internal/app/app.go:33","message":"Starting billing service..."}
{"level":"info","time":"2026-04-25T23:43:25+05:30","caller":"C:/billing-service/cmd/cmd.go:54","message":"Starting subscription expiry scheduler"}
{"level":"info","time":"2026-04-25T23:43:25+05:30","caller":"C:/billing-service/cmd/cmd.go:58","message":"🟢 Service is fully started and running. Waiting for signals..."}
{"level":"info","service":"billing-service","addr":":50051","time":"2026-04-25T23:43:25+05:30","caller":"C:/billing-service/cmd/cmd.go:38","message":"Starting gRPC server"}
{"level":"info","port":"8081","time":"2026-04-25T23:43:25+05:30","caller":"C:/billing-service/cmd/cmd.go:47","message":"Starting HTTP server"}
{"level":"info","interval":3600000,"time":"2026-04-25T23:43:25+05:30","caller":"C:/billing-service/internal/cron/schdeuler.go:79","message":"scheduler started"}
{"level":"info","workspace_id":"2404e6ad-e945-4b39-8703-27d57687bd78","channel":"email","time":"2026-04-25T23:46:09+05:30","caller":"C:/billing-service/internal/handlers/grpc.go:51","message":"gRPC: CheckLimit requested"}
{"level":"info","workspace_id":"2404e6ad-e945-4b39-8703-27d57687bd78","channel":"email","time":"2026-04-25T23:46:18+05:30","caller":"C:/billing-service/internal/handlers/grpc.go:51","message":"gRPC: CheckLimit requested"}
{"level":"info","workspace_id":"2404e6ad-e945-4b39-8703-27d57687bd78","channel":"email","provider":"ses","success":true,"time":"2026-04-25T23:46:19+05:30","caller":"C:/billing-service/internal/handlers/grpc.go:94","message":"gRPC: RecordUsage requested"}
{"level":"info","time":"2026-04-25T23:56:36+05:30","caller":"C:/billing-service/cmd/cmd.go:65","message":"🛑 Received shutdown signal. Starting graceful shutdown..."}
{"level":"info","time":"2026-04-25T23:56:36+05:30","caller":"C:/billing-service/internal/cron/schdeuler.go:86","message":"scheduler stopped"}
{"level":"info","time":"2026-04-25T23:56:36+05:30","caller":"C:/billing-service/cmd/cmd.go:96","message":"❌ Service is gracefully stopping"}
{"level":"info","time":"2026-04-25T23:56:36+05:30","caller":"C:/billing-service/cmd/cmd.go:104","message":"HTTP server stopped gracefully"}
{"level":"info","time":"2026-04-25T23:56:36+05:30","caller":"C:/billing-service/cmd/cmd.go:115","message":"gRPC server stopped gracefully"}
{"level":"info","time":"2026-04-25T23:56:47+05:30","caller":"C:/billing-service/internal/app/app.go:33","message":"Starting billing service..."}
{"level":"info","time":"2026-04-25T23:56:47+05:30","caller":"C:/billing-service/cmd/cmd.go:58","message":"🟢 Service is fully started and running. Waiting for signals..."}
{"level":"info","service":"billing-service","addr":":50051","time":"2026-04-25T23:56:47+05:30","caller":"C:/billing-service/cmd/cmd.go:38","message":"Starting gRPC server"}
{"level":"info","time":"2026-04-25T23:56:47+05:30","caller":"C:/billing-service/cmd/cmd.go:54","message":"Starting subscription expiry scheduler"}
{"level":"info","port":"8081","time":"2026-04-25T23:56:47+05:30","caller":"C:/billing-service/cmd/cmd.go:47","message":"Starting HTTP server"}
{"level":"info","interval":3600000,"time":"2026-04-25T23:56:47+05:30","caller":"C:/billing-service/internal/cron/schdeuler.go:79","message":"scheduler started"}
{"level":"info","workspace_id":"2404e6ad-e945-4b39-8703-27d57687bd78","channel":"email","time":"2026-04-25T23:57:17+05:30","caller":"C:/billing-service/internal/handlers/grpc.go:51","message":"gRPC: CheckLimit requested"}
{"level":"info","time":"2026-04-26T00:06:06+05:30","caller":"C:/billing-service/internal/cron/schdeuler.go:86","message":"scheduler stopped"}
{"level":"info","time":"2026-04-26T00:06:06+05:30","caller":"C:/billing-service/cmd/cmd.go:65","message":"🛑 Received shutdown signal. Starting graceful shutdown..."}
{"level":"info","time":"2026-04-26T00:06:06+05:30","caller":"C:/billing-service/cmd/cmd.go:96","message":"❌ Service is gracefully stopping"}
{"level":"info","time":"2026-04-26T00:06:06+05:30","caller":"C:/billing-service/cmd/cmd.go:104","message":"HTTP server stopped gracefully"}
{"level":"info","time":"2026-04-26T00:06:06+05:30","caller":"C:/billing-service/cmd/cmd.go:115","message":"gRPC server stopped gracefully"}
{"level":"info","time":"2026-04-26T00:06:18+05:30","caller":"C:/billing-service/internal/app/app.go:33","message":"Starting billing service..."}
{"level":"info","service":"billing-service","addr":":50051","time":"2026-04-26T00:06:18+05:30","caller":"C:/billing-service/cmd/cmd.go:38","message":"Starting gRPC server"}
{"level":"info","port":"8081","time":"2026-04-26T00:06:18+05:30","caller":"C:/billing-service/cmd/cmd.go:47","message":"Starting HTTP server"}
{"level":"info","time":"2026-04-26T00:06:18+05:30","caller":"C:/billing-service/cmd/cmd.go:54","message":"Starting subscription expiry scheduler"}
{"level":"info","time":"2026-04-26T00:06:18+05:30","caller":"C:/billing-service/cmd/cmd.go:58","message":"🟢 Service is fully started and running. Waiting for signals..."}
{"level":"info","interval":3600000,"time":"2026-04-26T00:06:18+05:30","caller":"C:/billing-service/internal/cron/schdeuler.go:79","message":"scheduler started"}
{"level":"info","workspace_id":"2404e6ad-e945-4b39-8703-27d57687bd78","channel":"email","time":"2026-04-26T00:22:48+05:30","caller":"C:/billing-service/internal/handlers/grpc.go:51","message":"gRPC: CheckLimit requested"}
{"level":"info","workspace_id":"2404e6ad-e945-4b39-8703-27d57687bd78","channel":"sms","time":"2026-04-26T00:23:09+05:30","caller":"C:/billing-service/internal/handlers/grpc.go:51","message":"gRPC: CheckLimit requested"}
{"level":"info","workspace_id":"2404e6ad-e945-4b39-8703-27d57687bd78","channel":"email","time":"2026-04-26T00:23:09+05:30","caller":"C:/billing-service/internal/handlers/grpc.go:51","message":"gRPC: CheckLimit requested"}
{"level":"info","workspace_id":"2404e6ad-e945-4b39-8703-27d57687bd78","channel":"sms","time":"2026-04-26T00:23:15+05:30","caller":"C:/billing-service/internal/handlers/grpc.go:51","message":"gRPC: CheckLimit requested"}
{"level":"info","workspace_id":"2404e6ad-e945-4b39-8703-27d57687bd78","channel":"email","time":"2026-04-26T00:23:15+05:30","caller":"C:/billing-service/internal/handlers/grpc.go:51","message":"gRPC: CheckLimit requested"}
{"level":"info","workspace_id":"2404e6ad-e945-4b39-8703-27d57687bd78","channel":"sms","provider":"twilio","success":false,"time":"2026-04-26T00:23:15+05:30","caller":"C:/billing-service/internal/handlers/grpc.go:94","message":"gRPC: RecordUsage requested"}
{"level":"info","workspace_id":"2404e6ad-e945-4b39-8703-27d57687bd78","channel":"email","provider":"ses","success":true,"time":"2026-04-26T00:23:16+05:30","caller":"C:/billing-service/internal/handlers/grpc.go:94","message":"gRPC: RecordUsage requested"}
{"level":"info","workspace_id":"2404e6ad-e945-4b39-8703-27d57687bd78","channel":"sms","provider":"twilio","success":true,"time":"2026-04-26T00:24:40+05:30","caller":"C:/billing-service/internal/handlers/grpc.go:94","message":"gRPC: RecordUsage requested"}
{"level":"info","time":"2026-04-26T00:26:20+05:30","caller":"C:/billing-service/internal/cron/schdeuler.go:86","message":"scheduler stopped"}
{"level":"info","time":"2026-04-26T00:26:20+05:30","caller":"C:/billing-service/cmd/cmd.go:65","message":"🛑 Received shutdown signal. Starting graceful shutdown..."}
{"level":"info","time":"2026-04-26T00:26:20+05:30","caller":"C:/billing-service/cmd/cmd.go:96","message":"❌ Service is gracefully stopping"}
{"level":"info","time":"2026-04-26T00:26:20+05:30","caller":"C:/billing-service/cmd/cmd.go:104","message":"HTTP server stopped gracefully"}
{"level":"info","time":"2026-04-26T00:26:20+05:30","caller":"C:/billing-service/cmd/cmd.go:115","message":"gRPC server stopped gracefully"}
{"level":"info","time":"2026-04-26T23:52:26+05:30","caller":"C:/billing-service/internal/app/app.go:33","message":"Starting billing service..."}
{"level":"info","time":"2026-04-26T23:52:27+05:30","caller":"C:/billing-service/cmd/cmd.go:58","message":"🟢 Service is fully started and running. Waiting for signals..."}
{"level":"info","time":"2026-04-26T23:52:27+05:30","caller":"C:/billing-service/cmd/cmd.go:54","message":"Starting subscription expiry scheduler"}
{"level":"info","service":"billing-service","addr":":50051","time":"2026-04-26T23:52:27+05:30","caller":"C:/billing-service/cmd/cmd.go:38","message":"Starting gRPC server"}
{"level":"info","port":"8081","time":"2026-04-26T23:52:27+05:30","caller":"C:/billing-service/cmd/cmd.go:47","message":"Starting HTTP server"}
{"level":"info","interval":3600000,"time":"2026-04-26T23:52:27+05:30","caller":"C:/billing-service/internal/cron/schdeuler.go:79","message":"scheduler started"}
{"level":"info","workspace_id":"c40b4cb2-ebbd-4456-8b66-4038e180bc8b","plan_id":"Free","payment_provider":"system","time":"2026-04-26T23:52:35+05:30","caller":"C:/billing-service/internal/handlers/grpc.go:119","message":"gRPC: CreateSubscription request received"}
{"level":"info","workspace_id":"c40b4cb2-ebbd-4456-8b66-4038e180bc8b","plan_id":"c4071957-d569-47b0-a778-31ffd9f38af4","payment_provider":"system","time":"2026-04-26T23:52:35+05:30","caller":"C:/billing-service/internal/handlers/grpc.go:152","message":"gRPC: calling Subscribe"}
{"level":"error","error":"invalid input: Key (workspace_id)=(c40b4cb2-ebbd-4456-8b66-4038e180bc8b) is not present in table \"workspaces\".","workspace_id":"c40b4cb2-ebbd-4456-8b66-4038e180bc8b","time":"2026-04-26T23:52:35+05:30","caller":"C:/billing-service/internal/handlers/grpc.go:162","message":"gRPC: Subscribe failed"}
{"level":"info","workspace_id":"354e8e72-6f0b-4512-ae91-385894de8d80","plan_id":"Free","payment_provider":"system","time":"2026-04-27T00:04:15+05:30","caller":"C:/billing-service/internal/handlers/grpc.go:119","message":"gRPC: CreateSubscription request received"}
{"level":"info","workspace_id":"354e8e72-6f0b-4512-ae91-385894de8d80","plan_id":"c4071957-d569-47b0-a778-31ffd9f38af4","payment_provider":"system","time":"2026-04-27T00:04:16+05:30","caller":"C:/billing-service/internal/handlers/grpc.go:152","message":"gRPC: calling Subscribe"}
{"level":"info","subscription_id":"072fe060-d9cf-46e1-a905-e2c373dc0699","workspace_id":"354e8e72-6f0b-4512-ae91-385894de8d80","time":"2026-04-27T00:04:16+05:30","caller":"C:/billing-service/internal/handlers/grpc.go:169","message":"gRPC: CreateSubscription succeeded"}
{"level":"info","workspace_id":"0a6344fa-b758-467b-ada6-3b7d16a361cd","plan_id":"Free","payment_provider":"system","time":"2026-04-27T07:54:13+05:30","caller":"C:/billing-service/internal/handlers/grpc.go:119","message":"gRPC: CreateSubscription request received"}
{"level":"info","workspace_id":"0a6344fa-b758-467b-ada6-3b7d16a361cd","plan_id":"c4071957-d569-47b0-a778-31ffd9f38af4","payment_provider":"system","time":"2026-04-27T07:54:13+05:30","caller":"C:/billing-service/internal/handlers/grpc.go:152","message":"gRPC: calling Subscribe"}
{"level":"info","subscription_id":"2e181bd7-7e1d-47b1-a6c4-8a5398c06465","workspace_id":"0a6344fa-b758-467b-ada6-3b7d16a361cd","time":"2026-04-27T07:54:13+05:30","caller":"C:/billing-service/internal/handlers/grpc.go:169","message":"gRPC: CreateSubscription succeeded"}
{"level":"info","time":"2026-04-27T11:57:29+05:30","caller":"C:/billing-service/cmd/cmd.go:65","message":"🛑 Received shutdown signal. Starting graceful shutdown..."}
{"level":"info","time":"2026-04-27T11:57:29+05:30","caller":"C:/billing-service/internal/cron/schdeuler.go:86","message":"scheduler stopped"}
{"level":"info","time":"2026-04-27T11:57:29+05:30","caller":"C:/billing-service/cmd/cmd.go:96","message":"❌ Service is gracefully stopping"}
{"level":"info","time":"2026-04-27T11:57:29+05:30","caller":"C:/billing-service/cmd/cmd.go:104","message":"HTTP server stopped gracefully"}
{"level":"info","time":"2026-04-27T11:57:29+05:30","caller":"C:/billing-service/cmd/cmd.go:115","message":"gRPC server stopped gracefully"}
{"level":"info","time":"2026-04-27T12:05:26+05:30","caller":"C:/billing-service/internal/app/app.go:33","message":"Starting billing service..."}
{"level":"info","time":"2026-04-27T12:05:26+05:30","caller":"C:/billing-service/cmd/cmd.go:58","message":"🟢 Service is fully started and running. Waiting for signals..."}
{"level":"info","port":"8081","time":"2026-04-27T12:05:26+05:30","caller":"C:/billing-service/cmd/cmd.go:47","message":"Starting HTTP server"}
{"level":"info","time":"2026-04-27T12:05:26+05:30","caller":"C:/billing-service/cmd/cmd.go:54","message":"Starting subscription expiry scheduler"}
{"level":"info","service":"billing-service","addr":":50051","time":"2026-04-27T12:05:26+05:30","caller":"C:/billing-service/cmd/cmd.go:38","message":"Starting gRPC server"}
{"level":"info","interval":3600000,"time":"2026-04-27T12:05:26+05:30","caller":"C:/billing-service/internal/cron/schdeuler.go:79","message":"scheduler started"}
{"level":"info","time":"2026-04-27T15:37:01+05:30","caller":"C:/billing-service/internal/cron/schdeuler.go:86","message":"scheduler stopped"}
{"level":"info","time":"2026-04-27T15:37:01+05:30","caller":"C:/billing-service/cmd/cmd.go:65","message":"🛑 Received shutdown signal. Starting graceful shutdown..."}
{"level":"info","time":"2026-04-27T15:37:01+05:30","caller":"C:/billing-service/cmd/cmd.go:96","message":"❌ Service is gracefully stopping"}
{"level":"info","time":"2026-04-27T15:37:01+05:30","caller":"C:/billing-service/cmd/cmd.go:104","message":"HTTP server stopped gracefully"}
{"level":"info","time":"2026-04-27T15:37:01+05:30","caller":"C:/billing-service/cmd/cmd.go:115","message":"gRPC server stopped gracefully"}
{"level":"info","time":"2026-04-27T15:37:11+05:30","caller":"C:/billing-service/internal/app/app.go:33","message":"Starting billing service..."}
{"level":"info","time":"2026-04-27T15:37:11+05:30","caller":"C:/billing-service/cmd/cmd.go:56","message":"🟢 Service is fully started and running. Waiting for signals..."}
{"level":"info","port":"8081","time":"2026-04-27T15:37:11+05:30","caller":"C:/billing-service/cmd/cmd.go:45","message":"Starting HTTP server"}
{"level":"info","time":"2026-04-27T15:37:11+05:30","caller":"C:/billing-service/cmd/cmd.go:52","message":"Starting subscription expiry scheduler"}
{"level":"info","service":"billing-service","addr":":50051","time":"2026-04-27T15:37:11+05:30","caller":"C:/billing-service/cmd/cmd.go:36","message":"Starting gRPC server"}
{"level":"info","interval":3600000,"time":"2026-04-27T15:37:11+05:30","caller":"C:/billing-service/internal/cron/schdeuler.go:79","message":"scheduler started"}
{"level":"info","time":"2026-04-27T15:38:52+05:30","caller":"C:/billing-service/internal/cron/schdeuler.go:86","message":"scheduler stopped"}
{"level":"info","time":"2026-04-27T15:38:52+05:30","caller":"C:/billing-service/cmd/cmd.go:63","message":"🛑 Received shutdown signal. Starting graceful shutdown..."}
{"level":"info","time":"2026-04-27T15:38:52+05:30","caller":"C:/billing-service/cmd/cmd.go:94","message":"❌ Service is gracefully stopping"}
{"level":"info","time":"2026-04-27T15:38:52+05:30","caller":"C:/billing-service/cmd/cmd.go:102","message":"HTTP server stopped gracefully"}
{"level":"info","time":"2026-04-27T15:38:52+05:30","caller":"C:/billing-service/cmd/cmd.go:112","message":"gRPC server stopped gracefully"}
{"level":"info","time":"2026-04-27T15:39:01+05:30","caller":"C:/billing-service/internal/app/app.go:33","message":"Starting billing service..."}
{"level":"info","service":"billing-service","addr":":50051","time":"2026-04-27T15:39:01+05:30","caller":"C:/billing-service/cmd/cmd.go:36","message":"Starting gRPC server"}
{"level":"info","time":"2026-04-27T15:39:01+05:30","caller":"C:/billing-service/cmd/cmd.go:56","message":"🟢 Service is fully started and running. Waiting for signals..."}
{"level":"info","time":"2026-04-27T15:39:01+05:30","caller":"C:/billing-service/cmd/cmd.go:52","message":"Starting subscription expiry scheduler"}
{"level":"info","port":"8081","time":"2026-04-27T15:39:01+05:30","caller":"C:/billing-service/cmd/cmd.go:45","message":"Starting HTTP server"}
{"level":"info","interval":3600000,"time":"2026-04-27T15:39:01+05:30","caller":"C:/billing-service/internal/cron/schdeuler.go:79","message":"scheduler started"}
{"level":"info","workspace_id":"0a6344fa-b758-467b-ada6-3b7d16a361cd","time":"2026-04-27T15:39:06+05:30","caller":"C:/billing-service/internal/handlers/grpc.go:214","message":"gRPC: GetSubscription requested"}
{"level":"info","workspace_id":"0a6344fa-b758-467b-ada6-3b7d16a361cd","environment_id":"394a1e13-6f4e-46ec-9517-a851172485a5","time":"2026-04-27T15:39:06+05:30","caller":"C:/billing-service/internal/handlers/grpc.go:247","message":"gRPC: GetUsage requested"}
{"level":"info","workspace_id":"0a6344fa-b758-467b-ada6-3b7d16a361cd","time":"2026-04-27T15:39:06+05:30","caller":"C:/billing-service/internal/handlers/grpc.go:214","message":"gRPC: GetSubscription requested"}
{"level":"info","workspace_id":"0a6344fa-b758-467b-ada6-3b7d16a361cd","environment_id":"394a1e13-6f4e-46ec-9517-a851172485a5","time":"2026-04-27T15:39:07+05:30","caller":"C:/billing-service/internal/handlers/grpc.go:247","message":"gRPC: GetUsage requested"}
{"level":"info","workspace_id":"0a6344fa-b758-467b-ada6-3b7d16a361cd","environment_id":"394a1e13-6f4e-46ec-9517-a851172485a5","time":"2026-04-27T15:39:09+05:30","caller":"C:/billing-service/internal/handlers/grpc.go:247","message":"gRPC: GetUsage requested"}
{"level":"info","workspace_id":"0a6344fa-b758-467b-ada6-3b7d16a361cd","environment_id":"394a1e13-6f4e-46ec-9517-a851172485a5","time":"2026-04-27T15:40:30+05:30","caller":"C:/billing-service/internal/handlers/grpc.go:247","message":"gRPC: GetUsage requested"}
{"level":"info","workspace_id":"0a6344fa-b758-467b-ada6-3b7d16a361cd","time":"2026-04-27T15:40:30+05:30","caller":"C:/billing-service/internal/handlers/grpc.go:214","message":"gRPC: GetSubscription requested"}
{"level":"info","workspace_id":"0a6344fa-b758-467b-ada6-3b7d16a361cd","environment_id":"394a1e13-6f4e-46ec-9517-a851172485a5","time":"2026-04-27T15:40:50+05:30","caller":"C:/billing-service/internal/handlers/grpc.go:247","message":"gRPC: GetUsage requested"}
{"level":"info","workspace_id":"0a6344fa-b758-467b-ada6-3b7d16a361cd","time":"2026-04-27T15:40:50+05:30","caller":"C:/billing-service/internal/handlers/grpc.go:214","message":"gRPC: GetSubscription requested"}
{"level":"info","workspace_id":"0a6344fa-b758-467b-ada6-3b7d16a361cd","environment_id":"394a1e13-6f4e-46ec-9517-a851172485a5","time":"2026-04-27T15:41:06+05:30","caller":"C:/billing-service/internal/handlers/grpc.go:247","message":"gRPC: GetUsage requested"}
{"level":"info","workspace_id":"0a6344fa-b758-467b-ada6-3b7d16a361cd","time":"2026-04-27T15:41:06+05:30","caller":"C:/billing-service/internal/handlers/grpc.go:214","message":"gRPC: GetSubscription requested"}
{"level":"info","workspace_id":"0a6344fa-b758-467b-ada6-3b7d16a361cd","time":"2026-04-27T15:41:17+05:30","caller":"C:/billing-service/internal/handlers/grpc.go:214","message":"gRPC: GetSubscription requested"}
{"level":"info","workspace_id":"0a6344fa-b758-467b-ada6-3b7d16a361cd","environment_id":"394a1e13-6f4e-46ec-9517-a851172485a5","time":"2026-04-27T15:41:17+05:30","caller":"C:/billing-service/internal/handlers/grpc.go:247","message":"gRPC: GetUsage requested"}
{"level":"info","workspace_id":"0a6344fa-b758-467b-ada6-3b7d16a361cd","time":"2026-04-27T15:41:25+05:30","caller":"C:/billing-service/internal/handlers/grpc.go:214","message":"gRPC: GetSubscription requested"}
{"level":"info","workspace_id":"0a6344fa-b758-467b-ada6-3b7d16a361cd","environment_id":"394a1e13-6f4e-46ec-9517-a851172485a5","time":"2026-04-27T15:41:25+05:30","caller":"C:/billing-service/internal/handlers/grpc.go:247","message":"gRPC: GetUsage requested"}
{"level":"info","time":"2026-04-27T15:41:40+05:30","caller":"C:/billing-service/cmd/cmd.go:63","message":"🛑 Received shutdown signal. Starting graceful shutdown..."}
{"level":"info","time":"2026-04-27T15:41:40+05:30","caller":"C:/billing-service/internal/cron/schdeuler.go:86","message":"scheduler stopped"}
{"level":"info","time":"2026-04-27T15:41:40+05:30","caller":"C:/billing-service/cmd/cmd.go:94","message":"❌ Service is gracefully stopping"}
{"level":"info","time":"2026-04-27T15:41:40+05:30","caller":"C:/billing-service/cmd/cmd.go:102","message":"HTTP server stopped gracefully"}
{"level":"info","time":"2026-04-27T15:41:40+05:30","caller":"C:/billing-service/cmd/cmd.go:112","message":"gRPC server stopped gracefully"}
{"level":"info","time":"2026-04-27T15:41:44+05:30","caller":"C:/billing-service/internal/app/app.go:33","message":"Starting billing service..."}
{"level":"info","service":"billing-service","addr":":50051","time":"2026-04-27T15:41:44+05:30","caller":"C:/billing-service/cmd/cmd.go:36","message":"Starting gRPC server"}
{"level":"info","time":"2026-04-27T15:41:44+05:30","caller":"C:/billing-service/cmd/cmd.go:52","message":"Starting subscription expiry scheduler"}
{"level":"info","interval":3600000,"time":"2026-04-27T15:41:44+05:30","caller":"C:/billing-service/internal/cron/schdeuler.go:79","message":"scheduler started"}
{"level":"info","time":"2026-04-27T15:41:44+05:30","caller":"C:/billing-service/cmd/cmd.go:56","message":"🟢 Service is fully started and running. Waiting for signals..."}
{"level":"info","port":"8081","time":"2026-04-27T15:41:44+05:30","caller":"C:/billing-service/cmd/cmd.go:45","message":"Starting HTTP server"}
{"level":"info","workspace_id":"0a6344fa-b758-467b-ada6-3b7d16a361cd","time":"2026-04-27T15:41:50+05:30","caller":"C:/billing-service/internal/handlers/grpc.go:214","message":"gRPC: GetSubscription requested"}
{"level":"info","workspace_id":"0a6344fa-b758-467b-ada6-3b7d16a361cd","environment_id":"394a1e13-6f4e-46ec-9517-a851172485a5","time":"2026-04-27T15:41:50+05:30","caller":"C:/billing-service/internal/handlers/grpc.go:247","message":"gRPC: GetUsage requested"}
{"level":"info","workspace_id":"0a6344fa-b758-467b-ada6-3b7d16a361cd","time":"2026-04-27T15:48:44+05:30","caller":"C:/billing-service/internal/handlers/grpc.go:214","message":"gRPC: GetSubscription requested"}
{"level":"info","workspace_id":"0a6344fa-b758-467b-ada6-3b7d16a361cd","environment_id":"394a1e13-6f4e-46ec-9517-a851172485a5","time":"2026-04-27T15:49:10+05:30","caller":"C:/billing-service/internal/handlers/grpc.go:247","message":"gRPC: GetUsage requested"}
{"level":"info","workspace_id":"0a6344fa-b758-467b-ada6-3b7d16a361cd","time":"2026-04-27T15:49:10+05:30","caller":"C:/billing-service/internal/handlers/grpc.go:214","message":"gRPC: GetSubscription requested"}
{"level":"info","workspace_id":"0a6344fa-b758-467b-ada6-3b7d16a361cd","time":"2026-04-27T15:57:12+05:30","caller":"C:/billing-service/internal/handlers/grpc.go:214","message":"gRPC: GetSubscription requested"}
{"level":"info","workspace_id":"0a6344fa-b758-467b-ada6-3b7d16a361cd","environment_id":"394a1e13-6f4e-46ec-9517-a851172485a5","time":"2026-04-27T15:57:12+05:30","caller":"C:/billing-service/internal/handlers/grpc.go:247","message":"gRPC: GetUsage requested"}
{"level":"info","workspace_id":"0a6344fa-b758-467b-ada6-3b7d16a361cd","environment_id":"394a1e13-6f4e-46ec-9517-a851172485a5","time":"2026-04-27T15:57:31+05:30","caller":"C:/billing-service/internal/handlers/grpc.go:247","message":"gRPC: GetUsage requested"}
{"level":"info","workspace_id":"0a6344fa-b758-467b-ada6-3b7d16a361cd","time":"2026-04-27T15:57:31+05:30","caller":"C:/billing-service/internal/handlers/grpc.go:214","message":"gRPC: GetSubscription requested"}
{"level":"info","workspace_id":"0a6344fa-b758-467b-ada6-3b7d16a361cd","time":"2026-04-27T15:57:51+05:30","caller":"C:/billing-service/internal/handlers/grpc.go:214","message":"gRPC: GetSubscription requested"}
{"level":"info","workspace_id":"0a6344fa-b758-467b-ada6-3b7d16a361cd","environment_id":"394a1e13-6f4e-46ec-9517-a851172485a5","time":"2026-04-27T15:57:51+05:30","caller":"C:/billing-service/internal/handlers/grpc.go:247","message":"gRPC: GetUsage requested"}
{"level":"info","workspace_id":"0a6344fa-b758-467b-ada6-3b7d16a361cd","time":"2026-04-27T15:59:10+05:30","caller":"C:/billing-service/internal/handlers/grpc.go:214","message":"gRPC: GetSubscription requested"}
{"level":"info","workspace_id":"0a6344fa-b758-467b-ada6-3b7d16a361cd","environment_id":"394a1e13-6f4e-46ec-9517-a851172485a5","time":"2026-04-27T15:59:10+05:30","caller":"C:/billing-service/internal/handlers/grpc.go:247","message":"gRPC: GetUsage requested"}
{"level":"info","workspace_id":"0a6344fa-b758-467b-ada6-3b7d16a361cd","time":"2026-04-27T16:04:10+05:30","caller":"C:/billing-service/internal/handlers/grpc.go:214","message":"gRPC: GetSubscription requested"}
{"level":"info","workspace_id":"0a6344fa-b758-467b-ada6-3b7d16a361cd","time":"2026-04-27T16:19:44+05:30","caller":"C:/billing-service/internal/handlers/grpc.go:214","message":"gRPC: GetSubscription requested"}
{"level":"info","workspace_id":"0a6344fa-b758-467b-ada6-3b7d16a361cd","environment_id":"394a1e13-6f4e-46ec-9517-a851172485a5","time":"2026-04-27T16:19:44+05:30","caller":"C:/billing-service/internal/handlers/grpc.go:247","message":"gRPC: GetUsage requested"}
{"level":"info","workspace_id":"0a6344fa-b758-467b-ada6-3b7d16a361cd","time":"2026-04-27T16:23:02+05:30","caller":"C:/billing-service/internal/handlers/grpc.go:214","message":"gRPC: GetSubscription requested"}
{"level":"info","workspace_id":"0a6344fa-b758-467b-ada6-3b7d16a361cd","environment_id":"394a1e13-6f4e-46ec-9517-a851172485a5","time":"2026-04-27T16:23:02+05:30","caller":"C:/billing-service/internal/handlers/grpc.go:247","message":"gRPC: GetUsage requested"}
{"level":"info","workspace_id":"0a6344fa-b758-467b-ada6-3b7d16a361cd","time":"2026-04-27T16:23:15+05:30","caller":"C:/billing-service/internal/handlers/grpc.go:214","message":"gRPC: GetSubscription requested"}
{"level":"info","workspace_id":"0a6344fa-b758-467b-ada6-3b7d16a361cd","environment_id":"394a1e13-6f4e-46ec-9517-a851172485a5","time":"2026-04-27T16:23:15+05:30","caller":"C:/billing-service/internal/handlers/grpc.go:247","message":"gRPC: GetUsage requested"}
{"level":"info","workspace_id":"0a6344fa-b758-467b-ada6-3b7d16a361cd","time":"2026-04-27T16:23:18+05:30","caller":"C:/billing-service/internal/handlers/grpc.go:214","message":"gRPC: GetSubscription requested"}
{"level":"info","workspace_id":"0a6344fa-b758-467b-ada6-3b7d16a361cd","environment_id":"394a1e13-6f4e-46ec-9517-a851172485a5","time":"2026-04-27T16:23:18+05:30","caller":"C:/billing-service/internal/handlers/grpc.go:247","message":"gRPC: GetUsage requested"}
{"level":"info","workspace_id":"0a6344fa-b758-467b-ada6-3b7d16a361cd","time":"2026-04-27T16:23:33+05:30","caller":"C:/billing-service/internal/handlers/grpc.go:214","message":"gRPC: GetSubscription requested"}
{"level":"info","workspace_id":"0a6344fa-b758-467b-ada6-3b7d16a361cd","environment_id":"394a1e13-6f4e-46ec-9517-a851172485a5","time":"2026-04-27T16:23:33+05:30","caller":"C:/billing-service/internal/handlers/grpc.go:247","message":"gRPC: GetUsage requested"}
{"level":"info","workspace_id":"0a6344fa-b758-467b-ada6-3b7d16a361cd","time":"2026-04-27T16:23:57+05:30","caller":"C:/billing-service/internal/handlers/grpc.go:214","message":"gRPC: GetSubscription requested"}
{"level":"info","workspace_id":"0a6344fa-b758-467b-ada6-3b7d16a361cd","environment_id":"394a1e13-6f4e-46ec-9517-a851172485a5","time":"2026-04-27T16:23:57+05:30","caller":"C:/billing-service/internal/handlers/grpc.go:247","message":"gRPC: GetUsage requested"}
{"level":"info","workspace_id":"0a6344fa-b758-467b-ada6-3b7d16a361cd","time":"2026-04-27T16:23:58+05:30","caller":"C:/billing-service/internal/handlers/grpc.go:214","message":"gRPC: GetSubscription requested"}
{"level":"info","workspace_id":"0a6344fa-b758-467b-ada6-3b7d16a361cd","environment_id":"394a1e13-6f4e-46ec-9517-a851172485a5","time":"2026-04-27T16:23:58+05:30","caller":"C:/billing-service/internal/handlers/grpc.go:247","message":"gRPC: GetUsage requested"}
{"level":"info","workspace_id":"0a6344fa-b758-467b-ada6-3b7d16a361cd","time":"2026-04-27T16:24:02+05:30","caller":"C:/billing-service/internal/handlers/grpc.go:214","message":"gRPC: GetSubscription requested"}
{"level":"info","workspace_id":"0a6344fa-b758-467b-ada6-3b7d16a361cd","environment_id":"394a1e13-6f4e-46ec-9517-a851172485a5","time":"2026-04-27T16:24:02+05:30","caller":"C:/billing-service/internal/handlers/grpc.go:247","message":"gRPC: GetUsage requested"}
{"level":"info","workspace_id":"0a6344fa-b758-467b-ada6-3b7d16a361cd","time":"2026-04-27T16:24:10+05:30","caller":"C:/billing-service/internal/handlers/grpc.go:214","message":"gRPC: GetSubscription requested"}
{"level":"info","workspace_id":"0a6344fa-b758-467b-ada6-3b7d16a361cd","environment_id":"394a1e13-6f4e-46ec-9517-a851172485a5","time":"2026-04-27T16:24:10+05:30","caller":"C:/billing-service/internal/handlers/grpc.go:247","message":"gRPC: GetUsage requested"}
{"level":"info","workspace_id":"0a6344fa-b758-467b-ada6-3b7d16a361cd","time":"2026-04-27T16:24:11+05:30","caller":"C:/billing-service/internal/handlers/grpc.go:214","message":"gRPC: GetSubscription requested"}
{"level":"info","workspace_id":"0a6344fa-b758-467b-ada6-3b7d16a361cd","environment_id":"394a1e13-6f4e-46ec-9517-a851172485a5","time":"2026-04-27T16:24:11+05:30","caller":"C:/billing-service/internal/handlers/grpc.go:247","message":"gRPC: GetUsage requested"}
{"level":"info","workspace_id":"0a6344fa-b758-467b-ada6-3b7d16a361cd","time":"2026-04-27T16:24:47+05:30","caller":"C:/billing-service/internal/handlers/grpc.go:214","message":"gRPC: GetSubscription requested"}
{"level":"info","workspace_id":"0a6344fa-b758-467b-ada6-3b7d16a361cd","environment_id":"394a1e13-6f4e-46ec-9517-a851172485a5","time":"2026-04-27T16:24:47+05:30","caller":"C:/billing-service/internal/handlers/grpc.go:247","message":"gRPC: GetUsage requested"}
{"level":"info","workspace_id":"0a6344fa-b758-467b-ada6-3b7d16a361cd","time":"2026-04-27T16:24:48+05:30","caller":"C:/billing-service/internal/handlers/grpc.go:214","message":"gRPC: GetSubscription requested"}
{"level":"info","workspace_id":"0a6344fa-b758-467b-ada6-3b7d16a361cd","environment_id":"394a1e13-6f4e-46ec-9517-a851172485a5","time":"2026-04-27T16:24:48+05:30","caller":"C:/billing-service/internal/handlers/grpc.go:247","message":"gRPC: GetUsage requested"}
{"level":"info","workspace_id":"0a6344fa-b758-467b-ada6-3b7d16a361cd","time":"2026-04-27T16:24:49+05:30","caller":"C:/billing-service/internal/handlers/grpc.go:214","message":"gRPC: GetSubscription requested"}
{"level":"info","workspace_id":"0a6344fa-b758-467b-ada6-3b7d16a361cd","environment_id":"394a1e13-6f4e-46ec-9517-a851172485a5","time":"2026-04-27T16:24:49+05:30","caller":"C:/billing-service/internal/handlers/grpc.go:247","message":"gRPC: GetUsage requested"}
{"level":"info","workspace_id":"0a6344fa-b758-467b-ada6-3b7d16a361cd","time":"2026-04-27T16:25:11+05:30","caller":"C:/billing-service/internal/handlers/grpc.go:214","message":"gRPC: GetSubscription requested"}
{"level":"info","workspace_id":"0a6344fa-b758-467b-ada6-3b7d16a361cd","environment_id":"394a1e13-6f4e-46ec-9517-a851172485a5","time":"2026-04-27T16:25:11+05:30","caller":"C:/billing-service/internal/handlers/grpc.go:247","message":"gRPC: GetUsage requested"}
{"level":"info","workspace_id":"0a6344fa-b758-467b-ada6-3b7d16a361cd","environment_id":"7800eedb-d2e6-4d8d-9d39-03636694cafb","time":"2026-04-27T16:25:20+05:30","caller":"C:/billing-service/internal/handlers/grpc.go:247","message":"gRPC: GetUsage requested"}
{"level":"info","workspace_id":"0a6344fa-b758-467b-ada6-3b7d16a361cd","time":"2026-04-27T16:25:20+05:30","caller":"C:/billing-service/internal/handlers/grpc.go:214","message":"gRPC: GetSubscription requested"}
{"level":"info","workspace_id":"0a6344fa-b758-467b-ada6-3b7d16a361cd","time":"2026-04-27T16:25:20+05:30","caller":"C:/billing-service/internal/handlers/grpc.go:214","message":"gRPC: GetSubscription requested"}
{"level":"info","workspace_id":"0a6344fa-b758-467b-ada6-3b7d16a361cd","environment_id":"394a1e13-6f4e-46ec-9517-a851172485a5","time":"2026-04-27T16:25:20+05:30","caller":"C:/billing-service/internal/handlers/grpc.go:247","message":"gRPC: GetUsage requested"}
{"level":"info","workspace_id":"0a6344fa-b758-467b-ada6-3b7d16a361cd","time":"2026-04-27T16:25:21+05:30","caller":"C:/billing-service/internal/handlers/grpc.go:214","message":"gRPC: GetSubscription requested"}
{"level":"info","workspace_id":"0a6344fa-b758-467b-ada6-3b7d16a361cd","environment_id":"7800eedb-d2e6-4d8d-9d39-03636694cafb","time":"2026-04-27T16:25:21+05:30","caller":"C:/billing-service/internal/handlers/grpc.go:247","message":"gRPC: GetUsage requested"}
{"level":"info","workspace_id":"0a6344fa-b758-467b-ada6-3b7d16a361cd","time":"2026-04-27T16:25:22+05:30","caller":"C:/billing-service/internal/handlers/grpc.go:214","message":"gRPC: GetSubscription requested"}
{"level":"info","workspace_id":"0a6344fa-b758-467b-ada6-3b7d16a361cd","environment_id":"394a1e13-6f4e-46ec-9517-a851172485a5","time":"2026-04-27T16:25:22+05:30","caller":"C:/billing-service/internal/handlers/grpc.go:247","message":"gRPC: GetUsage requested"}
{"level":"info","workspace_id":"0a6344fa-b758-467b-ada6-3b7d16a361cd","time":"2026-04-27T16:25:49+05:30","caller":"C:/billing-service/internal/handlers/grpc.go:214","message":"gRPC: GetSubscription requested"}
{"level":"info","workspace_id":"0a6344fa-b758-467b-ada6-3b7d16a361cd","environment_id":"394a1e13-6f4e-46ec-9517-a851172485a5","time":"2026-04-27T16:25:49+05:30","caller":"C:/billing-service/internal/handlers/grpc.go:247","message":"gRPC: GetUsage requested"}
{"level":"info","workspace_id":"0a6344fa-b758-467b-ada6-3b7d16a361cd","time":"2026-04-27T16:26:16+05:30","caller":"C:/billing-service/internal/handlers/grpc.go:214","message":"gRPC: GetSubscription requested"}
{"level":"info","workspace_id":"0a6344fa-b758-467b-ada6-3b7d16a361cd","environment_id":"394a1e13-6f4e-46ec-9517-a851172485a5","time":"2026-04-27T16:26:16+05:30","caller":"C:/billing-service/internal/handlers/grpc.go:247","message":"gRPC: GetUsage requested"}
{"level":"info","workspace_id":"0a6344fa-b758-467b-ada6-3b7d16a361cd","time":"2026-04-27T16:26:45+05:30","caller":"C:/billing-service/internal/handlers/grpc.go:214","message":"gRPC: GetSubscription requested"}
{"level":"info","workspace_id":"0a6344fa-b758-467b-ada6-3b7d16a361cd","environment_id":"394a1e13-6f4e-46ec-9517-a851172485a5","time":"2026-04-27T16:26:45+05:30","caller":"C:/billing-service/internal/handlers/grpc.go:247","message":"gRPC: GetUsage requested"}
{"level":"info","workspace_id":"0a6344fa-b758-467b-ada6-3b7d16a361cd","time":"2026-04-27T16:27:03+05:30","caller":"C:/billing-service/internal/handlers/grpc.go:214","message":"gRPC: GetSubscription requested"}
{"level":"info","workspace_id":"0a6344fa-b758-467b-ada6-3b7d16a361cd","environment_id":"7800eedb-d2e6-4d8d-9d39-03636694cafb","time":"2026-04-27T16:27:03+05:30","caller":"C:/billing-service/internal/handlers/grpc.go:247","message":"gRPC: GetUsage requested"}
{"level":"info","workspace_id":"0a6344fa-b758-467b-ada6-3b7d16a361cd","time":"2026-04-27T16:28:14+05:30","caller":"C:/billing-service/internal/handlers/grpc.go:214","message":"gRPC: GetSubscription requested"}
{"level":"info","workspace_id":"0a6344fa-b758-467b-ada6-3b7d16a361cd","environment_id":"7800eedb-d2e6-4d8d-9d39-03636694cafb","time":"2026-04-27T16:28:14+05:30","caller":"C:/billing-service/internal/handlers/grpc.go:247","message":"gRPC: GetUsage requested"}
{"level":"info","workspace_id":"0a6344fa-b758-467b-ada6-3b7d16a361cd","time":"2026-04-27T16:35:07+05:30","caller":"C:/billing-service/internal/handlers/grpc.go:214","message":"gRPC: GetSubscription requested"}
{"level":"info","workspace_id":"0a6344fa-b758-467b-ada6-3b7d16a361cd","environment_id":"7800eedb-d2e6-4d8d-9d39-03636694cafb","time":"2026-04-27T16:35:07+05:30","caller":"C:/billing-service/internal/handlers/grpc.go:247","message":"gRPC: GetUsage requested"}
{"level":"info","workspace_id":"0a6344fa-b758-467b-ada6-3b7d16a361cd","time":"2026-04-27T16:35:10+05:30","caller":"C:/billing-service/internal/handlers/grpc.go:214","message":"gRPC: GetSubscription requested"}
{"level":"info","workspace_id":"0a6344fa-b758-467b-ada6-3b7d16a361cd","environment_id":"7800eedb-d2e6-4d8d-9d39-03636694cafb","time":"2026-04-27T16:35:10+05:30","caller":"C:/billing-service/internal/handlers/grpc.go:247","message":"gRPC: GetUsage requested"}
{"level":"info","workspace_id":"0a6344fa-b758-467b-ada6-3b7d16a361cd","time":"2026-04-27T16:35:16+05:30","caller":"C:/billing-service/internal/handlers/grpc.go:214","message":"gRPC: GetSubscription requested"}
{"level":"info","workspace_id":"0a6344fa-b758-467b-ada6-3b7d16a361cd","environment_id":"7800eedb-d2e6-4d8d-9d39-03636694cafb","time":"2026-04-27T16:35:16+05:30","caller":"C:/billing-service/internal/handlers/grpc.go:247","message":"gRPC: GetUsage requested"}
{"level":"info","workspace_id":"0a6344fa-b758-467b-ada6-3b7d16a361cd","time":"2026-04-27T16:35:27+05:30","caller":"C:/billing-service/internal/handlers/grpc.go:214","message":"gRPC: GetSubscription requested"}
{"level":"info","workspace_id":"0a6344fa-b758-467b-ada6-3b7d16a361cd","environment_id":"7800eedb-d2e6-4d8d-9d39-03636694cafb","time":"2026-04-27T16:35:27+05:30","caller":"C:/billing-service/internal/handlers/grpc.go:247","message":"gRPC: GetUsage requested"}
{"level":"info","workspace_id":"0a6344fa-b758-467b-ada6-3b7d16a361cd","time":"2026-04-27T16:36:02+05:30","caller":"C:/billing-service/internal/handlers/grpc.go:214","message":"gRPC: GetSubscription requested"}
{"level":"info","workspace_id":"0a6344fa-b758-467b-ada6-3b7d16a361cd","environment_id":"7800eedb-d2e6-4d8d-9d39-03636694cafb","time":"2026-04-27T16:36:02+05:30","caller":"C:/billing-service/internal/handlers/grpc.go:247","message":"gRPC: GetUsage requested"}
{"level":"info","workspace_id":"0a6344fa-b758-467b-ada6-3b7d16a361cd","time":"2026-04-27T16:36:18+05:30","caller":"C:/billing-service/internal/handlers/grpc.go:214","message":"gRPC: GetSubscription requested"}
{"level":"info","workspace_id":"0a6344fa-b758-467b-ada6-3b7d16a361cd","environment_id":"7800eedb-d2e6-4d8d-9d39-03636694cafb","time":"2026-04-27T16:36:18+05:30","caller":"C:/billing-service/internal/handlers/grpc.go:247","message":"gRPC: GetUsage requested"}
{"level":"info","workspace_id":"0a6344fa-b758-467b-ada6-3b7d16a361cd","time":"2026-04-27T16:37:23+05:30","caller":"C:/billing-service/internal/handlers/grpc.go:214","message":"gRPC: GetSubscription requested"}
{"level":"info","workspace_id":"0a6344fa-b758-467b-ada6-3b7d16a361cd","environment_id":"7800eedb-d2e6-4d8d-9d39-03636694cafb","time":"2026-04-27T16:37:23+05:30","caller":"C:/billing-service/internal/handlers/grpc.go:247","message":"gRPC: GetUsage requested"}
{"level":"info","workspace_id":"0a6344fa-b758-467b-ada6-3b7d16a361cd","environment_id":"7800eedb-d2e6-4d8d-9d39-03636694cafb","time":"2026-04-27T16:38:02+05:30","caller":"C:/billing-service/internal/handlers/grpc.go:247","message":"gRPC: GetUsage requested"}
{"level":"info","workspace_id":"0a6344fa-b758-467b-ada6-3b7d16a361cd","time":"2026-04-27T16:38:02+05:30","caller":"C:/billing-service/internal/handlers/grpc.go:214","message":"gRPC: GetSubscription requested"}
{"level":"info","workspace_id":"0a6344fa-b758-467b-ada6-3b7d16a361cd","environment_id":"7800eedb-d2e6-4d8d-9d39-03636694cafb","time":"2026-04-27T16:38:15+05:30","caller":"C:/billing-service/internal/handlers/grpc.go:247","message":"gRPC: GetUsage requested"}
{"level":"info","workspace_id":"0a6344fa-b758-467b-ada6-3b7d16a361cd","time":"2026-04-27T16:38:15+05:30","caller":"C:/billing-service/internal/handlers/grpc.go:214","message":"gRPC: GetSubscription requested"}
{"level":"info","workspace_id":"0a6344fa-b758-467b-ada6-3b7d16a361cd","time":"2026-04-27T16:38:22+05:30","caller":"C:/billing-service/internal/handlers/grpc.go:214","message":"gRPC: GetSubscription requested"}
{"level":"info","workspace_id":"0a6344fa-b758-467b-ada6-3b7d16a361cd","environment_id":"7800eedb-d2e6-4d8d-9d39-03636694cafb","time":"2026-04-27T16:38:22+05:30","caller":"C:/billing-service/internal/handlers/grpc.go:247","message":"gRPC: GetUsage requested"}
{"level":"info","workspace_id":"0a6344fa-b758-467b-ada6-3b7d16a361cd","time":"2026-04-27T16:38:48+05:30","caller":"C:/billing-service/internal/handlers/grpc.go:214","message":"gRPC: GetSubscription requested"}
{"level":"info","workspace_id":"0a6344fa-b758-467b-ada6-3b7d16a361cd","environment_id":"7800eedb-d2e6-4d8d-9d39-03636694cafb","time":"2026-04-27T16:38:48+05:30","caller":"C:/billing-service/internal/handlers/grpc.go:247","message":"gRPC: GetUsage requested"}
{"level":"info","workspace_id":"0a6344fa-b758-467b-ada6-3b7d16a361cd","environment_id":"7800eedb-d2e6-4d8d-9d39-03636694cafb","time":"2026-04-27T16:38:51+05:30","caller":"C:/billing-service/internal/handlers/grpc.go:247","message":"gRPC: GetUsage requested"}
{"level":"info","workspace_id":"0a6344fa-b758-467b-ada6-3b7d16a361cd","time":"2026-04-27T16:38:51+05:30","caller":"C:/billing-service/internal/handlers/grpc.go:214","message":"gRPC: GetSubscription requested"}
{"level":"info","workspace_id":"0a6344fa-b758-467b-ada6-3b7d16a361cd","time":"2026-04-27T16:39:02+05:30","caller":"C:/billing-service/internal/handlers/grpc.go:214","message":"gRPC: GetSubscription requested"}
{"level":"info","workspace_id":"0a6344fa-b758-467b-ada6-3b7d16a361cd","environment_id":"7800eedb-d2e6-4d8d-9d39-03636694cafb","time":"2026-04-27T16:39:02+05:30","caller":"C:/billing-service/internal/handlers/grpc.go:247","message":"gRPC: GetUsage requested"}
{"level":"info","workspace_id":"0a6344fa-b758-467b-ada6-3b7d16a361cd","time":"2026-04-27T16:39:15+05:30","caller":"C:/billing-service/internal/handlers/grpc.go:214","message":"gRPC: GetSubscription requested"}
{"level":"info","workspace_id":"0a6344fa-b758-467b-ada6-3b7d16a361cd","environment_id":"7800eedb-d2e6-4d8d-9d39-03636694cafb","time":"2026-04-27T16:39:15+05:30","caller":"C:/billing-service/internal/handlers/grpc.go:247","message":"gRPC: GetUsage requested"}
{"level":"info","workspace_id":"0a6344fa-b758-467b-ada6-3b7d16a361cd","environment_id":"7800eedb-d2e6-4d8d-9d39-03636694cafb","time":"2026-04-27T16:39:43+05:30","caller":"C:/billing-service/internal/handlers/grpc.go:247","message":"gRPC: GetUsage requested"}
{"level":"info","workspace_id":"0a6344fa-b758-467b-ada6-3b7d16a361cd","time":"2026-04-27T16:39:43+05:30","caller":"C:/billing-service/internal/handlers/grpc.go:214","message":"gRPC: GetSubscription requested"}
{"level":"info","workspace_id":"0a6344fa-b758-467b-ada6-3b7d16a361cd","time":"2026-04-27T16:40:09+05:30","caller":"C:/billing-service/internal/handlers/grpc.go:214","message":"gRPC: GetSubscription requested"}
{"level":"info","workspace_id":"0a6344fa-b758-467b-ada6-3b7d16a361cd","environment_id":"7800eedb-d2e6-4d8d-9d39-03636694cafb","time":"2026-04-27T16:40:09+05:30","caller":"C:/billing-service/internal/handlers/grpc.go:247","message":"gRPC: GetUsage requested"}
{"level":"info","workspace_id":"0a6344fa-b758-467b-ada6-3b7d16a361cd","time":"2026-04-27T16:40:16+05:30","caller":"C:/billing-service/internal/handlers/grpc.go:214","message":"gRPC: GetSubscription requested"}
{"level":"info","workspace_id":"0a6344fa-b758-467b-ada6-3b7d16a361cd","environment_id":"7800eedb-d2e6-4d8d-9d39-03636694cafb","time":"2026-04-27T16:40:16+05:30","caller":"C:/billing-service/internal/handlers/grpc.go:247","message":"gRPC: GetUsage requested"}
{"level":"info","workspace_id":"0a6344fa-b758-467b-ada6-3b7d16a361cd","time":"2026-04-27T16:40:17+05:30","caller":"C:/billing-service/internal/handlers/grpc.go:214","message":"gRPC: GetSubscription requested"}
{"level":"info","workspace_id":"0a6344fa-b758-467b-ada6-3b7d16a361cd","environment_id":"7800eedb-d2e6-4d8d-9d39-03636694cafb","time":"2026-04-27T16:40:17+05:30","caller":"C:/billing-service/internal/handlers/grpc.go:247","message":"gRPC: GetUsage requested"}
{"level":"info","workspace_id":"0a6344fa-b758-467b-ada6-3b7d16a361cd","time":"2026-04-27T16:40:45+05:30","caller":"C:/billing-service/internal/handlers/grpc.go:214","message":"gRPC: GetSubscription requested"}
{"level":"info","workspace_id":"0a6344fa-b758-467b-ada6-3b7d16a361cd","environment_id":"7800eedb-d2e6-4d8d-9d39-03636694cafb","time":"2026-04-27T16:40:45+05:30","caller":"C:/billing-service/internal/handlers/grpc.go:247","message":"gRPC: GetUsage requested"}
{"level":"info","workspace_id":"0a6344fa-b758-467b-ada6-3b7d16a361cd","time":"2026-04-27T16:40:53+05:30","caller":"C:/billing-service/internal/handlers/grpc.go:214","message":"gRPC: GetSubscription requested"}
{"level":"info","workspace_id":"0a6344fa-b758-467b-ada6-3b7d16a361cd","environment_id":"7800eedb-d2e6-4d8d-9d39-03636694cafb","time":"2026-04-27T16:40:53+05:30","caller":"C:/billing-service/internal/handlers/grpc.go:247","message":"gRPC: GetUsage requested"}
{"level":"info","workspace_id":"0a6344fa-b758-467b-ada6-3b7d16a361cd","environment_id":"7800eedb-d2e6-4d8d-9d39-03636694cafb","time":"2026-04-27T16:41:27+05:30","caller":"C:/billing-service/internal/handlers/grpc.go:247","message":"gRPC: GetUsage requested"}
{"level":"info","workspace_id":"0a6344fa-b758-467b-ada6-3b7d16a361cd","time":"2026-04-27T16:41:27+05:30","caller":"C:/billing-service/internal/handlers/grpc.go:214","message":"gRPC: GetSubscription requested"}
{"level":"info","workspace_id":"0a6344fa-b758-467b-ada6-3b7d16a361cd","environment_id":"7800eedb-d2e6-4d8d-9d39-03636694cafb","time":"2026-04-27T18:24:10+05:30","caller":"C:/billing-service/internal/handlers/grpc.go:247","message":"gRPC: GetUsage requested"}
{"level":"info","workspace_id":"0a6344fa-b758-467b-ada6-3b7d16a361cd","time":"2026-04-27T18:24:10+05:30","caller":"C:/billing-service/internal/handlers/grpc.go:214","message":"gRPC: GetSubscription requested"}
{"level":"info","workspace_id":"0a6344fa-b758-467b-ada6-3b7d16a361cd","time":"2026-04-27T18:24:32+05:30","caller":"C:/billing-service/internal/handlers/grpc.go:214","message":"gRPC: GetSubscription requested"}
{"level":"info","workspace_id":"0a6344fa-b758-467b-ada6-3b7d16a361cd","environment_id":"7800eedb-d2e6-4d8d-9d39-03636694cafb","time":"2026-04-27T18:24:32+05:30","caller":"C:/billing-service/internal/handlers/grpc.go:247","message":"gRPC: GetUsage requested"}
{"level":"info","workspace_id":"0a6344fa-b758-467b-ada6-3b7d16a361cd","time":"2026-04-27T18:33:44+05:30","caller":"C:/billing-service/internal/handlers/grpc.go:214","message":"gRPC: GetSubscription requested"}
{"level":"info","workspace_id":"0a6344fa-b758-467b-ada6-3b7d16a361cd","environment_id":"7800eedb-d2e6-4d8d-9d39-03636694cafb","time":"2026-04-27T18:33:44+05:30","caller":"C:/billing-service/internal/handlers/grpc.go:247","message":"gRPC: GetUsage requested"}
{"level":"info","workspace_id":"0a6344fa-b758-467b-ada6-3b7d16a361cd","time":"2026-04-27T18:33:46+05:30","caller":"C:/billing-service/internal/handlers/grpc.go:214","message":"gRPC: GetSubscription requested"}
{"level":"info","workspace_id":"0a6344fa-b758-467b-ada6-3b7d16a361cd","environment_id":"7800eedb-d2e6-4d8d-9d39-03636694cafb","time":"2026-04-27T18:33:46+05:30","caller":"C:/billing-service/internal/handlers/grpc.go:247","message":"gRPC: GetUsage requested"}
{"level":"info","workspace_id":"0a6344fa-b758-467b-ada6-3b7d16a361cd","time":"2026-04-27T18:34:01+05:30","caller":"C:/billing-service/internal/handlers/grpc.go:214","message":"gRPC: GetSubscription requested"}
{"level":"info","workspace_id":"0a6344fa-b758-467b-ada6-3b7d16a361cd","environment_id":"7800eedb-d2e6-4d8d-9d39-03636694cafb","time":"2026-04-27T18:34:01+05:30","caller":"C:/billing-service/internal/handlers/grpc.go:247","message":"gRPC: GetUsage requested"}
{"level":"info","workspace_id":"0a6344fa-b758-467b-ada6-3b7d16a361cd","time":"2026-04-27T18:34:25+05:30","caller":"C:/billing-service/internal/handlers/grpc.go:214","message":"gRPC: GetSubscription requested"}
{"level":"info","workspace_id":"0a6344fa-b758-467b-ada6-3b7d16a361cd","environment_id":"7800eedb-d2e6-4d8d-9d39-03636694cafb","time":"2026-04-27T18:34:25+05:30","caller":"C:/billing-service/internal/handlers/grpc.go:247","message":"gRPC: GetUsage requested"}
{"level":"info","workspace_id":"0a6344fa-b758-467b-ada6-3b7d16a361cd","time":"2026-04-27T18:34:34+05:30","caller":"C:/billing-service/internal/handlers/grpc.go:214","message":"gRPC: GetSubscription requested"}
{"level":"info","workspace_id":"0a6344fa-b758-467b-ada6-3b7d16a361cd","environment_id":"7800eedb-d2e6-4d8d-9d39-03636694cafb","time":"2026-04-27T18:34:34+05:30","caller":"C:/billing-service/internal/handlers/grpc.go:247","message":"gRPC: GetUsage requested"}
{"level":"info","workspace_id":"0a6344fa-b758-467b-ada6-3b7d16a361cd","time":"2026-04-27T18:46:09+05:30","caller":"C:/billing-service/internal/handlers/grpc.go:214","message":"gRPC: GetSubscription requested"}
{"level":"info","workspace_id":"0a6344fa-b758-467b-ada6-3b7d16a361cd","time":"2026-04-27T18:46:29+05:30","caller":"C:/billing-service/internal/handlers/grpc.go:214","message":"gRPC: GetSubscription requested"}
{"level":"info","workspace_id":"0a6344fa-b758-467b-ada6-3b7d16a361cd","environment_id":"394a1e13-6f4e-46ec-9517-a851172485a5","time":"2026-04-27T18:46:29+05:30","caller":"C:/billing-service/internal/handlers/grpc.go:247","message":"gRPC: GetUsage requested"}
{"level":"info","workspace_id":"0a6344fa-b758-467b-ada6-3b7d16a361cd","time":"2026-04-27T18:46:42+05:30","caller":"C:/billing-service/internal/handlers/grpc.go:214","message":"gRPC: GetSubscription requested"}
{"level":"info","workspace_id":"0a6344fa-b758-467b-ada6-3b7d16a361cd","environment_id":"394a1e13-6f4e-46ec-9517-a851172485a5","time":"2026-04-27T18:46:42+05:30","caller":"C:/billing-service/internal/handlers/grpc.go:247","message":"gRPC: GetUsage requested"}
{"level":"info","workspace_id":"0a6344fa-b758-467b-ada6-3b7d16a361cd","time":"2026-04-27T18:46:55+05:30","caller":"C:/billing-service/internal/handlers/grpc.go:214","message":"gRPC: GetSubscription requested"}
{"level":"info","workspace_id":"0a6344fa-b758-467b-ada6-3b7d16a361cd","environment_id":"394a1e13-6f4e-46ec-9517-a851172485a5","time":"2026-04-27T18:46:55+05:30","caller":"C:/billing-service/internal/handlers/grpc.go:247","message":"gRPC: GetUsage requested"}
{"level":"info","workspace_id":"0a6344fa-b758-467b-ada6-3b7d16a361cd","time":"2026-04-27T18:47:06+05:30","caller":"C:/billing-service/internal/handlers/grpc.go:214","message":"gRPC: GetSubscription requested"}
{"level":"info","workspace_id":"0a6344fa-b758-467b-ada6-3b7d16a361cd","environment_id":"394a1e13-6f4e-46ec-9517-a851172485a5","time":"2026-04-27T18:47:06+05:30","caller":"C:/billing-service/internal/handlers/grpc.go:247","message":"gRPC: GetUsage requested"}
{"level":"info","workspace_id":"0a6344fa-b758-467b-ada6-3b7d16a361cd","time":"2026-04-27T18:47:18+05:30","caller":"C:/billing-service/internal/handlers/grpc.go:214","message":"gRPC: GetSubscription requested"}
{"level":"info","workspace_id":"0a6344fa-b758-467b-ada6-3b7d16a361cd","environment_id":"394a1e13-6f4e-46ec-9517-a851172485a5","time":"2026-04-27T18:47:18+05:30","caller":"C:/billing-service/internal/handlers/grpc.go:247","message":"gRPC: GetUsage requested"}
{"level":"info","workspace_id":"0a6344fa-b758-467b-ada6-3b7d16a361cd","time":"2026-04-27T18:47:19+05:30","caller":"C:/billing-service/internal/handlers/grpc.go:214","message":"gRPC: GetSubscription requested"}
{"level":"info","workspace_id":"0a6344fa-b758-467b-ada6-3b7d16a361cd","environment_id":"394a1e13-6f4e-46ec-9517-a851172485a5","time":"2026-04-27T18:47:19+05:30","caller":"C:/billing-service/internal/handlers/grpc.go:247","message":"gRPC: GetUsage requested"}
{"level":"info","workspace_id":"0a6344fa-b758-467b-ada6-3b7d16a361cd","time":"2026-04-27T18:47:22+05:30","caller":"C:/billing-service/internal/handlers/grpc.go:214","message":"gRPC: GetSubscription requested"}
{"level":"info","workspace_id":"0a6344fa-b758-467b-ada6-3b7d16a361cd","environment_id":"394a1e13-6f4e-46ec-9517-a851172485a5","time":"2026-04-27T18:47:22+05:30","caller":"C:/billing-service/internal/handlers/grpc.go:247","message":"gRPC: GetUsage requested"}
{"level":"info","workspace_id":"0a6344fa-b758-467b-ada6-3b7d16a361cd","time":"2026-04-27T18:47:29+05:30","caller":"C:/billing-service/internal/handlers/grpc.go:214","message":"gRPC: GetSubscription requested"}
{"level":"info","workspace_id":"0a6344fa-b758-467b-ada6-3b7d16a361cd","environment_id":"394a1e13-6f4e-46ec-9517-a851172485a5","time":"2026-04-27T18:47:29+05:30","caller":"C:/billing-service/internal/handlers/grpc.go:247","message":"gRPC: GetUsage requested"}
{"level":"info","workspace_id":"0a6344fa-b758-467b-ada6-3b7d16a361cd","time":"2026-04-27T18:47:38+05:30","caller":"C:/billing-service/internal/handlers/grpc.go:214","message":"gRPC: GetSubscription requested"}
{"level":"info","workspace_id":"0a6344fa-b758-467b-ada6-3b7d16a361cd","environment_id":"394a1e13-6f4e-46ec-9517-a851172485a5","time":"2026-04-27T18:47:38+05:30","caller":"C:/billing-service/internal/handlers/grpc.go:247","message":"gRPC: GetUsage requested"}
{"level":"info","workspace_id":"0a6344fa-b758-467b-ada6-3b7d16a361cd","time":"2026-04-27T18:47:42+05:30","caller":"C:/billing-service/internal/handlers/grpc.go:214","message":"gRPC: GetSubscription requested"}
{"level":"info","workspace_id":"0a6344fa-b758-467b-ada6-3b7d16a361cd","environment_id":"394a1e13-6f4e-46ec-9517-a851172485a5","time":"2026-04-27T18:47:42+05:30","caller":"C:/billing-service/internal/handlers/grpc.go:247","message":"gRPC: GetUsage requested"}
{"level":"info","workspace_id":"0a6344fa-b758-467b-ada6-3b7d16a361cd","time":"2026-04-27T18:48:21+05:30","caller":"C:/billing-service/internal/handlers/grpc.go:214","message":"gRPC: GetSubscription requested"}
{"level":"info","workspace_id":"0a6344fa-b758-467b-ada6-3b7d16a361cd","environment_id":"394a1e13-6f4e-46ec-9517-a851172485a5","time":"2026-04-27T18:48:21+05:30","caller":"C:/billing-service/internal/handlers/grpc.go:247","message":"gRPC: GetUsage requested"}
{"level":"info","workspace_id":"0a6344fa-b758-467b-ada6-3b7d16a361cd","time":"2026-04-27T18:48:27+05:30","caller":"C:/billing-service/internal/handlers/grpc.go:214","message":"gRPC: GetSubscription requested"}
{"level":"info","workspace_id":"0a6344fa-b758-467b-ada6-3b7d16a361cd","environment_id":"394a1e13-6f4e-46ec-9517-a851172485a5","time":"2026-04-27T18:48:27+05:30","caller":"C:/billing-service/internal/handlers/grpc.go:247","message":"gRPC: GetUsage requested"}
{"level":"info","workspace_id":"0a6344fa-b758-467b-ada6-3b7d16a361cd","environment_id":"394a1e13-6f4e-46ec-9517-a851172485a5","time":"2026-04-27T18:50:33+05:30","caller":"C:/billing-service/internal/handlers/grpc.go:247","message":"gRPC: GetUsage requested"}
{"level":"info","workspace_id":"0a6344fa-b758-467b-ada6-3b7d16a361cd","time":"2026-04-27T18:50:33+05:30","caller":"C:/billing-service/internal/handlers/grpc.go:214","message":"gRPC: GetSubscription requested"}
{"level":"info","workspace_id":"0a6344fa-b758-467b-ada6-3b7d16a361cd","time":"2026-04-27T18:51:00+05:30","caller":"C:/billing-service/internal/handlers/grpc.go:214","message":"gRPC: GetSubscription requested"}
{"level":"info","workspace_id":"0a6344fa-b758-467b-ada6-3b7d16a361cd","environment_id":"394a1e13-6f4e-46ec-9517-a851172485a5","time":"2026-04-27T18:51:00+05:30","caller":"C:/billing-service/internal/handlers/grpc.go:247","message":"gRPC: GetUsage requested"}
{"level":"info","workspace_id":"0a6344fa-b758-467b-ada6-3b7d16a361cd","time":"2026-04-27T18:52:17+05:30","caller":"C:/billing-service/internal/handlers/grpc.go:214","message":"gRPC: GetSubscription requested"}
{"level":"info","workspace_id":"0a6344fa-b758-467b-ada6-3b7d16a361cd","environment_id":"394a1e13-6f4e-46ec-9517-a851172485a5","time":"2026-04-27T18:52:17+05:30","caller":"C:/billing-service/internal/handlers/grpc.go:247","message":"gRPC: GetUsage requested"}
{"level":"info","workspace_id":"0a6344fa-b758-467b-ada6-3b7d16a361cd","time":"2026-04-27T18:52:28+05:30","caller":"C:/billing-service/internal/handlers/grpc.go:214","message":"gRPC: GetSubscription requested"}
{"level":"info","workspace_id":"0a6344fa-b758-467b-ada6-3b7d16a361cd","environment_id":"394a1e13-6f4e-46ec-9517-a851172485a5","time":"2026-04-27T18:52:28+05:30","caller":"C:/billing-service/internal/handlers/grpc.go:247","message":"gRPC: GetUsage requested"}
{"level":"info","workspace_id":"0a6344fa-b758-467b-ada6-3b7d16a361cd","time":"2026-04-27T18:52:31+05:30","caller":"C:/billing-service/internal/handlers/grpc.go:214","message":"gRPC: GetSubscription requested"}
{"level":"info","workspace_id":"0a6344fa-b758-467b-ada6-3b7d16a361cd","environment_id":"394a1e13-6f4e-46ec-9517-a851172485a5","time":"2026-04-27T18:52:31+05:30","caller":"C:/billing-service/internal/handlers/grpc.go:247","message":"gRPC: GetUsage requested"}
{"level":"info","workspace_id":"0a6344fa-b758-467b-ada6-3b7d16a361cd","time":"2026-04-27T18:52:46+05:30","caller":"C:/billing-service/internal/handlers/grpc.go:214","message":"gRPC: GetSubscription requested"}
{"level":"info","workspace_id":"0a6344fa-b758-467b-ada6-3b7d16a361cd","environment_id":"394a1e13-6f4e-46ec-9517-a851172485a5","time":"2026-04-27T18:52:46+05:30","caller":"C:/billing-service/internal/handlers/grpc.go:247","message":"gRPC: GetUsage requested"}
{"level":"info","workspace_id":"0a6344fa-b758-467b-ada6-3b7d16a361cd","time":"2026-04-27T18:52:49+05:30","caller":"C:/billing-service/internal/handlers/grpc.go:214","message":"gRPC: GetSubscription requested"}
{"level":"info","workspace_id":"0a6344fa-b758-467b-ada6-3b7d16a361cd","environment_id":"394a1e13-6f4e-46ec-9517-a851172485a5","time":"2026-04-27T18:52:49+05:30","caller":"C:/billing-service/internal/handlers/grpc.go:247","message":"gRPC: GetUsage requested"}
{"level":"info","workspace_id":"0a6344fa-b758-467b-ada6-3b7d16a361cd","time":"2026-04-27T18:53:18+05:30","caller":"C:/billing-service/internal/handlers/grpc.go:214","message":"gRPC: GetSubscription requested"}
{"level":"info","workspace_id":"0a6344fa-b758-467b-ada6-3b7d16a361cd","environment_id":"394a1e13-6f4e-46ec-9517-a851172485a5","time":"2026-04-27T18:53:18+05:30","caller":"C:/billing-service/internal/handlers/grpc.go:247","message":"gRPC: GetUsage requested"}
{"level":"info","workspace_id":"0a6344fa-b758-467b-ada6-3b7d16a361cd","time":"2026-04-27T18:53:46+05:30","caller":"C:/billing-service/internal/handlers/grpc.go:214","message":"gRPC: GetSubscription requested"}
{"level":"info","workspace_id":"0a6344fa-b758-467b-ada6-3b7d16a361cd","environment_id":"394a1e13-6f4e-46ec-9517-a851172485a5","time":"2026-04-27T18:53:46+05:30","caller":"C:/billing-service/internal/handlers/grpc.go:247","message":"gRPC: GetUsage requested"}
{"level":"info","workspace_id":"0a6344fa-b758-467b-ada6-3b7d16a361cd","time":"2026-04-27T18:53:58+05:30","caller":"C:/billing-service/internal/handlers/grpc.go:214","message":"gRPC: GetSubscription requested"}
{"level":"info","workspace_id":"0a6344fa-b758-467b-ada6-3b7d16a361cd","environment_id":"394a1e13-6f4e-46ec-9517-a851172485a5","time":"2026-04-27T18:53:58+05:30","caller":"C:/billing-service/internal/handlers/grpc.go:247","message":"gRPC: GetUsage requested"}
{"level":"info","workspace_id":"0a6344fa-b758-467b-ada6-3b7d16a361cd","time":"2026-04-27T18:54:33+05:30","caller":"C:/billing-service/internal/handlers/grpc.go:214","message":"gRPC: GetSubscription requested"}
{"level":"info","workspace_id":"0a6344fa-b758-467b-ada6-3b7d16a361cd","environment_id":"394a1e13-6f4e-46ec-9517-a851172485a5","time":"2026-04-27T18:54:33+05:30","caller":"C:/billing-service/internal/handlers/grpc.go:247","message":"gRPC: GetUsage requested"}
{"level":"info","workspace_id":"0a6344fa-b758-467b-ada6-3b7d16a361cd","time":"2026-04-27T18:54:42+05:30","caller":"C:/billing-service/internal/handlers/grpc.go:214","message":"gRPC: GetSubscription requested"}
{"level":"info","workspace_id":"0a6344fa-b758-467b-ada6-3b7d16a361cd","environment_id":"394a1e13-6f4e-46ec-9517-a851172485a5","time":"2026-04-27T18:54:42+05:30","caller":"C:/billing-service/internal/handlers/grpc.go:247","message":"gRPC: GetUsage requested"}
{"level":"info","workspace_id":"0a6344fa-b758-467b-ada6-3b7d16a361cd","time":"2026-04-27T18:54:49+05:30","caller":"C:/billing-service/internal/handlers/grpc.go:214","message":"gRPC: GetSubscription requested"}
{"level":"info","workspace_id":"0a6344fa-b758-467b-ada6-3b7d16a361cd","environment_id":"394a1e13-6f4e-46ec-9517-a851172485a5","time":"2026-04-27T18:54:49+05:30","caller":"C:/billing-service/internal/handlers/grpc.go:247","message":"gRPC: GetUsage requested"}
{"level":"info","workspace_id":"0a6344fa-b758-467b-ada6-3b7d16a361cd","time":"2026-04-27T18:55:41+05:30","caller":"C:/billing-service/internal/handlers/grpc.go:214","message":"gRPC: GetSubscription requested"}
{"level":"info","workspace_id":"0a6344fa-b758-467b-ada6-3b7d16a361cd","environment_id":"394a1e13-6f4e-46ec-9517-a851172485a5","time":"2026-04-27T18:55:41+05:30","caller":"C:/billing-service/internal/handlers/grpc.go:247","message":"gRPC: GetUsage requested"}
{"level":"info","workspace_id":"0a6344fa-b758-467b-ada6-3b7d16a361cd","time":"2026-04-27T18:55:59+05:30","caller":"C:/billing-service/internal/handlers/grpc.go:214","message":"gRPC: GetSubscription requested"}
{"level":"info","workspace_id":"0a6344fa-b758-467b-ada6-3b7d16a361cd","environment_id":"394a1e13-6f4e-46ec-9517-a851172485a5","time":"2026-04-27T18:55:59+05:30","caller":"C:/billing-service/internal/handlers/grpc.go:247","message":"gRPC: GetUsage requested"}
{"level":"info","workspace_id":"0a6344fa-b758-467b-ada6-3b7d16a361cd","time":"2026-04-27T18:56:07+05:30","caller":"C:/billing-service/internal/handlers/grpc.go:214","message":"gRPC: GetSubscription requested"}
{"level":"info","workspace_id":"0a6344fa-b758-467b-ada6-3b7d16a361cd","environment_id":"394a1e13-6f4e-46ec-9517-a851172485a5","time":"2026-04-27T18:56:07+05:30","caller":"C:/billing-service/internal/handlers/grpc.go:247","message":"gRPC: GetUsage requested"}
{"level":"info","workspace_id":"0a6344fa-b758-467b-ada6-3b7d16a361cd","time":"2026-04-27T18:56:45+05:30","caller":"C:/billing-service/internal/handlers/grpc.go:214","message":"gRPC: GetSubscription requested"}
{"level":"info","workspace_id":"0a6344fa-b758-467b-ada6-3b7d16a361cd","environment_id":"394a1e13-6f4e-46ec-9517-a851172485a5","time":"2026-04-27T18:56:45+05:30","caller":"C:/billing-service/internal/handlers/grpc.go:247","message":"gRPC: GetUsage requested"}
{"level":"info","workspace_id":"0a6344fa-b758-467b-ada6-3b7d16a361cd","time":"2026-04-27T18:57:15+05:30","caller":"C:/billing-service/internal/handlers/grpc.go:214","message":"gRPC: GetSubscription requested"}
{"level":"info","workspace_id":"0a6344fa-b758-467b-ada6-3b7d16a361cd","environment_id":"394a1e13-6f4e-46ec-9517-a851172485a5","time":"2026-04-27T18:57:15+05:30","caller":"C:/billing-service/internal/handlers/grpc.go:247","message":"gRPC: GetUsage requested"}
{"level":"info","workspace_id":"0a6344fa-b758-467b-ada6-3b7d16a361cd","time":"2026-04-27T19:00:54+05:30","caller":"C:/billing-service/internal/handlers/grpc.go:214","message":"gRPC: GetSubscription requested"}
{"level":"info","workspace_id":"0a6344fa-b758-467b-ada6-3b7d16a361cd","environment_id":"394a1e13-6f4e-46ec-9517-a851172485a5","time":"2026-04-27T19:00:54+05:30","caller":"C:/billing-service/internal/handlers/grpc.go:247","message":"gRPC: GetUsage requested"}
{"level":"info","workspace_id":"0a6344fa-b758-467b-ada6-3b7d16a361cd","environment_id":"394a1e13-6f4e-46ec-9517-a851172485a5","time":"2026-04-27T19:01:02+05:30","caller":"C:/billing-service/internal/handlers/grpc.go:247","message":"gRPC: GetUsage requested"}
{"level":"info","workspace_id":"0a6344fa-b758-467b-ada6-3b7d16a361cd","time":"2026-04-27T19:01:02+05:30","caller":"C:/billing-service/internal/handlers/grpc.go:214","message":"gRPC: GetSubscription requested"}
{"level":"info","workspace_id":"0a6344fa-b758-467b-ada6-3b7d16a361cd","time":"2026-04-27T19:01:56+05:30","caller":"C:/billing-service/internal/handlers/grpc.go:214","message":"gRPC: GetSubscription requested"}
{"level":"info","workspace_id":"0a6344fa-b758-467b-ada6-3b7d16a361cd","environment_id":"394a1e13-6f4e-46ec-9517-a851172485a5","time":"2026-04-27T19:01:57+05:30","caller":"C:/billing-service/internal/handlers/grpc.go:247","message":"gRPC: GetUsage requested"}
{"level":"info","workspace_id":"0a6344fa-b758-467b-ada6-3b7d16a361cd","time":"2026-04-27T19:02:36+05:30","caller":"C:/billing-service/internal/handlers/grpc.go:214","message":"gRPC: GetSubscription requested"}
{"level":"info","workspace_id":"0a6344fa-b758-467b-ada6-3b7d16a361cd","environment_id":"394a1e13-6f4e-46ec-9517-a851172485a5","time":"2026-04-27T19:02:36+05:30","caller":"C:/billing-service/internal/handlers/grpc.go:247","message":"gRPC: GetUsage requested"}
{"level":"info","workspace_id":"0a6344fa-b758-467b-ada6-3b7d16a361cd","time":"2026-04-27T19:02:52+05:30","caller":"C:/billing-service/internal/handlers/grpc.go:214","message":"gRPC: GetSubscription requested"}
{"level":"info","workspace_id":"0a6344fa-b758-467b-ada6-3b7d16a361cd","environment_id":"394a1e13-6f4e-46ec-9517-a851172485a5","time":"2026-04-27T19:02:52+05:30","caller":"C:/billing-service/internal/handlers/grpc.go:247","message":"gRPC: GetUsage requested"}
{"level":"info","workspace_id":"0a6344fa-b758-467b-ada6-3b7d16a361cd","environment_id":"394a1e13-6f4e-46ec-9517-a851172485a5","time":"2026-04-27T19:03:28+05:30","caller":"C:/billing-service/internal/handlers/grpc.go:247","message":"gRPC: GetUsage requested"}
{"level":"info","workspace_id":"0a6344fa-b758-467b-ada6-3b7d16a361cd","time":"2026-04-27T19:03:28+05:30","caller":"C:/billing-service/internal/handlers/grpc.go:214","message":"gRPC: GetSubscription requested"}
{"level":"info","workspace_id":"0a6344fa-b758-467b-ada6-3b7d16a361cd","time":"2026-04-27T19:03:44+05:30","caller":"C:/billing-service/internal/handlers/grpc.go:214","message":"gRPC: GetSubscription requested"}
{"level":"info","workspace_id":"0a6344fa-b758-467b-ada6-3b7d16a361cd","environment_id":"394a1e13-6f4e-46ec-9517-a851172485a5","time":"2026-04-27T19:03:44+05:30","caller":"C:/billing-service/internal/handlers/grpc.go:247","message":"gRPC: GetUsage requested"}
{"level":"info","workspace_id":"0a6344fa-b758-467b-ada6-3b7d16a361cd","time":"2026-04-27T19:03:49+05:30","caller":"C:/billing-service/internal/handlers/grpc.go:214","message":"gRPC: GetSubscription requested"}
{"level":"info","workspace_id":"0a6344fa-b758-467b-ada6-3b7d16a361cd","environment_id":"394a1e13-6f4e-46ec-9517-a851172485a5","time":"2026-04-27T19:03:50+05:30","caller":"C:/billing-service/internal/handlers/grpc.go:247","message":"gRPC: GetUsage requested"}
{"level":"info","workspace_id":"0a6344fa-b758-467b-ada6-3b7d16a361cd","time":"2026-04-27T19:03:52+05:30","caller":"C:/billing-service/internal/handlers/grpc.go:214","message":"gRPC: GetSubscription requested"}
{"level":"info","workspace_id":"0a6344fa-b758-467b-ada6-3b7d16a361cd","environment_id":"394a1e13-6f4e-46ec-9517-a851172485a5","time":"2026-04-27T19:03:52+05:30","caller":"C:/billing-service/internal/handlers/grpc.go:247","message":"gRPC: GetUsage requested"}
{"level":"info","workspace_id":"0a6344fa-b758-467b-ada6-3b7d16a361cd","time":"2026-04-27T19:04:14+05:30","caller":"C:/billing-service/internal/handlers/grpc.go:214","message":"gRPC: GetSubscription requested"}
{"level":"info","workspace_id":"0a6344fa-b758-467b-ada6-3b7d16a361cd","environment_id":"394a1e13-6f4e-46ec-9517-a851172485a5","time":"2026-04-27T19:04:14+05:30","caller":"C:/billing-service/internal/handlers/grpc.go:247","message":"gRPC: GetUsage requested"}
{"level":"info","workspace_id":"0a6344fa-b758-467b-ada6-3b7d16a361cd","time":"2026-04-27T19:04:16+05:30","caller":"C:/billing-service/internal/handlers/grpc.go:214","message":"gRPC: GetSubscription requested"}
{"level":"info","workspace_id":"0a6344fa-b758-467b-ada6-3b7d16a361cd","environment_id":"394a1e13-6f4e-46ec-9517-a851172485a5","time":"2026-04-27T19:04:16+05:30","caller":"C:/billing-service/internal/handlers/grpc.go:247","message":"gRPC: GetUsage requested"}
{"level":"info","workspace_id":"0a6344fa-b758-467b-ada6-3b7d16a361cd","time":"2026-04-27T19:04:19+05:30","caller":"C:/billing-service/internal/handlers/grpc.go:214","message":"gRPC: GetSubscription requested"}
{"level":"info","workspace_id":"0a6344fa-b758-467b-ada6-3b7d16a361cd","environment_id":"394a1e13-6f4e-46ec-9517-a851172485a5","time":"2026-04-27T19:04:19+05:30","caller":"C:/billing-service/internal/handlers/grpc.go:247","message":"gRPC: GetUsage requested"}
{"level":"info","workspace_id":"0a6344fa-b758-467b-ada6-3b7d16a361cd","time":"2026-04-27T19:04:22+05:30","caller":"C:/billing-service/internal/handlers/grpc.go:214","message":"gRPC: GetSubscription requested"}
{"level":"info","workspace_id":"0a6344fa-b758-467b-ada6-3b7d16a361cd","environment_id":"394a1e13-6f4e-46ec-9517-a851172485a5","time":"2026-04-27T19:04:22+05:30","caller":"C:/billing-service/internal/handlers/grpc.go:247","message":"gRPC: GetUsage requested"}
{"level":"info","workspace_id":"0a6344fa-b758-467b-ada6-3b7d16a361cd","time":"2026-04-27T19:04:58+05:30","caller":"C:/billing-service/internal/handlers/grpc.go:214","message":"gRPC: GetSubscription requested"}
{"level":"info","workspace_id":"0a6344fa-b758-467b-ada6-3b7d16a361cd","environment_id":"394a1e13-6f4e-46ec-9517-a851172485a5","time":"2026-04-27T19:04:58+05:30","caller":"C:/billing-service/internal/handlers/grpc.go:247","message":"gRPC: GetUsage requested"}
{"level":"info","workspace_id":"0a6344fa-b758-467b-ada6-3b7d16a361cd","time":"2026-04-27T19:05:01+05:30","caller":"C:/billing-service/internal/handlers/grpc.go:214","message":"gRPC: GetSubscription requested"}
{"level":"info","workspace_id":"0a6344fa-b758-467b-ada6-3b7d16a361cd","environment_id":"394a1e13-6f4e-46ec-9517-a851172485a5","time":"2026-04-27T19:05:01+05:30","caller":"C:/billing-service/internal/handlers/grpc.go:247","message":"gRPC: GetUsage requested"}
{"level":"info","workspace_id":"0a6344fa-b758-467b-ada6-3b7d16a361cd","time":"2026-04-27T19:05:24+05:30","caller":"C:/billing-service/internal/handlers/grpc.go:214","message":"gRPC: GetSubscription requested"}
{"level":"info","workspace_id":"0a6344fa-b758-467b-ada6-3b7d16a361cd","environment_id":"394a1e13-6f4e-46ec-9517-a851172485a5","time":"2026-04-27T19:05:25+05:30","caller":"C:/billing-service/internal/handlers/grpc.go:247","message":"gRPC: GetUsage requested"}
{"level":"info","workspace_id":"0a6344fa-b758-467b-ada6-3b7d16a361cd","time":"2026-04-27T19:05:27+05:30","caller":"C:/billing-service/internal/handlers/grpc.go:214","message":"gRPC: GetSubscription requested"}
{"level":"info","workspace_id":"0a6344fa-b758-467b-ada6-3b7d16a361cd","environment_id":"394a1e13-6f4e-46ec-9517-a851172485a5","time":"2026-04-27T19:05:27+05:30","caller":"C:/billing-service/internal/handlers/grpc.go:247","message":"gRPC: GetUsage requested"}
{"level":"info","workspace_id":"0a6344fa-b758-467b-ada6-3b7d16a361cd","time":"2026-04-27T19:07:07+05:30","caller":"C:/billing-service/internal/handlers/grpc.go:214","message":"gRPC: GetSubscription requested"}
{"level":"info","workspace_id":"0a6344fa-b758-467b-ada6-3b7d16a361cd","environment_id":"394a1e13-6f4e-46ec-9517-a851172485a5","time":"2026-04-27T19:07:07+05:30","caller":"C:/billing-service/internal/handlers/grpc.go:247","message":"gRPC: GetUsage requested"}
{"level":"info","workspace_id":"0a6344fa-b758-467b-ada6-3b7d16a361cd","time":"2026-04-27T19:07:14+05:30","caller":"C:/billing-service/internal/handlers/grpc.go:214","message":"gRPC: GetSubscription requested"}
{"level":"info","workspace_id":"0a6344fa-b758-467b-ada6-3b7d16a361cd","environment_id":"394a1e13-6f4e-46ec-9517-a851172485a5","time":"2026-04-27T19:07:14+05:30","caller":"C:/billing-service/internal/handlers/grpc.go:247","message":"gRPC: GetUsage requested"}
{"level":"info","workspace_id":"0a6344fa-b758-467b-ada6-3b7d16a361cd","time":"2026-04-27T19:07:28+05:30","caller":"C:/billing-service/internal/handlers/grpc.go:214","message":"gRPC: GetSubscription requested"}
{"level":"info","workspace_id":"0a6344fa-b758-467b-ada6-3b7d16a361cd","environment_id":"394a1e13-6f4e-46ec-9517-a851172485a5","time":"2026-04-27T19:07:28+05:30","caller":"C:/billing-service/internal/handlers/grpc.go:247","message":"gRPC: GetUsage requested"}
{"level":"info","workspace_id":"0a6344fa-b758-467b-ada6-3b7d16a361cd","time":"2026-04-27T19:07:29+05:30","caller":"C:/billing-service/internal/handlers/grpc.go:214","message":"gRPC: GetSubscription requested"}
{"level":"info","workspace_id":"0a6344fa-b758-467b-ada6-3b7d16a361cd","environment_id":"394a1e13-6f4e-46ec-9517-a851172485a5","time":"2026-04-27T19:07:29+05:30","caller":"C:/billing-service/internal/handlers/grpc.go:247","message":"gRPC: GetUsage requested"}
{"level":"info","workspace_id":"0a6344fa-b758-467b-ada6-3b7d16a361cd","time":"2026-04-27T19:07:47+05:30","caller":"C:/billing-service/internal/handlers/grpc.go:214","message":"gRPC: GetSubscription requested"}
{"level":"info","workspace_id":"0a6344fa-b758-467b-ada6-3b7d16a361cd","environment_id":"394a1e13-6f4e-46ec-9517-a851172485a5","time":"2026-04-27T19:07:47+05:30","caller":"C:/billing-service/internal/handlers/grpc.go:247","message":"gRPC: GetUsage requested"}
{"level":"info","workspace_id":"0a6344fa-b758-467b-ada6-3b7d16a361cd","time":"2026-04-27T19:09:22+05:30","caller":"C:/billing-service/internal/handlers/grpc.go:214","message":"gRPC: GetSubscription requested"}
{"level":"info","workspace_id":"0a6344fa-b758-467b-ada6-3b7d16a361cd","environment_id":"394a1e13-6f4e-46ec-9517-a851172485a5","time":"2026-04-27T19:09:22+05:30","caller":"C:/billing-service/internal/handlers/grpc.go:247","message":"gRPC: GetUsage requested"}
{"level":"info","workspace_id":"0a6344fa-b758-467b-ada6-3b7d16a361cd","time":"2026-04-27T19:09:26+05:30","caller":"C:/billing-service/internal/handlers/grpc.go:214","message":"gRPC: GetSubscription requested"}
{"level":"info","workspace_id":"0a6344fa-b758-467b-ada6-3b7d16a361cd","environment_id":"394a1e13-6f4e-46ec-9517-a851172485a5","time":"2026-04-27T19:09:26+05:30","caller":"C:/billing-service/internal/handlers/grpc.go:247","message":"gRPC: GetUsage requested"}
{"level":"info","workspace_id":"0a6344fa-b758-467b-ada6-3b7d16a361cd","environment_id":"394a1e13-6f4e-46ec-9517-a851172485a5","time":"2026-04-27T19:09:28+05:30","caller":"C:/billing-service/internal/handlers/grpc.go:247","message":"gRPC: GetUsage requested"}
{"level":"info","workspace_id":"0a6344fa-b758-467b-ada6-3b7d16a361cd","time":"2026-04-27T19:09:28+05:30","caller":"C:/billing-service/internal/handlers/grpc.go:214","message":"gRPC: GetSubscription requested"}
{"level":"info","workspace_id":"0a6344fa-b758-467b-ada6-3b7d16a361cd","plan_id":"ad8bd5c9-33be-412e-bd77-bc523936d14a","customer_email":"nyroozashraf@gmail.com","time":"2026-04-27T19:09:30+05:30","caller":"C:/billing-service/internal/handlers/grpc.go:296","message":"gRPC: CreateCheckoutSession requested"}
{"level":"info","workspace_id":"0a6344fa-b758-467b-ada6-3b7d16a361cd","time":"2026-04-27T19:11:20+05:30","caller":"C:/billing-service/internal/handlers/grpc.go:214","message":"gRPC: GetSubscription requested"}
{"level":"info","workspace_id":"0a6344fa-b758-467b-ada6-3b7d16a361cd","environment_id":"394a1e13-6f4e-46ec-9517-a851172485a5","time":"2026-04-27T19:11:20+05:30","caller":"C:/billing-service/internal/handlers/grpc.go:247","message":"gRPC: GetUsage requested"}
{"level":"info","workspace_id":"0a6344fa-b758-467b-ada6-3b7d16a361cd","time":"2026-04-27T19:14:18+05:30","caller":"C:/billing-service/internal/handlers/grpc.go:214","message":"gRPC: GetSubscription requested"}
{"level":"info","workspace_id":"0a6344fa-b758-467b-ada6-3b7d16a361cd","environment_id":"394a1e13-6f4e-46ec-9517-a851172485a5","time":"2026-04-27T19:14:18+05:30","caller":"C:/billing-service/internal/handlers/grpc.go:247","message":"gRPC: GetUsage requested"}
{"level":"info","workspace_id":"0a6344fa-b758-467b-ada6-3b7d16a361cd","time":"2026-04-27T19:14:57+05:30","caller":"C:/billing-service/internal/handlers/grpc.go:214","message":"gRPC: GetSubscription requested"}
{"level":"info","workspace_id":"0a6344fa-b758-467b-ada6-3b7d16a361cd","environment_id":"394a1e13-6f4e-46ec-9517-a851172485a5","time":"2026-04-27T19:14:57+05:30","caller":"C:/billing-service/internal/handlers/grpc.go:247","message":"gRPC: GetUsage requested"}
{"level":"info","time":"2026-04-27T19:15:54+05:30","caller":"C:/billing-service/cmd/cmd.go:63","message":"🛑 Received shutdown signal. Starting graceful shutdown..."}
{"level":"info","time":"2026-04-27T19:15:54+05:30","caller":"C:/billing-service/internal/cron/schdeuler.go:86","message":"scheduler stopped"}
{"level":"info","time":"2026-04-27T19:15:54+05:30","caller":"C:/billing-service/cmd/cmd.go:94","message":"❌ Service is gracefully stopping"}
{"level":"info","time":"2026-04-27T19:15:54+05:30","caller":"C:/billing-service/cmd/cmd.go:102","message":"HTTP server stopped gracefully"}
{"level":"info","time":"2026-04-27T19:15:54+05:30","caller":"C:/billing-service/cmd/cmd.go:112","message":"gRPC server stopped gracefully"}
{"level":"info","time":"2026-04-27T19:16:10+05:30","caller":"C:/billing-service/internal/app/app.go:33","message":"Starting billing service..."}
{"level":"info","time":"2026-04-27T19:16:10+05:30","caller":"C:/billing-service/cmd/cmd.go:52","message":"Starting subscription expiry scheduler"}
{"level":"info","time":"2026-04-27T19:16:10+05:30","caller":"C:/billing-service/cmd/cmd.go:56","message":"🟢 Service is fully started and running. Waiting for signals..."}
{"level":"info","port":"8081","time":"2026-04-27T19:16:10+05:30","caller":"C:/billing-service/cmd/cmd.go:45","message":"Starting HTTP server"}
{"level":"info","service":"billing-service","addr":":50051","time":"2026-04-27T19:16:10+05:30","caller":"C:/billing-service/cmd/cmd.go:36","message":"Starting gRPC server"}
{"level":"info","interval":3600000,"time":"2026-04-27T19:16:10+05:30","caller":"C:/billing-service/internal/cron/schdeuler.go:79","message":"scheduler started"}
{"level":"info","workspace_id":"0a6344fa-b758-467b-ada6-3b7d16a361cd","time":"2026-04-27T19:16:29+05:30","caller":"C:/billing-service/internal/handlers/grpc.go:213","message":"gRPC: GetSubscription requested"}
{"level":"info","workspace_id":"0a6344fa-b758-467b-ada6-3b7d16a361cd","environment_id":"394a1e13-6f4e-46ec-9517-a851172485a5","time":"2026-04-27T19:16:29+05:30","caller":"C:/billing-service/internal/handlers/grpc.go:246","message":"gRPC: GetUsage requested"}
{"level":"info","workspace_id":"0a6344fa-b758-467b-ada6-3b7d16a361cd","plan_id":"ad8bd5c9-33be-412e-bd77-bc523936d14a","customer_email":"nyroozashraf@gmail.com","time":"2026-04-27T19:16:31+05:30","caller":"C:/billing-service/internal/handlers/grpc.go:294","message":"gRPC: CreateCheckoutSession requested"}
{"level":"info","workspace_id":"0a6344fa-b758-467b-ada6-3b7d16a361cd","time":"2026-04-27T19:16:41+05:30","caller":"C:/billing-service/internal/handlers/grpc.go:213","message":"gRPC: GetSubscription requested"}
{"level":"info","workspace_id":"0a6344fa-b758-467b-ada6-3b7d16a361cd","environment_id":"394a1e13-6f4e-46ec-9517-a851172485a5","time":"2026-04-27T19:16:41+05:30","caller":"C:/billing-service/internal/handlers/grpc.go:246","message":"gRPC: GetUsage requested"}
{"level":"info","time":"2026-04-27T19:18:08+05:30","caller":"C:/billing-service/internal/cron/schdeuler.go:86","message":"scheduler stopped"}
{"level":"info","time":"2026-04-27T19:18:08+05:30","caller":"C:/billing-service/cmd/cmd.go:63","message":"🛑 Received shutdown signal. Starting graceful shutdown..."}
{"level":"info","time":"2026-04-27T19:18:08+05:30","caller":"C:/billing-service/cmd/cmd.go:94","message":"❌ Service is gracefully stopping"}
{"level":"info","time":"2026-04-27T19:18:08+05:30","caller":"C:/billing-service/cmd/cmd.go:102","message":"HTTP server stopped gracefully"}
{"level":"info","time":"2026-04-27T19:18:08+05:30","caller":"C:/billing-service/cmd/cmd.go:112","message":"gRPC server stopped gracefully"}
{"level":"info","time":"2026-04-27T19:19:55+05:30","caller":"C:/billing-service/internal/app/app.go:33","message":"Starting billing service..."}
{"level":"info","time":"2026-04-27T19:19:55+05:30","caller":"C:/billing-service/cmd/cmd.go:56","message":"🟢 Service is fully started and running. Waiting for signals..."}
{"level":"info","service":"billing-service","addr":":50051","time":"2026-04-27T19:19:55+05:30","caller":"C:/billing-service/cmd/cmd.go:36","message":"Starting gRPC server"}
{"level":"info","port":"8081","time":"2026-04-27T19:19:55+05:30","caller":"C:/billing-service/cmd/cmd.go:45","message":"Starting HTTP server"}
{"level":"info","time":"2026-04-27T19:19:55+05:30","caller":"C:/billing-service/cmd/cmd.go:52","message":"Starting subscription expiry scheduler"}
{"level":"info","interval":3600000,"time":"2026-04-27T19:19:55+05:30","caller":"C:/billing-service/internal/cron/schdeuler.go:79","message":"scheduler started"}
{"level":"info","workspace_id":"0a6344fa-b758-467b-ada6-3b7d16a361cd","time":"2026-04-27T19:20:22+05:30","caller":"C:/billing-service/internal/handlers/grpc.go:213","message":"gRPC: GetSubscription requested"}
{"level":"info","workspace_id":"0a6344fa-b758-467b-ada6-3b7d16a361cd","environment_id":"394a1e13-6f4e-46ec-9517-a851172485a5","time":"2026-04-27T19:20:22+05:30","caller":"C:/billing-service/internal/handlers/grpc.go:246","message":"gRPC: GetUsage requested"}
{"level":"info","workspace_id":"0a6344fa-b758-467b-ada6-3b7d16a361cd","time":"2026-04-27T19:20:24+05:30","caller":"C:/billing-service/internal/handlers/grpc.go:213","message":"gRPC: GetSubscription requested"}
{"level":"info","workspace_id":"0a6344fa-b758-467b-ada6-3b7d16a361cd","environment_id":"394a1e13-6f4e-46ec-9517-a851172485a5","time":"2026-04-27T19:20:24+05:30","caller":"C:/billing-service/internal/handlers/grpc.go:246","message":"gRPC: GetUsage requested"}
{"level":"info","workspace_id":"0a6344fa-b758-467b-ada6-3b7d16a361cd","plan_id":"ad8bd5c9-33be-412e-bd77-bc523936d14a","customer_email":"nyroozashraf@gmail.com","time":"2026-04-27T19:20:26+05:30","caller":"C:/billing-service/internal/handlers/grpc.go:294","message":"gRPC: CreateCheckoutSession requested"}
{"level":"info","time":"2026-04-27T19:30:38+05:30","caller":"C:/billing-service/internal/cron/schdeuler.go:86","message":"scheduler stopped"}
{"level":"info","time":"2026-04-27T19:30:38+05:30","caller":"C:/billing-service/cmd/cmd.go:63","message":"🛑 Received shutdown signal. Starting graceful shutdown..."}
{"level":"info","time":"2026-04-27T19:30:38+05:30","caller":"C:/billing-service/cmd/cmd.go:94","message":"❌ Service is gracefully stopping"}
{"level":"info","time":"2026-04-27T19:30:38+05:30","caller":"C:/billing-service/cmd/cmd.go:102","message":"HTTP server stopped gracefully"}
{"level":"info","time":"2026-04-27T19:30:38+05:30","caller":"C:/billing-service/cmd/cmd.go:112","message":"gRPC server stopped gracefully"}
{"level":"info","time":"2026-04-27T19:30:51+05:30","caller":"C:/billing-service/internal/app/app.go:34","message":"Starting billing service..."}
{"level":"info","time":"2026-04-27T19:30:51+05:30","caller":"C:/billing-service/cmd/cmd.go:56","message":"🟢 Service is fully started and running. Waiting for signals..."}
{"level":"info","time":"2026-04-27T19:30:51+05:30","caller":"C:/billing-service/cmd/cmd.go:52","message":"Starting subscription expiry scheduler"}
{"level":"info","port":"8081","time":"2026-04-27T19:30:51+05:30","caller":"C:/billing-service/cmd/cmd.go:45","message":"Starting HTTP server"}
{"level":"info","service":"billing-service","addr":":50051","time":"2026-04-27T19:30:51+05:30","caller":"C:/billing-service/cmd/cmd.go:36","message":"Starting gRPC server"}
{"level":"info","interval":3600000,"time":"2026-04-27T19:30:51+05:30","caller":"C:/billing-service/internal/cron/schdeuler.go:79","message":"scheduler started"}
{"level":"info","workspace_id":"0a6344fa-b758-467b-ada6-3b7d16a361cd","time":"2026-04-27T19:31:06+05:30","caller":"C:/billing-service/internal/handlers/grpc.go:213","message":"gRPC: GetSubscription requested"}
{"level":"info","workspace_id":"0a6344fa-b758-467b-ada6-3b7d16a361cd","environment_id":"394a1e13-6f4e-46ec-9517-a851172485a5","time":"2026-04-27T19:31:06+05:30","caller":"C:/billing-service/internal/handlers/grpc.go:246","message":"gRPC: GetUsage requested"}
{"level":"info","workspace_id":"0a6344fa-b758-467b-ada6-3b7d16a361cd","time":"2026-04-27T19:31:13+05:30","caller":"C:/billing-service/internal/handlers/grpc.go:213","message":"gRPC: GetSubscription requested"}
{"level":"info","workspace_id":"0a6344fa-b758-467b-ada6-3b7d16a361cd","environment_id":"394a1e13-6f4e-46ec-9517-a851172485a5","time":"2026-04-27T19:31:13+05:30","caller":"C:/billing-service/internal/handlers/grpc.go:246","message":"gRPC: GetUsage requested"}
{"level":"info","workspace_id":"0a6344fa-b758-467b-ada6-3b7d16a361cd","plan_id":"ad8bd5c9-33be-412e-bd77-bc523936d14a","customer_email":"nyroozashraf@gmail.com","time":"2026-04-27T19:31:13+05:30","caller":"C:/billing-service/internal/handlers/grpc.go:294","message":"gRPC: CreateCheckoutSession requested"}
{"level":"info","time":"2026-04-27T19:33:42+05:30","caller":"C:/billing-service/internal/cron/schdeuler.go:86","message":"scheduler stopped"}
{"level":"info","time":"2026-04-27T19:33:42+05:30","caller":"C:/billing-service/cmd/cmd.go:63","message":"🛑 Received shutdown signal. Starting graceful shutdown..."}
{"level":"info","time":"2026-04-27T19:33:42+05:30","caller":"C:/billing-service/cmd/cmd.go:94","message":"❌ Service is gracefully stopping"}
{"level":"info","time":"2026-04-27T19:33:42+05:30","caller":"C:/billing-service/cmd/cmd.go:102","message":"HTTP server stopped gracefully"}
{"level":"info","time":"2026-04-27T19:33:42+05:30","caller":"C:/billing-service/cmd/cmd.go:112","message":"gRPC server stopped gracefully"}
{"level":"info","time":"2026-04-27T19:33:49+05:30","caller":"C:/billing-service/internal/app/app.go:34","message":"Starting billing service..."}
{"level":"info","service":"billing-service","addr":":50051","time":"2026-04-27T19:33:49+05:30","caller":"C:/billing-service/cmd/cmd.go:36","message":"Starting gRPC server"}
{"level":"info","time":"2026-04-27T19:33:49+05:30","caller":"C:/billing-service/cmd/cmd.go:52","message":"Starting subscription expiry scheduler"}
{"level":"info","port":"8081","time":"2026-04-27T19:33:49+05:30","caller":"C:/billing-service/cmd/cmd.go:45","message":"Starting HTTP server"}
{"level":"info","time":"2026-04-27T19:33:49+05:30","caller":"C:/billing-service/cmd/cmd.go:56","message":"🟢 Service is fully started and running. Waiting for signals..."}
{"level":"info","interval":3600000,"time":"2026-04-27T19:33:49+05:30","caller":"C:/billing-service/internal/cron/schdeuler.go:79","message":"scheduler started"}
{"level":"info","workspace_id":"0a6344fa-b758-467b-ada6-3b7d16a361cd","time":"2026-04-27T19:34:00+05:30","caller":"C:/billing-service/internal/handlers/grpc.go:213","message":"gRPC: GetSubscription requested"}
{"level":"info","workspace_id":"0a6344fa-b758-467b-ada6-3b7d16a361cd","environment_id":"394a1e13-6f4e-46ec-9517-a851172485a5","time":"2026-04-27T19:34:00+05:30","caller":"C:/billing-service/internal/handlers/grpc.go:246","message":"gRPC: GetUsage requested"}
{"level":"info","workspace_id":"0a6344fa-b758-467b-ada6-3b7d16a361cd","plan_id":"ad8bd5c9-33be-412e-bd77-bc523936d14a","customer_email":"nyroozashraf@gmail.com","time":"2026-04-27T19:34:01+05:30","caller":"C:/billing-service/internal/handlers/grpc.go:294","message":"gRPC: CreateCheckoutSession requested"}
{"level":"info","workspace_id":"0a6344fa-b758-467b-ada6-3b7d16a361cd","time":"2026-04-27T19:34:47+05:30","caller":"C:/billing-service/internal/handlers/grpc.go:213","message":"gRPC: GetSubscription requested"}
{"level":"info","workspace_id":"0a6344fa-b758-467b-ada6-3b7d16a361cd","environment_id":"394a1e13-6f4e-46ec-9517-a851172485a5","time":"2026-04-27T19:34:47+05:30","caller":"C:/billing-service/internal/handlers/grpc.go:246","message":"gRPC: GetUsage requested"}
{"level":"info","workspace_id":"0a6344fa-b758-467b-ada6-3b7d16a361cd","time":"2026-04-27T19:34:57+05:30","caller":"C:/billing-service/internal/handlers/grpc.go:213","message":"gRPC: GetSubscription requested"}
{"level":"info","workspace_id":"0a6344fa-b758-467b-ada6-3b7d16a361cd","environment_id":"394a1e13-6f4e-46ec-9517-a851172485a5","time":"2026-04-27T19:34:57+05:30","caller":"C:/billing-service/internal/handlers/grpc.go:246","message":"gRPC: GetUsage requested"}
{"level":"info","workspace_id":"0a6344fa-b758-467b-ada6-3b7d16a361cd","environment_id":"394a1e13-6f4e-46ec-9517-a851172485a5","time":"2026-04-27T19:35:13+05:30","caller":"C:/billing-service/internal/handlers/grpc.go:246","message":"gRPC: GetUsage requested"}
{"level":"info","workspace_id":"0a6344fa-b758-467b-ada6-3b7d16a361cd","time":"2026-04-27T19:35:36+05:30","caller":"C:/billing-service/internal/handlers/grpc.go:213","message":"gRPC: GetSubscription requested"}
{"level":"info","workspace_id":"0a6344fa-b758-467b-ada6-3b7d16a361cd","environment_id":"394a1e13-6f4e-46ec-9517-a851172485a5","time":"2026-04-27T19:35:36+05:30","caller":"C:/billing-service/internal/handlers/grpc.go:246","message":"gRPC: GetUsage requested"}
{"level":"info","workspace_id":"0a6344fa-b758-467b-ada6-3b7d16a361cd","time":"2026-04-27T19:36:42+05:30","caller":"C:/billing-service/internal/handlers/grpc.go:213","message":"gRPC: GetSubscription requested"}
{"level":"info","workspace_id":"0a6344fa-b758-467b-ada6-3b7d16a361cd","environment_id":"394a1e13-6f4e-46ec-9517-a851172485a5","time":"2026-04-27T19:36:42+05:30","caller":"C:/billing-service/internal/handlers/grpc.go:246","message":"gRPC: GetUsage requested"}
{"level":"info","workspace_id":"0a6344fa-b758-467b-ada6-3b7d16a361cd","time":"2026-04-27T19:36:58+05:30","caller":"C:/billing-service/internal/handlers/grpc.go:213","message":"gRPC: GetSubscription requested"}
{"level":"info","workspace_id":"0a6344fa-b758-467b-ada6-3b7d16a361cd","environment_id":"394a1e13-6f4e-46ec-9517-a851172485a5","time":"2026-04-27T19:36:58+05:30","caller":"C:/billing-service/internal/handlers/grpc.go:246","message":"gRPC: GetUsage requested"}
{"level":"info","workspace_id":"0a6344fa-b758-467b-ada6-3b7d16a361cd","plan_id":"ad8bd5c9-33be-412e-bd77-bc523936d14a","customer_email":"nyroozashraf@gmail.com","time":"2026-04-27T19:37:00+05:30","caller":"C:/billing-service/internal/handlers/grpc.go:294","message":"gRPC: CreateCheckoutSession requested"}
{"level":"info","workspace_id":"0a6344fa-b758-467b-ada6-3b7d16a361cd","time":"2026-04-27T19:37:56+05:30","caller":"C:/billing-service/internal/handlers/grpc.go:213","message":"gRPC: GetSubscription requested"}
{"level":"info","workspace_id":"0a6344fa-b758-467b-ada6-3b7d16a361cd","environment_id":"394a1e13-6f4e-46ec-9517-a851172485a5","time":"2026-04-27T19:37:56+05:30","caller":"C:/billing-service/internal/handlers/grpc.go:246","message":"gRPC: GetUsage requested"}
{"level":"info","workspace_id":"0a6344fa-b758-467b-ada6-3b7d16a361cd","time":"2026-04-27T19:38:04+05:30","caller":"C:/billing-service/internal/handlers/grpc.go:213","message":"gRPC: GetSubscription requested"}
{"level":"info","workspace_id":"0a6344fa-b758-467b-ada6-3b7d16a361cd","environment_id":"394a1e13-6f4e-46ec-9517-a851172485a5","time":"2026-04-27T19:38:04+05:30","caller":"C:/billing-service/internal/handlers/grpc.go:246","message":"gRPC: GetUsage requested"}
{"level":"info","workspace_id":"0a6344fa-b758-467b-ada6-3b7d16a361cd","time":"2026-04-27T19:38:12+05:30","caller":"C:/billing-service/internal/handlers/grpc.go:213","message":"gRPC: GetSubscription requested"}
{"level":"info","workspace_id":"0a6344fa-b758-467b-ada6-3b7d16a361cd","environment_id":"394a1e13-6f4e-46ec-9517-a851172485a5","time":"2026-04-27T19:38:12+05:30","caller":"C:/billing-service/internal/handlers/grpc.go:246","message":"gRPC: GetUsage requested"}
{"level":"info","workspace_id":"0a6344fa-b758-467b-ada6-3b7d16a361cd","environment_id":"394a1e13-6f4e-46ec-9517-a851172485a5","time":"2026-04-27T19:38:18+05:30","caller":"C:/billing-service/internal/handlers/grpc.go:246","message":"gRPC: GetUsage requested"}
{"level":"info","workspace_id":"0a6344fa-b758-467b-ada6-3b7d16a361cd","time":"2026-04-27T19:38:18+05:30","caller":"C:/billing-service/internal/handlers/grpc.go:213","message":"gRPC: GetSubscription requested"}
{"level":"info","workspace_id":"0a6344fa-b758-467b-ada6-3b7d16a361cd","time":"2026-04-27T19:39:56+05:30","caller":"C:/billing-service/internal/handlers/grpc.go:213","message":"gRPC: GetSubscription requested"}
{"level":"info","workspace_id":"0a6344fa-b758-467b-ada6-3b7d16a361cd","environment_id":"394a1e13-6f4e-46ec-9517-a851172485a5","time":"2026-04-27T19:39:56+05:30","caller":"C:/billing-service/internal/handlers/grpc.go:246","message":"gRPC: GetUsage requested"}
{"level":"info","workspace_id":"0a6344fa-b758-467b-ada6-3b7d16a361cd","time":"2026-04-27T19:40:06+05:30","caller":"C:/billing-service/internal/handlers/grpc.go:213","message":"gRPC: GetSubscription requested"}
{"level":"info","workspace_id":"0a6344fa-b758-467b-ada6-3b7d16a361cd","environment_id":"394a1e13-6f4e-46ec-9517-a851172485a5","time":"2026-04-27T19:40:06+05:30","caller":"C:/billing-service/internal/handlers/grpc.go:246","message":"gRPC: GetUsage requested"}
{"level":"info","workspace_id":"0a6344fa-b758-467b-ada6-3b7d16a361cd","time":"2026-04-27T19:40:14+05:30","caller":"C:/billing-service/internal/handlers/grpc.go:213","message":"gRPC: GetSubscription requested"}
{"level":"info","workspace_id":"0a6344fa-b758-467b-ada6-3b7d16a361cd","environment_id":"394a1e13-6f4e-46ec-9517-a851172485a5","time":"2026-04-27T19:40:14+05:30","caller":"C:/billing-service/internal/handlers/grpc.go:246","message":"gRPC: GetUsage requested"}
{"level":"info","workspace_id":"0a6344fa-b758-467b-ada6-3b7d16a361cd","time":"2026-04-27T19:40:36+05:30","caller":"C:/billing-service/internal/handlers/grpc.go:213","message":"gRPC: GetSubscription requested"}
{"level":"info","workspace_id":"0a6344fa-b758-467b-ada6-3b7d16a361cd","environment_id":"394a1e13-6f4e-46ec-9517-a851172485a5","time":"2026-04-27T19:40:36+05:30","caller":"C:/billing-service/internal/handlers/grpc.go:246","message":"gRPC: GetUsage requested"}
{"level":"info","workspace_id":"0a6344fa-b758-467b-ada6-3b7d16a361cd","time":"2026-04-27T19:41:02+05:30","caller":"C:/billing-service/internal/handlers/grpc.go:213","message":"gRPC: GetSubscription requested"}
{"level":"info","workspace_id":"0a6344fa-b758-467b-ada6-3b7d16a361cd","environment_id":"394a1e13-6f4e-46ec-9517-a851172485a5","time":"2026-04-27T19:41:02+05:30","caller":"C:/billing-service/internal/handlers/grpc.go:246","message":"gRPC: GetUsage requested"}
{"level":"info","workspace_id":"0a6344fa-b758-467b-ada6-3b7d16a361cd","time":"2026-04-27T19:41:07+05:30","caller":"C:/billing-service/internal/handlers/grpc.go:213","message":"gRPC: GetSubscription requested"}
{"level":"info","workspace_id":"0a6344fa-b758-467b-ada6-3b7d16a361cd","environment_id":"394a1e13-6f4e-46ec-9517-a851172485a5","time":"2026-04-27T19:41:07+05:30","caller":"C:/billing-service/internal/handlers/grpc.go:246","message":"gRPC: GetUsage requested"}
{"level":"info","workspace_id":"0a6344fa-b758-467b-ada6-3b7d16a361cd","plan_id":"ad8bd5c9-33be-412e-bd77-bc523936d14a","customer_email":"nyroozashraf@gmail.com","time":"2026-04-27T19:41:14+05:30","caller":"C:/billing-service/internal/handlers/grpc.go:294","message":"gRPC: CreateCheckoutSession requested"}
{"level":"info","workspace_id":"0a6344fa-b758-467b-ada6-3b7d16a361cd","environment_id":"394a1e13-6f4e-46ec-9517-a851172485a5","time":"2026-04-27T19:41:49+05:30","caller":"C:/billing-service/internal/handlers/grpc.go:246","message":"gRPC: GetUsage requested"}
{"level":"info","workspace_id":"0a6344fa-b758-467b-ada6-3b7d16a361cd","time":"2026-04-27T19:41:49+05:30","caller":"C:/billing-service/internal/handlers/grpc.go:213","message":"gRPC: GetSubscription requested"}
{"level":"info","workspace_id":"0a6344fa-b758-467b-ada6-3b7d16a361cd","time":"2026-04-27T19:41:56+05:30","caller":"C:/billing-service/internal/handlers/grpc.go:213","message":"gRPC: GetSubscription requested"}
{"level":"info","workspace_id":"0a6344fa-b758-467b-ada6-3b7d16a361cd","environment_id":"394a1e13-6f4e-46ec-9517-a851172485a5","time":"2026-04-27T19:41:56+05:30","caller":"C:/billing-service/internal/handlers/grpc.go:246","message":"gRPC: GetUsage requested"}
{"level":"info","workspace_id":"0a6344fa-b758-467b-ada6-3b7d16a361cd","time":"2026-04-27T19:41:57+05:30","caller":"C:/billing-service/internal/handlers/grpc.go:213","message":"gRPC: GetSubscription requested"}
{"level":"info","workspace_id":"0a6344fa-b758-467b-ada6-3b7d16a361cd","environment_id":"394a1e13-6f4e-46ec-9517-a851172485a5","time":"2026-04-27T19:41:57+05:30","caller":"C:/billing-service/internal/handlers/grpc.go:246","message":"gRPC: GetUsage requested"}
{"level":"info","workspace_id":"0a6344fa-b758-467b-ada6-3b7d16a361cd","time":"2026-04-27T19:41:58+05:30","caller":"C:/billing-service/internal/handlers/grpc.go:213","message":"gRPC: GetSubscription requested"}
{"level":"info","workspace_id":"0a6344fa-b758-467b-ada6-3b7d16a361cd","environment_id":"394a1e13-6f4e-46ec-9517-a851172485a5","time":"2026-04-27T19:41:58+05:30","caller":"C:/billing-service/internal/handlers/grpc.go:246","message":"gRPC: GetUsage requested"}
{"level":"info","workspace_id":"0a6344fa-b758-467b-ada6-3b7d16a361cd","time":"2026-04-27T19:42:06+05:30","caller":"C:/billing-service/internal/handlers/grpc.go:213","message":"gRPC: GetSubscription requested"}
{"level":"info","workspace_id":"0a6344fa-b758-467b-ada6-3b7d16a361cd","environment_id":"394a1e13-6f4e-46ec-9517-a851172485a5","time":"2026-04-27T19:42:06+05:30","caller":"C:/billing-service/internal/handlers/grpc.go:246","message":"gRPC: GetUsage requested"}
{"level":"info","workspace_id":"0a6344fa-b758-467b-ada6-3b7d16a361cd","time":"2026-04-27T19:42:10+05:30","caller":"C:/billing-service/internal/handlers/grpc.go:213","message":"gRPC: GetSubscription requested"}
{"level":"info","workspace_id":"0a6344fa-b758-467b-ada6-3b7d16a361cd","environment_id":"394a1e13-6f4e-46ec-9517-a851172485a5","time":"2026-04-27T19:42:10+05:30","caller":"C:/billing-service/internal/handlers/grpc.go:246","message":"gRPC: GetUsage requested"}
{"level":"info","workspace_id":"0a6344fa-b758-467b-ada6-3b7d16a361cd","time":"2026-04-27T19:42:18+05:30","caller":"C:/billing-service/internal/handlers/grpc.go:213","message":"gRPC: GetSubscription requested"}
{"level":"info","workspace_id":"0a6344fa-b758-467b-ada6-3b7d16a361cd","environment_id":"394a1e13-6f4e-46ec-9517-a851172485a5","time":"2026-04-27T19:42:18+05:30","caller":"C:/billing-service/internal/handlers/grpc.go:246","message":"gRPC: GetUsage requested"}
{"level":"info","workspace_id":"0a6344fa-b758-467b-ada6-3b7d16a361cd","time":"2026-04-27T19:42:46+05:30","caller":"C:/billing-service/internal/handlers/grpc.go:213","message":"gRPC: GetSubscription requested"}
{"level":"info","workspace_id":"0a6344fa-b758-467b-ada6-3b7d16a361cd","environment_id":"394a1e13-6f4e-46ec-9517-a851172485a5","time":"2026-04-27T19:42:46+05:30","caller":"C:/billing-service/internal/handlers/grpc.go:246","message":"gRPC: GetUsage requested"}
{"level":"info","workspace_id":"0a6344fa-b758-467b-ada6-3b7d16a361cd","time":"2026-04-27T19:45:45+05:30","caller":"C:/billing-service/internal/handlers/grpc.go:213","message":"gRPC: GetSubscription requested"}
{"level":"info","workspace_id":"0a6344fa-b758-467b-ada6-3b7d16a361cd","environment_id":"394a1e13-6f4e-46ec-9517-a851172485a5","time":"2026-04-27T19:45:45+05:30","caller":"C:/billing-service/internal/handlers/grpc.go:246","message":"gRPC: GetUsage requested"}
{"level":"info","workspace_id":"0a6344fa-b758-467b-ada6-3b7d16a361cd","plan_id":"ad8bd5c9-33be-412e-bd77-bc523936d14a","customer_email":"nyroozashraf@gmail.com","time":"2026-04-27T19:45:52+05:30","caller":"C:/billing-service/internal/handlers/grpc.go:294","message":"gRPC: CreateCheckoutSession requested"}
{"level":"info","workspace_id":"0a6344fa-b758-467b-ada6-3b7d16a361cd","time":"2026-04-27T22:45:18+05:30","caller":"C:/billing-service/internal/handlers/grpc.go:213","message":"gRPC: GetSubscription requested"}
{"level":"info","workspace_id":"0a6344fa-b758-467b-ada6-3b7d16a361cd","environment_id":"394a1e13-6f4e-46ec-9517-a851172485a5","time":"2026-04-27T22:45:18+05:30","caller":"C:/billing-service/internal/handlers/grpc.go:246","message":"gRPC: GetUsage requested"}
{"level":"info","workspace_id":"0a6344fa-b758-467b-ada6-3b7d16a361cd","time":"2026-04-27T22:46:28+05:30","caller":"C:/billing-service/internal/handlers/grpc.go:213","message":"gRPC: GetSubscription requested"}
{"level":"info","workspace_id":"0a6344fa-b758-467b-ada6-3b7d16a361cd","environment_id":"394a1e13-6f4e-46ec-9517-a851172485a5","time":"2026-04-27T22:46:28+05:30","caller":"C:/billing-service/internal/handlers/grpc.go:246","message":"gRPC: GetUsage requested"}
{"level":"info","workspace_id":"0a6344fa-b758-467b-ada6-3b7d16a361cd","plan_id":"84d323c3-bc5b-48e0-8483-882b6a876354","customer_email":"nyroozashraf@gmail.com","time":"2026-04-27T22:46:43+05:30","caller":"C:/billing-service/internal/handlers/grpc.go:294","message":"gRPC: CreateCheckoutSession requested"}
{"level":"info","workspace_id":"0a6344fa-b758-467b-ada6-3b7d16a361cd","time":"2026-04-27T22:46:58+05:30","caller":"C:/billing-service/internal/handlers/grpc.go:213","message":"gRPC: GetSubscription requested"}
{"level":"info","workspace_id":"0a6344fa-b758-467b-ada6-3b7d16a361cd","environment_id":"394a1e13-6f4e-46ec-9517-a851172485a5","time":"2026-04-27T22:46:58+05:30","caller":"C:/billing-service/internal/handlers/grpc.go:246","message":"gRPC: GetUsage requested"}
{"level":"info","workspace_id":"0a6344fa-b758-467b-ada6-3b7d16a361cd","time":"2026-04-27T22:47:18+05:30","caller":"C:/billing-service/internal/handlers/grpc.go:213","message":"gRPC: GetSubscription requested"}
{"level":"info","workspace_id":"0a6344fa-b758-467b-ada6-3b7d16a361cd","environment_id":"394a1e13-6f4e-46ec-9517-a851172485a5","time":"2026-04-27T22:47:18+05:30","caller":"C:/billing-service/internal/handlers/grpc.go:246","message":"gRPC: GetUsage requested"}
{"level":"info","workspace_id":"0a6344fa-b758-467b-ada6-3b7d16a361cd","time":"2026-04-27T22:47:43+05:30","caller":"C:/billing-service/internal/handlers/grpc.go:213","message":"gRPC: GetSubscription requested"}
{"level":"info","workspace_id":"0a6344fa-b758-467b-ada6-3b7d16a361cd","environment_id":"394a1e13-6f4e-46ec-9517-a851172485a5","time":"2026-04-27T22:47:43+05:30","caller":"C:/billing-service/internal/handlers/grpc.go:246","message":"gRPC: GetUsage requested"}
{"level":"info","workspace_id":"0a6344fa-b758-467b-ada6-3b7d16a361cd","time":"2026-04-27T22:49:26+05:30","caller":"C:/billing-service/internal/handlers/grpc.go:213","message":"gRPC: GetSubscription requested"}
{"level":"info","workspace_id":"0a6344fa-b758-467b-ada6-3b7d16a361cd","environment_id":"394a1e13-6f4e-46ec-9517-a851172485a5","time":"2026-04-27T22:49:26+05:30","caller":"C:/billing-service/internal/handlers/grpc.go:246","message":"gRPC: GetUsage requested"}
{"level":"info","workspace_id":"0a6344fa-b758-467b-ada6-3b7d16a361cd","time":"2026-04-27T22:49:31+05:30","caller":"C:/billing-service/internal/handlers/grpc.go:213","message":"gRPC: GetSubscription requested"}
{"level":"info","workspace_id":"0a6344fa-b758-467b-ada6-3b7d16a361cd","environment_id":"394a1e13-6f4e-46ec-9517-a851172485a5","time":"2026-04-27T22:49:31+05:30","caller":"C:/billing-service/internal/handlers/grpc.go:246","message":"gRPC: GetUsage requested"}
{"level":"info","workspace_id":"0a6344fa-b758-467b-ada6-3b7d16a361cd","time":"2026-04-27T22:49:35+05:30","caller":"C:/billing-service/internal/handlers/grpc.go:213","message":"gRPC: GetSubscription requested"}
{"level":"info","workspace_id":"0a6344fa-b758-467b-ada6-3b7d16a361cd","environment_id":"394a1e13-6f4e-46ec-9517-a851172485a5","time":"2026-04-27T22:49:35+05:30","caller":"C:/billing-service/internal/handlers/grpc.go:246","message":"gRPC: GetUsage requested"}
{"level":"info","workspace_id":"0a6344fa-b758-467b-ada6-3b7d16a361cd","environment_id":"394a1e13-6f4e-46ec-9517-a851172485a5","time":"2026-04-27T22:50:17+05:30","caller":"C:/billing-service/internal/handlers/grpc.go:246","message":"gRPC: GetUsage requested"}
{"level":"info","workspace_id":"0a6344fa-b758-467b-ada6-3b7d16a361cd","time":"2026-04-27T22:50:17+05:30","caller":"C:/billing-service/internal/handlers/grpc.go:213","message":"gRPC: GetSubscription requested"}
{"level":"info","workspace_id":"0a6344fa-b758-467b-ada6-3b7d16a361cd","time":"2026-04-27T22:50:23+05:30","caller":"C:/billing-service/internal/handlers/grpc.go:213","message":"gRPC: GetSubscription requested"}
{"level":"info","workspace_id":"0a6344fa-b758-467b-ada6-3b7d16a361cd","environment_id":"394a1e13-6f4e-46ec-9517-a851172485a5","time":"2026-04-27T22:50:23+05:30","caller":"C:/billing-service/internal/handlers/grpc.go:246","message":"gRPC: GetUsage requested"}
{"level":"info","workspace_id":"0a6344fa-b758-467b-ada6-3b7d16a361cd","time":"2026-04-27T22:50:25+05:30","caller":"C:/billing-service/internal/handlers/grpc.go:213","message":"gRPC: GetSubscription requested"}
{"level":"info","workspace_id":"0a6344fa-b758-467b-ada6-3b7d16a361cd","environment_id":"394a1e13-6f4e-46ec-9517-a851172485a5","time":"2026-04-27T22:50:25+05:30","caller":"C:/billing-service/internal/handlers/grpc.go:246","message":"gRPC: GetUsage requested"}
{"level":"info","workspace_id":"0a6344fa-b758-467b-ada6-3b7d16a361cd","time":"2026-04-27T22:50:37+05:30","caller":"C:/billing-service/internal/handlers/grpc.go:213","message":"gRPC: GetSubscription requested"}
{"level":"info","workspace_id":"0a6344fa-b758-467b-ada6-3b7d16a361cd","environment_id":"394a1e13-6f4e-46ec-9517-a851172485a5","time":"2026-04-27T22:50:37+05:30","caller":"C:/billing-service/internal/handlers/grpc.go:246","message":"gRPC: GetUsage requested"}
{"level":"info","workspace_id":"0a6344fa-b758-467b-ada6-3b7d16a361cd","plan_id":"ad8bd5c9-33be-412e-bd77-bc523936d14a","customer_email":"nyroozashraf@gmail.com","time":"2026-04-27T22:50:39+05:30","caller":"C:/billing-service/internal/handlers/grpc.go:294","message":"gRPC: CreateCheckoutSession requested"}
{"level":"info","workspace_id":"0a6344fa-b758-467b-ada6-3b7d16a361cd","time":"2026-04-27T22:51:40+05:30","caller":"C:/billing-service/internal/handlers/grpc.go:213","message":"gRPC: GetSubscription requested"}
{"level":"info","workspace_id":"0a6344fa-b758-467b-ada6-3b7d16a361cd","environment_id":"394a1e13-6f4e-46ec-9517-a851172485a5","time":"2026-04-27T22:51:40+05:30","caller":"C:/billing-service/internal/handlers/grpc.go:246","message":"gRPC: GetUsage requested"}
{"level":"info","workspace_id":"0a6344fa-b758-467b-ada6-3b7d16a361cd","plan_id":"ad8bd5c9-33be-412e-bd77-bc523936d14a","customer_email":"nyroozashraf@gmail.com","time":"2026-04-27T22:51:45+05:30","caller":"C:/billing-service/internal/handlers/grpc.go:294","message":"gRPC: CreateCheckoutSession requested"}
{"level":"info","workspace_id":"0a6344fa-b758-467b-ada6-3b7d16a361cd","environment_id":"394a1e13-6f4e-46ec-9517-a851172485a5","time":"2026-04-27T22:54:55+05:30","caller":"C:/billing-service/internal/handlers/grpc.go:246","message":"gRPC: GetUsage requested"}
{"level":"info","workspace_id":"0a6344fa-b758-467b-ada6-3b7d16a361cd","time":"2026-04-27T22:54:55+05:30","caller":"C:/billing-service/internal/handlers/grpc.go:213","message":"gRPC: GetSubscription requested"}
{"level":"info","workspace_id":"0a6344fa-b758-467b-ada6-3b7d16a361cd","time":"2026-04-27T22:55:07+05:30","caller":"C:/billing-service/internal/handlers/grpc.go:213","message":"gRPC: GetSubscription requested"}
{"level":"info","workspace_id":"0a6344fa-b758-467b-ada6-3b7d16a361cd","environment_id":"394a1e13-6f4e-46ec-9517-a851172485a5","time":"2026-04-27T22:55:07+05:30","caller":"C:/billing-service/internal/handlers/grpc.go:246","message":"gRPC: GetUsage requested"}
{"level":"info","workspace_id":"0a6344fa-b758-467b-ada6-3b7d16a361cd","time":"2026-04-27T22:55:45+05:30","caller":"C:/billing-service/internal/handlers/grpc.go:213","message":"gRPC: GetSubscription requested"}
{"level":"info","workspace_id":"0a6344fa-b758-467b-ada6-3b7d16a361cd","environment_id":"394a1e13-6f4e-46ec-9517-a851172485a5","time":"2026-04-27T22:55:45+05:30","caller":"C:/billing-service/internal/handlers/grpc.go:246","message":"gRPC: GetUsage requested"}
{"level":"info","workspace_id":"0a6344fa-b758-467b-ada6-3b7d16a361cd","plan_id":"ad8bd5c9-33be-412e-bd77-bc523936d14a","customer_email":"nyroozashraf@gmail.com","time":"2026-04-27T22:55:47+05:30","caller":"C:/billing-service/internal/handlers/grpc.go:294","message":"gRPC: CreateCheckoutSession requested"}
{"level":"info","time":"2026-04-27T23:08:57+05:30","caller":"C:/billing-service/internal/cron/schdeuler.go:86","message":"scheduler stopped"}
{"level":"info","time":"2026-04-27T23:08:57+05:30","caller":"C:/billing-service/cmd/cmd.go:63","message":"🛑 Received shutdown signal. Starting graceful shutdown..."}
{"level":"info","time":"2026-04-27T23:08:57+05:30","caller":"C:/billing-service/cmd/cmd.go:94","message":"❌ Service is gracefully stopping"}
{"level":"info","time":"2026-04-27T23:08:57+05:30","caller":"C:/billing-service/cmd/cmd.go:102","message":"HTTP server stopped gracefully"}
{"level":"info","time":"2026-04-27T23:08:57+05:30","caller":"C:/billing-service/cmd/cmd.go:112","message":"gRPC server stopped gracefully"}
{"level":"info","time":"2026-04-27T23:17:06+05:30","caller":"C:/billing-service/internal/app/app.go:34","message":"Starting billing service..."}
{"level":"info","port":"8081","time":"2026-04-27T23:17:06+05:30","caller":"C:/billing-service/cmd/cmd.go:45","message":"Starting HTTP server"}
{"level":"info","service":"billing-service","addr":":50051","time":"2026-04-27T23:17:06+05:30","caller":"C:/billing-service/cmd/cmd.go:36","message":"Starting gRPC server"}
{"level":"info","time":"2026-04-27T23:17:06+05:30","caller":"C:/billing-service/cmd/cmd.go:56","message":"🟢 Service is fully started and running. Waiting for signals..."}
{"level":"info","time":"2026-04-27T23:17:06+05:30","caller":"C:/billing-service/cmd/cmd.go:52","message":"Starting subscription expiry scheduler"}
{"level":"info","interval":3600000,"time":"2026-04-27T23:17:06+05:30","caller":"C:/billing-service/internal/cron/schdeuler.go:79","message":"scheduler started"}
{"level":"info","workspace_id":"0a6344fa-b758-467b-ada6-3b7d16a361cd","time":"2026-04-27T23:17:56+05:30","caller":"C:/billing-service/internal/handlers/grpc.go:213","message":"gRPC: GetSubscription requested"}
{"level":"info","workspace_id":"0a6344fa-b758-467b-ada6-3b7d16a361cd","environment_id":"394a1e13-6f4e-46ec-9517-a851172485a5","time":"2026-04-27T23:17:56+05:30","caller":"C:/billing-service/internal/handlers/grpc.go:246","message":"gRPC: GetUsage requested"}
{"level":"info","workspace_id":"0a6344fa-b758-467b-ada6-3b7d16a361cd","environment_id":"394a1e13-6f4e-46ec-9517-a851172485a5","time":"2026-04-27T23:19:05+05:30","caller":"C:/billing-service/internal/handlers/grpc.go:246","message":"gRPC: GetUsage requested"}
{"level":"info","workspace_id":"0a6344fa-b758-467b-ada6-3b7d16a361cd","time":"2026-04-27T23:19:05+05:30","caller":"C:/billing-service/internal/handlers/grpc.go:213","message":"gRPC: GetSubscription requested"}
{"level":"info","workspace_id":"0a6344fa-b758-467b-ada6-3b7d16a361cd","time":"2026-04-27T23:19:17+05:30","caller":"C:/billing-service/internal/handlers/grpc.go:213","message":"gRPC: GetSubscription requested"}
{"level":"info","workspace_id":"0a6344fa-b758-467b-ada6-3b7d16a361cd","environment_id":"394a1e13-6f4e-46ec-9517-a851172485a5","time":"2026-04-27T23:19:17+05:30","caller":"C:/billing-service/internal/handlers/grpc.go:246","message":"gRPC: GetUsage requested"}
{"level":"info","workspace_id":"0a6344fa-b758-467b-ada6-3b7d16a361cd","plan_id":"ad8bd5c9-33be-412e-bd77-bc523936d14a","customer_email":"nyroozashraf@gmail.com","time":"2026-04-27T23:19:18+05:30","caller":"C:/billing-service/internal/handlers/grpc.go:294","message":"gRPC: CreateCheckoutSession requested"}
{"level":"info","session_id":"cs_test_a1K8sAN1T2XxPN790VezXjvDXhDXe6D4oh3uXHARt8tJNVWnFBI23U5sJk","time":"2026-04-27T23:20:12+05:30","caller":"C:/billing-service/internal/handlers/grpc.go:309","message":"gRPC: GetCheckoutSession requested"}
{"level":"info","session_id":"cs_test_a1K8sAN1T2XxPN790VezXjvDXhDXe6D4oh3uXHARt8tJNVWnFBI23U5sJk","time":"2026-04-27T23:20:12+05:30","caller":"C:/billing-service/internal/handlers/grpc.go:309","message":"gRPC: GetCheckoutSession requested"}
{"level":"info","workspace_id":"0a6344fa-b758-467b-ada6-3b7d16a361cd","time":"2026-04-27T23:20:23+05:30","caller":"C:/billing-service/internal/handlers/grpc.go:213","message":"gRPC: GetSubscription requested"}
{"level":"info","workspace_id":"0a6344fa-b758-467b-ada6-3b7d16a361cd","environment_id":"394a1e13-6f4e-46ec-9517-a851172485a5","time":"2026-04-27T23:20:23+05:30","caller":"C:/billing-service/internal/handlers/grpc.go:246","message":"gRPC: GetUsage requested"}
{"level":"info","workspace_id":"0a6344fa-b758-467b-ada6-3b7d16a361cd","time":"2026-04-27T23:20:33+05:30","caller":"C:/billing-service/internal/handlers/grpc.go:213","message":"gRPC: GetSubscription requested"}
{"level":"info","workspace_id":"0a6344fa-b758-467b-ada6-3b7d16a361cd","environment_id":"394a1e13-6f4e-46ec-9517-a851172485a5","time":"2026-04-27T23:20:33+05:30","caller":"C:/billing-service/internal/handlers/grpc.go:246","message":"gRPC: GetUsage requested"}
{"level":"info","workspace_id":"0a6344fa-b758-467b-ada6-3b7d16a361cd","time":"2026-04-27T23:20:49+05:30","caller":"C:/billing-service/internal/handlers/grpc.go:213","message":"gRPC: GetSubscription requested"}
{"level":"info","workspace_id":"0a6344fa-b758-467b-ada6-3b7d16a361cd","environment_id":"394a1e13-6f4e-46ec-9517-a851172485a5","time":"2026-04-27T23:20:49+05:30","caller":"C:/billing-service/internal/handlers/grpc.go:246","message":"gRPC: GetUsage requested"}
{"level":"info","workspace_id":"0a6344fa-b758-467b-ada6-3b7d16a361cd","time":"2026-04-27T23:20:56+05:30","caller":"C:/billing-service/internal/handlers/grpc.go:213","message":"gRPC: GetSubscription requested"}
{"level":"info","workspace_id":"0a6344fa-b758-467b-ada6-3b7d16a361cd","environment_id":"394a1e13-6f4e-46ec-9517-a851172485a5","time":"2026-04-27T23:20:56+05:30","caller":"C:/billing-service/internal/handlers/grpc.go:246","message":"gRPC: GetUsage requested"}
{"level":"info","workspace_id":"0a6344fa-b758-467b-ada6-3b7d16a361cd","time":"2026-04-27T23:20:57+05:30","caller":"C:/billing-service/internal/handlers/grpc.go:213","message":"gRPC: GetSubscription requested"}
{"level":"info","workspace_id":"0a6344fa-b758-467b-ada6-3b7d16a361cd","environment_id":"394a1e13-6f4e-46ec-9517-a851172485a5","time":"2026-04-27T23:20:57+05:30","caller":"C:/billing-service/internal/handlers/grpc.go:246","message":"gRPC: GetUsage requested"}
{"level":"info","workspace_id":"0a6344fa-b758-467b-ada6-3b7d16a361cd","time":"2026-04-27T23:21:02+05:30","caller":"C:/billing-service/internal/handlers/grpc.go:213","message":"gRPC: GetSubscription requested"}
{"level":"info","workspace_id":"0a6344fa-b758-467b-ada6-3b7d16a361cd","environment_id":"394a1e13-6f4e-46ec-9517-a851172485a5","time":"2026-04-27T23:21:02+05:30","caller":"C:/billing-service/internal/handlers/grpc.go:246","message":"gRPC: GetUsage requested"}
{"level":"info","workspace_id":"0a6344fa-b758-467b-ada6-3b7d16a361cd","time":"2026-04-27T23:21:04+05:30","caller":"C:/billing-service/internal/handlers/grpc.go:213","message":"gRPC: GetSubscription requested"}
{"level":"info","workspace_id":"0a6344fa-b758-467b-ada6-3b7d16a361cd","environment_id":"394a1e13-6f4e-46ec-9517-a851172485a5","time":"2026-04-27T23:21:04+05:30","caller":"C:/billing-service/internal/handlers/grpc.go:246","message":"gRPC: GetUsage requested"}
{"level":"info","workspace_id":"0a6344fa-b758-467b-ada6-3b7d16a361cd","time":"2026-04-27T23:21:35+05:30","caller":"C:/billing-service/internal/handlers/grpc.go:213","message":"gRPC: GetSubscription requested"}
{"level":"info","workspace_id":"0a6344fa-b758-467b-ada6-3b7d16a361cd","environment_id":"394a1e13-6f4e-46ec-9517-a851172485a5","time":"2026-04-27T23:21:35+05:30","caller":"C:/billing-service/internal/handlers/grpc.go:246","message":"gRPC: GetUsage requested"}
{"level":"info","workspace_id":"0a6344fa-b758-467b-ada6-3b7d16a361cd","environment_id":"394a1e13-6f4e-46ec-9517-a851172485a5","time":"2026-04-27T23:22:14+05:30","caller":"C:/billing-service/internal/handlers/grpc.go:246","message":"gRPC: GetUsage requested"}
{"level":"info","workspace_id":"0a6344fa-b758-467b-ada6-3b7d16a361cd","time":"2026-04-27T23:22:14+05:30","caller":"C:/billing-service/internal/handlers/grpc.go:213","message":"gRPC: GetSubscription requested"}
{"level":"info","workspace_id":"0a6344fa-b758-467b-ada6-3b7d16a361cd","time":"2026-04-27T23:22:22+05:30","caller":"C:/billing-service/internal/handlers/grpc.go:213","message":"gRPC: GetSubscription requested"}
{"level":"info","workspace_id":"0a6344fa-b758-467b-ada6-3b7d16a361cd","environment_id":"394a1e13-6f4e-46ec-9517-a851172485a5","time":"2026-04-27T23:22:22+05:30","caller":"C:/billing-service/internal/handlers/grpc.go:246","message":"gRPC: GetUsage requested"}
{"level":"info","workspace_id":"0a6344fa-b758-467b-ada6-3b7d16a361cd","time":"2026-04-27T23:22:30+05:30","caller":"C:/billing-service/internal/handlers/grpc.go:213","message":"gRPC: GetSubscription requested"}
{"level":"info","workspace_id":"0a6344fa-b758-467b-ada6-3b7d16a361cd","environment_id":"394a1e13-6f4e-46ec-9517-a851172485a5","time":"2026-04-27T23:22:30+05:30","caller":"C:/billing-service/internal/handlers/grpc.go:246","message":"gRPC: GetUsage requested"}
{"level":"info","workspace_id":"0a6344fa-b758-467b-ada6-3b7d16a361cd","time":"2026-04-27T23:29:23+05:30","caller":"C:/billing-service/internal/handlers/grpc.go:213","message":"gRPC: GetSubscription requested"}
{"level":"info","workspace_id":"0a6344fa-b758-467b-ada6-3b7d16a361cd","environment_id":"394a1e13-6f4e-46ec-9517-a851172485a5","time":"2026-04-27T23:29:23+05:30","caller":"C:/billing-service/internal/handlers/grpc.go:246","message":"gRPC: GetUsage requested"}
{"level":"info","workspace_id":"0a6344fa-b758-467b-ada6-3b7d16a361cd","plan_id":"ad8bd5c9-33be-412e-bd77-bc523936d14a","customer_email":"nyroozashraf@gmail.com","time":"2026-04-27T23:29:31+05:30","caller":"C:/billing-service/internal/handlers/grpc.go:294","message":"gRPC: CreateCheckoutSession requested"}
{"level":"info","event_type":"subscription.created","time":"2026-04-27T23:30:05+05:30","caller":"C:/billing-service/internal/handlers/webhook.go:54","message":"📥 Received billing event"}
{"level":"info","event_type":"payment.succeeded","time":"2026-04-27T23:30:05+05:30","caller":"C:/billing-service/internal/handlers/webhook.go:54","message":"📥 Received billing event"}
{"level":"info","session_id":"cs_test_a1EJcpzUCrUw08eURLwDTsBjwTw8vLbzoS4FjLgDqcLehv9XelBX8orpZ3","time":"2026-04-27T23:30:06+05:30","caller":"C:/billing-service/internal/handlers/grpc.go:309","message":"gRPC: GetCheckoutSession requested"}
{"level":"info","session_id":"cs_test_a1EJcpzUCrUw08eURLwDTsBjwTw8vLbzoS4FjLgDqcLehv9XelBX8orpZ3","time":"2026-04-27T23:30:07+05:30","caller":"C:/billing-service/internal/handlers/grpc.go:309","message":"gRPC: GetCheckoutSession requested"}
{"level":"info","workspace_id":"0a6344fa-b758-467b-ada6-3b7d16a361cd","time":"2026-04-27T23:30:20+05:30","caller":"C:/billing-service/internal/handlers/grpc.go:213","message":"gRPC: GetSubscription requested"}
{"level":"info","workspace_id":"0a6344fa-b758-467b-ada6-3b7d16a361cd","environment_id":"394a1e13-6f4e-46ec-9517-a851172485a5","time":"2026-04-27T23:30:20+05:30","caller":"C:/billing-service/internal/handlers/grpc.go:246","message":"gRPC: GetUsage requested"}
{"level":"info","workspace_id":"0a6344fa-b758-467b-ada6-3b7d16a361cd","time":"2026-04-27T23:30:37+05:30","caller":"C:/billing-service/internal/handlers/grpc.go:213","message":"gRPC: GetSubscription requested"}
{"level":"info","workspace_id":"0a6344fa-b758-467b-ada6-3b7d16a361cd","environment_id":"394a1e13-6f4e-46ec-9517-a851172485a5","time":"2026-04-27T23:30:37+05:30","caller":"C:/billing-service/internal/handlers/grpc.go:246","message":"gRPC: GetUsage requested"}
{"level":"info","workspace_id":"0a6344fa-b758-467b-ada6-3b7d16a361cd","time":"2026-04-27T23:31:03+05:30","caller":"C:/billing-service/internal/handlers/grpc.go:213","message":"gRPC: GetSubscription requested"}
{"level":"info","workspace_id":"0a6344fa-b758-467b-ada6-3b7d16a361cd","environment_id":"394a1e13-6f4e-46ec-9517-a851172485a5","time":"2026-04-27T23:31:03+05:30","caller":"C:/billing-service/internal/handlers/grpc.go:246","message":"gRPC: GetUsage requested"}
{"level":"info","workspace_id":"0a6344fa-b758-467b-ada6-3b7d16a361cd","time":"2026-04-27T23:31:15+05:30","caller":"C:/billing-service/internal/handlers/grpc.go:213","message":"gRPC: GetSubscription requested"}
{"level":"info","workspace_id":"0a6344fa-b758-467b-ada6-3b7d16a361cd","environment_id":"394a1e13-6f4e-46ec-9517-a851172485a5","time":"2026-04-27T23:31:15+05:30","caller":"C:/billing-service/internal/handlers/grpc.go:246","message":"gRPC: GetUsage requested"}
{"level":"info","workspace_id":"0a6344fa-b758-467b-ada6-3b7d16a361cd","time":"2026-04-27T23:33:33+05:30","caller":"C:/billing-service/internal/handlers/grpc.go:213","message":"gRPC: GetSubscription requested"}
{"level":"info","workspace_id":"0a6344fa-b758-467b-ada6-3b7d16a361cd","environment_id":"394a1e13-6f4e-46ec-9517-a851172485a5","time":"2026-04-27T23:33:33+05:30","caller":"C:/billing-service/internal/handlers/grpc.go:246","message":"gRPC: GetUsage requested"}
{"level":"info","time":"2026-04-27T23:35:14+05:30","caller":"C:/billing-service/internal/cron/schdeuler.go:86","message":"scheduler stopped"}
{"level":"info","time":"2026-04-27T23:35:14+05:30","caller":"C:/billing-service/cmd/cmd.go:63","message":"🛑 Received shutdown signal. Starting graceful shutdown..."}
{"level":"info","time":"2026-04-27T23:35:14+05:30","caller":"C:/billing-service/cmd/cmd.go:94","message":"❌ Service is gracefully stopping"}
{"level":"info","time":"2026-04-27T23:35:14+05:30","caller":"C:/billing-service/cmd/cmd.go:102","message":"HTTP server stopped gracefully"}
{"level":"info","time":"2026-04-27T23:35:14+05:30","caller":"C:/billing-service/cmd/cmd.go:112","message":"gRPC server stopped gracefully"}
{"level":"info","time":"2026-04-27T23:36:17+05:30","caller":"C:/billing-service/internal/app/app.go:34","message":"Starting billing service..."}
{"level":"info","time":"2026-04-27T23:36:17+05:30","caller":"C:/billing-service/cmd/cmd.go:56","message":"🟢 Service is fully started and running. Waiting for signals..."}
{"level":"info","time":"2026-04-27T23:36:17+05:30","caller":"C:/billing-service/cmd/cmd.go:52","message":"Starting subscription expiry scheduler"}
{"level":"info","port":"8081","time":"2026-04-27T23:36:17+05:30","caller":"C:/billing-service/cmd/cmd.go:45","message":"Starting HTTP server"}
{"level":"info","service":"billing-service","addr":":50051","time":"2026-04-27T23:36:17+05:30","caller":"C:/billing-service/cmd/cmd.go:36","message":"Starting gRPC server"}
{"level":"info","interval":3600000,"time":"2026-04-27T23:36:17+05:30","caller":"C:/billing-service/internal/cron/schdeuler.go:79","message":"scheduler started"}
{"level":"info","workspace_id":"0a6344fa-b758-467b-ada6-3b7d16a361cd","time":"2026-04-27T23:36:23+05:30","caller":"C:/billing-service/internal/handlers/grpc.go:213","message":"gRPC: GetSubscription requested"}
{"level":"info","workspace_id":"0a6344fa-b758-467b-ada6-3b7d16a361cd","environment_id":"394a1e13-6f4e-46ec-9517-a851172485a5","time":"2026-04-27T23:36:23+05:30","caller":"C:/billing-service/internal/handlers/grpc.go:246","message":"gRPC: GetUsage requested"}
{"level":"info","workspace_id":"0a6344fa-b758-467b-ada6-3b7d16a361cd","time":"2026-04-27T23:36:28+05:30","caller":"C:/billing-service/internal/handlers/grpc.go:213","message":"gRPC: GetSubscription requested"}
{"level":"info","workspace_id":"0a6344fa-b758-467b-ada6-3b7d16a361cd","environment_id":"394a1e13-6f4e-46ec-9517-a851172485a5","time":"2026-04-27T23:36:28+05:30","caller":"C:/billing-service/internal/handlers/grpc.go:246","message":"gRPC: GetUsage requested"}
{"level":"info","workspace_id":"0a6344fa-b758-467b-ada6-3b7d16a361cd","time":"2026-04-27T23:37:00+05:30","caller":"C:/billing-service/internal/handlers/grpc.go:213","message":"gRPC: GetSubscription requested"}
{"level":"info","workspace_id":"0a6344fa-b758-467b-ada6-3b7d16a361cd","environment_id":"394a1e13-6f4e-46ec-9517-a851172485a5","time":"2026-04-27T23:37:00+05:30","caller":"C:/billing-service/internal/handlers/grpc.go:246","message":"gRPC: GetUsage requested"}
{"level":"info","time":"2026-04-27T23:43:55+05:30","caller":"C:/billing-service/internal/cron/schdeuler.go:86","message":"scheduler stopped"}
{"level":"info","time":"2026-04-27T23:43:55+05:30","caller":"C:/billing-service/cmd/cmd.go:63","message":"🛑 Received shutdown signal. Starting graceful shutdown..."}
{"level":"info","time":"2026-04-27T23:43:55+05:30","caller":"C:/billing-service/cmd/cmd.go:94","message":"❌ Service is gracefully stopping"}
{"level":"info","time":"2026-04-27T23:43:55+05:30","caller":"C:/billing-service/cmd/cmd.go:102","message":"HTTP server stopped gracefully"}
{"level":"info","time":"2026-04-27T23:43:55+05:30","caller":"C:/billing-service/cmd/cmd.go:112","message":"gRPC server stopped gracefully"}
{"level":"info","time":"2026-04-27T23:44:10+05:30","caller":"C:/billing-service/internal/app/app.go:34","message":"Starting billing service..."}
{"level":"info","service":"billing-service","addr":":50051","time":"2026-04-27T23:44:10+05:30","caller":"C:/billing-service/cmd/cmd.go:36","message":"Starting gRPC server"}
{"level":"info","time":"2026-04-27T23:44:10+05:30","caller":"C:/billing-service/cmd/cmd.go:52","message":"Starting subscription expiry scheduler"}
{"level":"info","port":"8081","time":"2026-04-27T23:44:10+05:30","caller":"C:/billing-service/cmd/cmd.go:45","message":"Starting HTTP server"}
{"level":"info","time":"2026-04-27T23:44:10+05:30","caller":"C:/billing-service/cmd/cmd.go:56","message":"🟢 Service is fully started and running. Waiting for signals..."}
{"level":"info","interval":3600000,"time":"2026-04-27T23:44:10+05:30","caller":"C:/billing-service/internal/cron/schdeuler.go:79","message":"scheduler started"}
{"level":"info","workspace_id":"0a6344fa-b758-467b-ada6-3b7d16a361cd","time":"2026-04-27T23:44:18+05:30","caller":"C:/billing-service/internal/handlers/grpc.go:213","message":"gRPC: GetSubscription requested"}
{"level":"info","workspace_id":"0a6344fa-b758-467b-ada6-3b7d16a361cd","environment_id":"394a1e13-6f4e-46ec-9517-a851172485a5","time":"2026-04-27T23:44:18+05:30","caller":"C:/billing-service/internal/handlers/grpc.go:246","message":"gRPC: GetUsage requested"}
{"level":"info","workspace_id":"0a6344fa-b758-467b-ada6-3b7d16a361cd","environment_id":"394a1e13-6f4e-46ec-9517-a851172485a5","time":"2026-04-27T23:44:21+05:30","caller":"C:/billing-service/internal/handlers/grpc.go:246","message":"gRPC: GetUsage requested"}
{"level":"info","workspace_id":"0a6344fa-b758-467b-ada6-3b7d16a361cd","time":"2026-04-27T23:44:21+05:30","caller":"C:/billing-service/internal/handlers/grpc.go:213","message":"gRPC: GetSubscription requested"}
{"level":"info","workspace_id":"0a6344fa-b758-467b-ada6-3b7d16a361cd","time":"2026-04-27T23:44:22+05:30","caller":"C:/billing-service/internal/handlers/grpc.go:213","message":"gRPC: GetSubscription requested"}
{"level":"info","workspace_id":"0a6344fa-b758-467b-ada6-3b7d16a361cd","time":"2026-04-27T23:44:24+05:30","caller":"C:/billing-service/internal/handlers/grpc.go:213","message":"gRPC: GetSubscription requested"}
{"level":"info","workspace_id":"0a6344fa-b758-467b-ada6-3b7d16a361cd","time":"2026-04-27T23:45:03+05:30","caller":"C:/billing-service/internal/handlers/grpc.go:213","message":"gRPC: GetSubscription requested"}
{"level":"info","workspace_id":"0a6344fa-b758-467b-ada6-3b7d16a361cd","environment_id":"394a1e13-6f4e-46ec-9517-a851172485a5","time":"2026-04-27T23:45:03+05:30","caller":"C:/billing-service/internal/handlers/grpc.go:246","message":"gRPC: GetUsage requested"}
{"level":"info","workspace_id":"0a6344fa-b758-467b-ada6-3b7d16a361cd","time":"2026-04-27T23:45:06+05:30","caller":"C:/billing-service/internal/handlers/grpc.go:213","message":"gRPC: GetSubscription requested"}
{"level":"info","workspace_id":"0a6344fa-b758-467b-ada6-3b7d16a361cd","environment_id":"394a1e13-6f4e-46ec-9517-a851172485a5","time":"2026-04-27T23:45:06+05:30","caller":"C:/billing-service/internal/handlers/grpc.go:246","message":"gRPC: GetUsage requested"}
{"level":"info","workspace_id":"0a6344fa-b758-467b-ada6-3b7d16a361cd","time":"2026-04-27T23:45:07+05:30","caller":"C:/billing-service/internal/handlers/grpc.go:213","message":"gRPC: GetSubscription requested"}
{"level":"info","workspace_id":"0a6344fa-b758-467b-ada6-3b7d16a361cd","time":"2026-04-27T23:45:09+05:30","caller":"C:/billing-service/internal/handlers/grpc.go:213","message":"gRPC: GetSubscription requested"}
{"level":"info","time":"2026-04-27T23:46:21+05:30","caller":"C:/billing-service/internal/cron/schdeuler.go:86","message":"scheduler stopped"}
{"level":"info","time":"2026-04-27T23:46:21+05:30","caller":"C:/billing-service/cmd/cmd.go:63","message":"🛑 Received shutdown signal. Starting graceful shutdown..."}
{"level":"info","time":"2026-04-27T23:46:21+05:30","caller":"C:/billing-service/cmd/cmd.go:94","message":"❌ Service is gracefully stopping"}
{"level":"info","time":"2026-04-27T23:46:21+05:30","caller":"C:/billing-service/cmd/cmd.go:102","message":"HTTP server stopped gracefully"}
{"level":"info","time":"2026-04-27T23:46:21+05:30","caller":"C:/billing-service/cmd/cmd.go:112","message":"gRPC server stopped gracefully"}
{"level":"info","time":"2026-04-27T23:46:27+05:30","caller":"C:/billing-service/internal/app/app.go:34","message":"Starting billing service..."}
{"level":"info","time":"2026-04-27T23:46:27+05:30","caller":"C:/billing-service/cmd/cmd.go:56","message":"🟢 Service is fully started and running. Waiting for signals..."}
{"level":"info","time":"2026-04-27T23:46:27+05:30","caller":"C:/billing-service/cmd/cmd.go:52","message":"Starting subscription expiry scheduler"}
{"level":"info","service":"billing-service","addr":":50051","time":"2026-04-27T23:46:27+05:30","caller":"C:/billing-service/cmd/cmd.go:36","message":"Starting gRPC server"}
{"level":"info","interval":3600000,"time":"2026-04-27T23:46:27+05:30","caller":"C:/billing-service/internal/cron/schdeuler.go:79","message":"scheduler started"}
{"level":"info","port":"8081","time":"2026-04-27T23:46:27+05:30","caller":"C:/billing-service/cmd/cmd.go:45","message":"Starting HTTP server"}
{"level":"info","workspace_id":"0a6344fa-b758-467b-ada6-3b7d16a361cd","time":"2026-04-27T23:46:31+05:30","caller":"C:/billing-service/internal/handlers/grpc.go:213","message":"gRPC: GetSubscription requested"}
{"level":"info","workspace_id":"0a6344fa-b758-467b-ada6-3b7d16a361cd","environment_id":"394a1e13-6f4e-46ec-9517-a851172485a5","time":"2026-04-27T23:46:31+05:30","caller":"C:/billing-service/internal/handlers/grpc.go:247","message":"gRPC: GetUsage requested"}
{"level":"info","workspace_id":"0a6344fa-b758-467b-ada6-3b7d16a361cd","time":"2026-04-27T23:46:41+05:30","caller":"C:/billing-service/internal/handlers/grpc.go:213","message":"gRPC: GetSubscription requested"}
{"level":"info","workspace_id":"0a6344fa-b758-467b-ada6-3b7d16a361cd","environment_id":"394a1e13-6f4e-46ec-9517-a851172485a5","time":"2026-04-27T23:46:41+05:30","caller":"C:/billing-service/internal/handlers/grpc.go:247","message":"gRPC: GetUsage requested"}
{"level":"info","workspace_id":"0a6344fa-b758-467b-ada6-3b7d16a361cd","time":"2026-04-27T23:46:42+05:30","caller":"C:/billing-service/internal/handlers/grpc.go:213","message":"gRPC: GetSubscription requested"}
{"level":"info","workspace_id":"0a6344fa-b758-467b-ada6-3b7d16a361cd","time":"2026-04-27T23:46:44+05:30","caller":"C:/billing-service/internal/handlers/grpc.go:213","message":"gRPC: GetSubscription requested"}
{"level":"info","workspace_id":"0a6344fa-b758-467b-ada6-3b7d16a361cd","environment_id":"394a1e13-6f4e-46ec-9517-a851172485a5","time":"2026-04-27T23:46:44+05:30","caller":"C:/billing-service/internal/handlers/grpc.go:247","message":"gRPC: GetUsage requested"}
{"level":"info","workspace_id":"0a6344fa-b758-467b-ada6-3b7d16a361cd","time":"2026-04-27T23:46:45+05:30","caller":"C:/billing-service/internal/handlers/grpc.go:213","message":"gRPC: GetSubscription requested"}
{"level":"info","time":"2026-04-27T23:48:43+05:30","caller":"C:/billing-service/internal/cron/schdeuler.go:86","message":"scheduler stopped"}
{"level":"info","time":"2026-04-27T23:48:43+05:30","caller":"C:/billing-service/cmd/cmd.go:63","message":"🛑 Received shutdown signal. Starting graceful shutdown..."}
{"level":"info","time":"2026-04-27T23:48:43+05:30","caller":"C:/billing-service/cmd/cmd.go:94","message":"❌ Service is gracefully stopping"}
{"level":"info","time":"2026-04-27T23:48:43+05:30","caller":"C:/billing-service/cmd/cmd.go:102","message":"HTTP server stopped gracefully"}
{"level":"info","time":"2026-04-27T23:48:43+05:30","caller":"C:/billing-service/cmd/cmd.go:112","message":"gRPC server stopped gracefully"}
{"level":"info","time":"2026-04-27T23:48:51+05:30","caller":"C:/billing-service/internal/app/app.go:34","message":"Starting billing service..."}
{"level":"info","time":"2026-04-27T23:48:51+05:30","caller":"C:/billing-service/cmd/cmd.go:56","message":"🟢 Service is fully started and running. Waiting for signals..."}
{"level":"info","service":"billing-service","addr":":50051","time":"2026-04-27T23:48:51+05:30","caller":"C:/billing-service/cmd/cmd.go:36","message":"Starting gRPC server"}
{"level":"info","port":"8081","time":"2026-04-27T23:48:51+05:30","caller":"C:/billing-service/cmd/cmd.go:45","message":"Starting HTTP server"}
{"level":"info","time":"2026-04-27T23:48:51+05:30","caller":"C:/billing-service/cmd/cmd.go:52","message":"Starting subscription expiry scheduler"}
{"level":"info","interval":3600000,"time":"2026-04-27T23:48:51+05:30","caller":"C:/billing-service/internal/cron/schdeuler.go:79","message":"scheduler started"}
{"level":"info","workspace_id":"0a6344fa-b758-467b-ada6-3b7d16a361cd","time":"2026-04-27T23:49:09+05:30","caller":"C:/billing-service/internal/handlers/grpc.go:213","message":"gRPC: GetSubscription requested"}
{"level":"info","workspace_id":"0a6344fa-b758-467b-ada6-3b7d16a361cd","environment_id":"394a1e13-6f4e-46ec-9517-a851172485a5","time":"2026-04-27T23:49:09+05:30","caller":"C:/billing-service/internal/handlers/grpc.go:248","message":"gRPC: GetUsage requested"}
{"level":"info","workspace_id":"0a6344fa-b758-467b-ada6-3b7d16a361cd","time":"2026-04-27T23:49:13+05:30","caller":"C:/billing-service/internal/handlers/grpc.go:213","message":"gRPC: GetSubscription requested"}
{"level":"info","time":"2026-04-27T23:51:05+05:30","caller":"C:/billing-service/internal/cron/schdeuler.go:86","message":"scheduler stopped"}
{"level":"info","time":"2026-04-27T23:51:05+05:30","caller":"C:/billing-service/cmd/cmd.go:63","message":"🛑 Received shutdown signal. Starting graceful shutdown..."}
{"level":"info","time":"2026-04-27T23:51:05+05:30","caller":"C:/billing-service/cmd/cmd.go:94","message":"❌ Service is gracefully stopping"}
{"level":"info","time":"2026-04-27T23:51:05+05:30","caller":"C:/billing-service/cmd/cmd.go:102","message":"HTTP server stopped gracefully"}
{"level":"info","time":"2026-04-27T23:51:05+05:30","caller":"C:/billing-service/cmd/cmd.go:112","message":"gRPC server stopped gracefully"}
{"level":"info","time":"2026-04-27T23:51:12+05:30","caller":"C:/billing-service/internal/app/app.go:34","message":"Starting billing service..."}
{"level":"info","time":"2026-04-27T23:51:12+05:30","caller":"C:/billing-service/cmd/cmd.go:56","message":"🟢 Service is fully started and running. Waiting for signals..."}
{"level":"info","port":"8081","time":"2026-04-27T23:51:12+05:30","caller":"C:/billing-service/cmd/cmd.go:45","message":"Starting HTTP server"}
{"level":"info","service":"billing-service","addr":":50051","time":"2026-04-27T23:51:12+05:30","caller":"C:/billing-service/cmd/cmd.go:36","message":"Starting gRPC server"}
{"level":"info","time":"2026-04-27T23:51:12+05:30","caller":"C:/billing-service/cmd/cmd.go:52","message":"Starting subscription expiry scheduler"}
{"level":"info","interval":3600000,"time":"2026-04-27T23:51:12+05:30","caller":"C:/billing-service/internal/cron/schdeuler.go:79","message":"scheduler started"}
{"level":"info","workspace_id":"0a6344fa-b758-467b-ada6-3b7d16a361cd","time":"2026-04-27T23:51:24+05:30","caller":"C:/billing-service/internal/handlers/grpc.go:213","message":"gRPC: GetSubscription requested"}
{"level":"info","workspace_id":"0a6344fa-b758-467b-ada6-3b7d16a361cd","environment_id":"394a1e13-6f4e-46ec-9517-a851172485a5","time":"2026-04-27T23:51:24+05:30","caller":"C:/billing-service/internal/handlers/grpc.go:248","message":"gRPC: GetUsage requested"}
{"level":"info","data":null,"time":"2026-04-27T23:51:24+05:30","caller":"C:/billing-service/internal/handlers/grpc.go:217","message":"subsction got "}
{"level":"info","workspace_id":"0a6344fa-b758-467b-ada6-3b7d16a361cd","time":"2026-04-27T23:51:25+05:30","caller":"C:/billing-service/internal/handlers/grpc.go:213","message":"gRPC: GetSubscription requested"}
{"level":"info","data":null,"time":"2026-04-27T23:51:25+05:30","caller":"C:/billing-service/internal/handlers/grpc.go:217","message":"subsction got "}
{"level":"info","workspace_id":"0a6344fa-b758-467b-ada6-3b7d16a361cd","time":"2026-04-27T23:51:27+05:30","caller":"C:/billing-service/internal/handlers/grpc.go:213","message":"gRPC: GetSubscription requested"}
{"level":"info","workspace_id":"0a6344fa-b758-467b-ada6-3b7d16a361cd","environment_id":"394a1e13-6f4e-46ec-9517-a851172485a5","time":"2026-04-27T23:51:27+05:30","caller":"C:/billing-service/internal/handlers/grpc.go:248","message":"gRPC: GetUsage requested"}
{"level":"info","data":null,"time":"2026-04-27T23:51:27+05:30","caller":"C:/billing-service/internal/handlers/grpc.go:217","message":"subsction got "}
{"level":"info","workspace_id":"0a6344fa-b758-467b-ada6-3b7d16a361cd","time":"2026-04-27T23:51:47+05:30","caller":"C:/billing-service/internal/handlers/grpc.go:213","message":"gRPC: GetSubscription requested"}
{"level":"info","workspace_id":"0a6344fa-b758-467b-ada6-3b7d16a361cd","environment_id":"394a1e13-6f4e-46ec-9517-a851172485a5","time":"2026-04-27T23:51:47+05:30","caller":"C:/billing-service/internal/handlers/grpc.go:248","message":"gRPC: GetUsage requested"}
{"level":"info","data":null,"time":"2026-04-27T23:51:47+05:30","caller":"C:/billing-service/internal/handlers/grpc.go:217","message":"subsction got "}
{"level":"info","time":"2026-04-27T23:59:30+05:30","caller":"C:/billing-service/internal/cron/schdeuler.go:86","message":"scheduler stopped"}
{"level":"info","time":"2026-04-27T23:59:30+05:30","caller":"C:/billing-service/cmd/cmd.go:63","message":"🛑 Received shutdown signal. Starting graceful shutdown..."}
{"level":"info","time":"2026-04-27T23:59:30+05:30","caller":"C:/billing-service/cmd/cmd.go:94","message":"❌ Service is gracefully stopping"}
{"level":"info","time":"2026-04-27T23:59:30+05:30","caller":"C:/billing-service/cmd/cmd.go:102","message":"HTTP server stopped gracefully"}
{"level":"info","time":"2026-04-27T23:59:30+05:30","caller":"C:/billing-service/cmd/cmd.go:112","message":"gRPC server stopped gracefully"}
{"level":"info","time":"2026-04-28T00:12:53+05:30","caller":"C:/billing-service/internal/app/app.go:34","message":"Starting billing service..."}
{"level":"info","time":"2026-04-28T00:12:53+05:30","caller":"C:/billing-service/cmd/cmd.go:52","message":"Starting subscription expiry scheduler"}
{"level":"info","time":"2026-04-28T00:12:53+05:30","caller":"C:/billing-service/cmd/cmd.go:56","message":"🟢 Service is fully started and running. Waiting for signals..."}
{"level":"info","service":"billing-service","addr":":50051","time":"2026-04-28T00:12:53+05:30","caller":"C:/billing-service/cmd/cmd.go:36","message":"Starting gRPC server"}
{"level":"info","port":"8081","time":"2026-04-28T00:12:53+05:30","caller":"C:/billing-service/cmd/cmd.go:45","message":"Starting HTTP server"}
{"level":"info","interval":3600000,"time":"2026-04-28T00:12:53+05:30","caller":"C:/billing-service/internal/cron/schdeuler.go:79","message":"scheduler started"}
{"level":"info","component":"stripe_provider","event_type":"product.created","event_id":"evt_1TQu7U0yF76gbNAzbGh6f9zm","time":"2026-04-28T00:12:59+05:30","caller":"C:/billing-service/internal/stripe/client.go:41","message":"stripe event received"}
{"level":"info","component":"stripe_provider","event_type":"price.created","event_id":"evt_1TQu7V0yF76gbNAzhtr3eufI","time":"2026-04-28T00:13:00+05:30","caller":"C:/billing-service/internal/stripe/client.go:41","message":"stripe event received"}
{"level":"info","component":"stripe_provider","event_type":"charge.succeeded","event_id":"evt_3TQu7Y0yF76gbNAz0C91VEoP","time":"2026-04-28T00:13:05+05:30","caller":"C:/billing-service/internal/stripe/client.go:41","message":"stripe event received"}
{"level":"info","component":"stripe_provider","event_type":"payment_intent.succeeded","event_id":"evt_3TQu7Y0yF76gbNAz02GapJDr","time":"2026-04-28T00:13:05+05:30","caller":"C:/billing-service/internal/stripe/client.go:41","message":"stripe event received"}
{"level":"info","component":"stripe_provider","event_type":"payment_intent.created","event_id":"evt_3TQu7Y0yF76gbNAz0mDh1Q0P","time":"2026-04-28T00:13:05+05:30","caller":"C:/billing-service/internal/stripe/client.go:41","message":"stripe event received"}
{"level":"info","component":"stripe_provider","event_type":"checkout.session.completed","event_id":"evt_1TQu7Z0yF76gbNAzX65dEFco","time":"2026-04-28T00:13:05+05:30","caller":"C:/billing-service/internal/stripe/client.go:41","message":"stripe event received"}
{"level":"error","error":"invalid metadata variables: invalid workspace id: invalid UUID length: 0","time":"2026-04-28T00:13:05+05:30","caller":"C:/billing-service/internal/handlers/webhook.go:41","message":"❌ Failed to parse billing event"}
{"level":"info","component":"stripe_provider","event_type":"charge.updated","event_id":"evt_3TQu7Y0yF76gbNAz0asHtgdw","time":"2026-04-28T00:13:11+05:30","caller":"C:/billing-service/internal/stripe/client.go:41","message":"stripe event received"}
{"level":"info","workspace_id":"0a6344fa-b758-467b-ada6-3b7d16a361cd","time":"2026-04-28T00:15:24+05:30","caller":"C:/billing-service/internal/handlers/grpc.go:213","message":"gRPC: GetSubscription requested"}
{"level":"info","workspace_id":"0a6344fa-b758-467b-ada6-3b7d16a361cd","environment_id":"394a1e13-6f4e-46ec-9517-a851172485a5","time":"2026-04-28T00:15:24+05:30","caller":"C:/billing-service/internal/handlers/grpc.go:248","message":"gRPC: GetUsage requested"}
{"level":"info","workspace_id":"0a6344fa-b758-467b-ada6-3b7d16a361cd","plan_id":"ad8bd5c9-33be-412e-bd77-bc523936d14a","customer_email":"nyroozashraf@gmail.com","time":"2026-04-28T00:15:25+05:30","caller":"C:/billing-service/internal/handlers/grpc.go:296","message":"gRPC: CreateCheckoutSession requested"}
{"level":"info","component":"stripe_provider","session_id":"cs_test_a1RTomBZ9BI4JRMsllCUUwYQbnjJpR2i1nDB0SiNsxjddbludaTbbLNB4L","workspace_id":"0a6344fa-b758-467b-ada6-3b7d16a361cd","time":"2026-04-28T00:15:26+05:30","caller":"C:/billing-service/internal/stripe/client.go:88","message":"stripe checkout session created"}
{"level":"info","component":"stripe_provider","event_type":"charge.succeeded","event_id":"evt_3TQuA30yF76gbNAz0PvYOCbK","time":"2026-04-28T00:15:41+05:30","caller":"C:/billing-service/internal/stripe/client.go:41","message":"stripe event received"}
{"level":"info","component":"stripe_provider","event_type":"payment_method.attached","event_id":"evt_1TQuA60yF76gbNAzR2hmxPqq","time":"2026-04-28T00:15:41+05:30","caller":"C:/billing-service/internal/stripe/client.go:41","message":"stripe event received"}
{"level":"info","component":"stripe_provider","event_type":"customer.updated","event_id":"evt_1TQuA60yF76gbNAz8nduCql0","time":"2026-04-28T00:15:41+05:30","caller":"C:/billing-service/internal/stripe/client.go:41","message":"stripe event received"}
{"level":"info","component":"stripe_provider","event_type":"customer.created","event_id":"evt_1TQuA60yF76gbNAzuedlntfI","time":"2026-04-28T00:15:41+05:30","caller":"C:/billing-service/internal/stripe/client.go:41","message":"stripe event received"}
{"level":"info","component":"stripe_provider","event_type":"customer.subscription.created","event_id":"evt_1TQuA60yF76gbNAz3O1bNsHS","time":"2026-04-28T00:15:42+05:30","caller":"C:/billing-service/internal/stripe/client.go:41","message":"stripe event received"}
{"level":"info","component":"stripe_provider","event_type":"payment_intent.succeeded","event_id":"evt_3TQuA30yF76gbNAz0xx8x06d","time":"2026-04-28T00:15:42+05:30","caller":"C:/billing-service/internal/stripe/client.go:41","message":"stripe event received"}
{"level":"info","component":"stripe_provider","event_type":"invoice.created","event_id":"evt_1TQuA70yF76gbNAzSCcUvoS5","time":"2026-04-28T00:15:42+05:30","caller":"C:/billing-service/internal/stripe/client.go:41","message":"stripe event received"}
{"level":"info","component":"stripe_provider","event_type":"invoice.finalized","event_id":"evt_1TQuA70yF76gbNAzYAuBSW28","time":"2026-04-28T00:15:42+05:30","caller":"C:/billing-service/internal/stripe/client.go:41","message":"stripe event received"}
{"level":"info","component":"stripe_provider","event_type":"invoice.paid","event_id":"evt_1TQuA70yF76gbNAzfR7c73z4","time":"2026-04-28T00:15:42+05:30","caller":"C:/billing-service/internal/stripe/client.go:41","message":"stripe event received"}
{"level":"info","component":"stripe_provider","event_type":"invoice.payment_succeeded","event_id":"evt_1TQuA70yF76gbNAzNoq2gIrb","time":"2026-04-28T00:15:42+05:30","caller":"C:/billing-service/internal/stripe/client.go:41","message":"stripe event received"}
{"level":"info","event_type":"payment.succeeded","time":"2026-04-28T00:15:42+05:30","caller":"C:/billing-service/internal/handlers/webhook.go:54","message":"📥 Received billing event"}
{"level":"info","component":"stripe_provider","event_type":"checkout.session.completed","event_id":"evt_1TQuA70yF76gbNAzt04VxRPu","time":"2026-04-28T00:15:42+05:30","caller":"C:/billing-service/internal/stripe/client.go:41","message":"stripe event received"}
{"level":"info","component":"stripe_provider","period_start":1777315538,"period_end":1779907538,"time":"2026-04-28T00:15:43+05:30","caller":"C:/billing-service/internal/stripe/client.go:140","message":"stripe subscription period dates"}
{"level":"info","event_type":"subscription.created","time":"2026-04-28T00:15:43+05:30","caller":"C:/billing-service/internal/handlers/webhook.go:54","message":"📥 Received billing event"}
{"level":"info","component":"stripe_provider","event_type":"payment_intent.created","event_id":"evt_3TQuA30yF76gbNAz0XSxEJm9","time":"2026-04-28T00:15:45+05:30","caller":"C:/billing-service/internal/stripe/client.go:41","message":"stripe event received"}
{"level":"info","session_id":"cs_test_a1RTomBZ9BI4JRMsllCUUwYQbnjJpR2i1nDB0SiNsxjddbludaTbbLNB4L","time":"2026-04-28T00:15:46+05:30","caller":"C:/billing-service/internal/handlers/grpc.go:311","message":"gRPC: GetCheckoutSession requested"}
{"level":"info","session_id":"cs_test_a1RTomBZ9BI4JRMsllCUUwYQbnjJpR2i1nDB0SiNsxjddbludaTbbLNB4L","time":"2026-04-28T00:15:46+05:30","caller":"C:/billing-service/internal/handlers/grpc.go:311","message":"gRPC: GetCheckoutSession requested"}
{"level":"info","component":"stripe_provider","event_type":"invoice_payment.paid","event_id":"evt_1TQuAv0yF76gbNAz0fXrW4FH","time":"2026-04-28T00:16:32+05:30","caller":"C:/billing-service/internal/stripe/client.go:41","message":"stripe event received"}
{"level":"info","workspace_id":"0a6344fa-b758-467b-ada6-3b7d16a361cd","time":"2026-04-28T00:18:01+05:30","caller":"C:/billing-service/internal/handlers/grpc.go:213","message":"gRPC: GetSubscription requested"}
{"level":"info","workspace_id":"0a6344fa-b758-467b-ada6-3b7d16a361cd","environment_id":"394a1e13-6f4e-46ec-9517-a851172485a5","time":"2026-04-28T00:18:01+05:30","caller":"C:/billing-service/internal/handlers/grpc.go:248","message":"gRPC: GetUsage requested"}
{"level":"info","time":"2026-04-28T00:18:32+05:30","caller":"C:/billing-service/internal/cron/schdeuler.go:86","message":"scheduler stopped"}
{"level":"info","time":"2026-04-28T00:18:32+05:30","caller":"C:/billing-service/cmd/cmd.go:63","message":"🛑 Received shutdown signal. Starting graceful shutdown..."}
{"level":"info","time":"2026-04-28T00:18:32+05:30","caller":"C:/billing-service/cmd/cmd.go:94","message":"❌ Service is gracefully stopping"}
{"level":"info","time":"2026-04-28T00:18:32+05:30","caller":"C:/billing-service/cmd/cmd.go:102","message":"HTTP server stopped gracefully"}
{"level":"info","time":"2026-04-28T00:18:32+05:30","caller":"C:/billing-service/cmd/cmd.go:112","message":"gRPC server stopped gracefully"}
{"level":"info","time":"2026-04-28T00:44:02+05:30","caller":"C:/billing-service/internal/app/app.go:34","message":"Starting billing service..."}
{"level":"info","time":"2026-04-28T00:44:02+05:30","caller":"C:/billing-service/cmd/cmd.go:56","message":"🟢 Service is fully started and running. Waiting for signals..."}
{"level":"info","port":"8081","time":"2026-04-28T00:44:02+05:30","caller":"C:/billing-service/cmd/cmd.go:45","message":"Starting HTTP server"}
{"level":"info","service":"billing-service","addr":":50051","time":"2026-04-28T00:44:02+05:30","caller":"C:/billing-service/cmd/cmd.go:36","message":"Starting gRPC server"}
{"level":"info","time":"2026-04-28T00:44:02+05:30","caller":"C:/billing-service/cmd/cmd.go:52","message":"Starting subscription expiry scheduler"}
{"level":"info","interval":3600000,"time":"2026-04-28T00:44:02+05:30","caller":"C:/billing-service/internal/cron/schdeuler.go:79","message":"scheduler started"}
{"level":"info","workspace_id":"0a6344fa-b758-467b-ada6-3b7d16a361cd","environment_id":"394a1e13-6f4e-46ec-9517-a851172485a5","time":"2026-04-28T00:44:44+05:30","caller":"C:/billing-service/internal/handlers/grpc.go:248","message":"gRPC: GetUsage requested"}
{"level":"info","workspace_id":"0a6344fa-b758-467b-ada6-3b7d16a361cd","time":"2026-04-28T00:44:44+05:30","caller":"C:/billing-service/internal/handlers/grpc.go:213","message":"gRPC: GetSubscription requested"}
{"level":"info","workspace_id":"0a6344fa-b758-467b-ada6-3b7d16a361cd","plan_id":"ad8bd5c9-33be-412e-bd77-bc523936d14a","customer_email":"nyroozashraf@gmail.com","time":"2026-04-28T00:44:46+05:30","caller":"C:/billing-service/internal/handlers/grpc.go:296","message":"gRPC: CreateCheckoutSession requested"}
{"level":"info","component":"stripe_provider","session_id":"cs_test_a1B9HWaepPIUFLUJutcATuKpTjwWPVTct3Ce11VLY7hRHVwA6wQl9f1poh","workspace_id":"0a6344fa-b758-467b-ada6-3b7d16a361cd","time":"2026-04-28T00:44:47+05:30","caller":"C:/billing-service/internal/stripe/client.go:88","message":"stripe checkout session created"}
{"level":"info","component":"stripe_provider","event_type":"payment_method.attached","event_id":"evt_1TQucX0yF76gbNAzAGzJOGvF","time":"2026-04-28T00:45:05+05:30","caller":"C:/billing-service/internal/stripe/client.go:41","message":"stripe event received"}
{"level":"info","component":"stripe_provider","event_type":"payment_intent.created","event_id":"evt_3TQucT0yF76gbNAz0FaFjdWW","time":"2026-04-28T00:45:05+05:30","caller":"C:/billing-service/internal/stripe/client.go:41","message":"stripe event received"}
{"level":"info","component":"stripe_provider","event_type":"charge.succeeded","event_id":"evt_3TQucT0yF76gbNAz0FglSkar","time":"2026-04-28T00:45:05+05:30","caller":"C:/billing-service/internal/stripe/client.go:41","message":"stripe event received"}
{"level":"info","component":"stripe_provider","event_type":"customer.subscription.created","event_id":"evt_1TQucX0yF76gbNAz5NQoxRFH","time":"2026-04-28T00:45:05+05:30","caller":"C:/billing-service/internal/stripe/client.go:41","message":"stripe event received"}
{"level":"info","component":"stripe_provider","event_type":"invoice.finalized","event_id":"evt_1TQucX0yF76gbNAzWp92d4jv","time":"2026-04-28T00:45:05+05:30","caller":"C:/billing-service/internal/stripe/client.go:41","message":"stripe event received"}
{"level":"info","component":"stripe_provider","event_type":"customer.updated","event_id":"evt_1TQucX0yF76gbNAzGw3X5dV6","time":"2026-04-28T00:45:05+05:30","caller":"C:/billing-service/internal/stripe/client.go:41","message":"stripe event received"}
{"level":"info","component":"stripe_provider","event_type":"payment_intent.succeeded","event_id":"evt_3TQucT0yF76gbNAz0IgfnuaN","time":"2026-04-28T00:45:05+05:30","caller":"C:/billing-service/internal/stripe/client.go:41","message":"stripe event received"}
{"level":"info","component":"stripe_provider","event_type":"customer.created","event_id":"evt_1TQucX0yF76gbNAzrcBNzYxi","time":"2026-04-28T00:45:05+05:30","caller":"C:/billing-service/internal/stripe/client.go:41","message":"stripe event received"}
{"level":"info","component":"stripe_provider","event_type":"checkout.session.completed","event_id":"evt_1TQucX0yF76gbNAzHn5NzHyN","time":"2026-04-28T00:45:05+05:30","caller":"C:/billing-service/internal/stripe/client.go:41","message":"stripe event received"}
{"level":"info","component":"stripe_provider","event_type":"invoice.payment_succeeded","event_id":"evt_1TQucY0yF76gbNAzYdYAWNzy","time":"2026-04-28T00:45:05+05:30","caller":"C:/billing-service/internal/stripe/client.go:41","message":"stripe event received"}
{"level":"info","component":"stripe_provider","event_type":"invoice.paid","event_id":"evt_1TQucY0yF76gbNAzp2RFRe8d","time":"2026-04-28T00:45:05+05:30","caller":"C:/billing-service/internal/stripe/client.go:41","message":"stripe event received"}
{"level":"info","component":"stripe_provider","event_type":"invoice.created","event_id":"evt_1TQucX0yF76gbNAz4t70k6hP","time":"2026-04-28T00:45:05+05:30","caller":"C:/billing-service/internal/stripe/client.go:41","message":"stripe event received"}
{"level":"info","event_type":"payment.succeeded","time":"2026-04-28T00:45:05+05:30","caller":"C:/billing-service/internal/handlers/webhook.go:54","message":"📥 Received billing event"}
{"level":"info","component":"stripe_provider","period_start":1777317301,"period_end":1779909301,"time":"2026-04-28T00:45:05+05:30","caller":"C:/billing-service/internal/stripe/client.go:140","message":"stripe subscription period dates"}
{"level":"info","event_type":"subscription.created","time":"2026-04-28T00:45:05+05:30","caller":"C:/billing-service/internal/handlers/webhook.go:54","message":"📥 Received billing event"}
{"level":"info","session_id":"cs_test_a1B9HWaepPIUFLUJutcATuKpTjwWPVTct3Ce11VLY7hRHVwA6wQl9f1poh","time":"2026-04-28T00:45:07+05:30","caller":"C:/billing-service/internal/handlers/grpc.go:311","message":"gRPC: GetCheckoutSession requested"}
{"level":"info","session_id":"cs_test_a1B9HWaepPIUFLUJutcATuKpTjwWPVTct3Ce11VLY7hRHVwA6wQl9f1poh","time":"2026-04-28T00:45:08+05:30","caller":"C:/billing-service/internal/handlers/grpc.go:311","message":"gRPC: GetCheckoutSession requested"}
{"level":"info","time":"2026-04-28T00:51:23+05:30","caller":"C:/billing-service/internal/cron/schdeuler.go:86","message":"scheduler stopped"}
{"level":"info","time":"2026-04-28T00:51:23+05:30","caller":"C:/billing-service/cmd/cmd.go:63","message":"🛑 Received shutdown signal. Starting graceful shutdown..."}
{"level":"info","time":"2026-04-28T00:51:23+05:30","caller":"C:/billing-service/cmd/cmd.go:94","message":"❌ Service is gracefully stopping"}
{"level":"info","time":"2026-04-28T00:51:23+05:30","caller":"C:/billing-service/cmd/cmd.go:102","message":"HTTP server stopped gracefully"}
{"level":"info","time":"2026-04-28T00:51:23+05:30","caller":"C:/billing-service/cmd/cmd.go:112","message":"gRPC server stopped gracefully"}
{"level":"info","time":"2026-04-28T00:52:16+05:30","caller":"C:/billing-service/internal/app/app.go:34","message":"Starting billing service..."}
{"level":"info","time":"2026-04-28T00:52:17+05:30","caller":"C:/billing-service/cmd/cmd.go:56","message":"🟢 Service is fully started and running. Waiting for signals..."}
{"level":"info","service":"billing-service","addr":":50051","time":"2026-04-28T00:52:17+05:30","caller":"C:/billing-service/cmd/cmd.go:36","message":"Starting gRPC server"}
{"level":"info","time":"2026-04-28T00:52:17+05:30","caller":"C:/billing-service/cmd/cmd.go:52","message":"Starting subscription expiry scheduler"}
{"level":"info","interval":3600000,"time":"2026-04-28T00:52:17+05:30","caller":"C:/billing-service/internal/cron/schdeuler.go:79","message":"scheduler started"}
{"level":"info","port":"8081","time":"2026-04-28T00:52:17+05:30","caller":"C:/billing-service/cmd/cmd.go:45","message":"Starting HTTP server"}
{"level":"info","workspace_id":"0a6344fa-b758-467b-ada6-3b7d16a361cd","time":"2026-04-28T00:52:53+05:30","caller":"C:/billing-service/internal/handlers/grpc.go:213","message":"gRPC: GetSubscription requested"}
{"level":"info","workspace_id":"0a6344fa-b758-467b-ada6-3b7d16a361cd","environment_id":"394a1e13-6f4e-46ec-9517-a851172485a5","time":"2026-04-28T00:52:53+05:30","caller":"C:/billing-service/internal/handlers/grpc.go:248","message":"gRPC: GetUsage requested"}
{"level":"info","workspace_id":"0a6344fa-b758-467b-ada6-3b7d16a361cd","plan_id":"ad8bd5c9-33be-412e-bd77-bc523936d14a","customer_email":"nyroozashraf@gmail.com","time":"2026-04-28T00:52:55+05:30","caller":"C:/billing-service/internal/handlers/grpc.go:296","message":"gRPC: CreateCheckoutSession requested"}
{"level":"info","component":"stripe_provider","session_id":"cs_test_a1HLQH7ZNvxRRne9cn3em3QAizhBYBQDYwWvI4jmCpnID5h1JnLvWd8Qug","workspace_id":"0a6344fa-b758-467b-ada6-3b7d16a361cd","time":"2026-04-28T00:52:56+05:30","caller":"C:/billing-service/internal/stripe/client.go:88","message":"stripe checkout session created"}
{"level":"info","component":"stripe_provider","event_type":"charge.succeeded","event_id":"evt_3TQukM0yF76gbNAz11x0ON14","time":"2026-04-28T00:53:12+05:30","caller":"C:/billing-service/internal/stripe/client.go:41","message":"stripe event received"}
{"level":"info","component":"stripe_provider","event_type":"payment_method.attached","event_id":"evt_1TQukP0yF76gbNAzjmMVW8Vl","time":"2026-04-28T00:53:12+05:30","caller":"C:/billing-service/internal/stripe/client.go:41","message":"stripe event received"}
{"level":"info","component":"stripe_provider","event_type":"customer.created","event_id":"evt_1TQukP0yF76gbNAzI7mrSZ1O","time":"2026-04-28T00:53:12+05:30","caller":"C:/billing-service/internal/stripe/client.go:41","message":"stripe event received"}
{"level":"info","component":"stripe_provider","event_type":"customer.updated","event_id":"evt_1TQukP0yF76gbNAz1ADgaYrd","time":"2026-04-28T00:53:12+05:30","caller":"C:/billing-service/internal/stripe/client.go:41","message":"stripe event received"}
{"level":"info","component":"stripe_provider","event_type":"customer.subscription.created","event_id":"evt_1TQukP0yF76gbNAztBuLNPRK","time":"2026-04-28T00:53:12+05:30","caller":"C:/billing-service/internal/stripe/client.go:41","message":"stripe event received"}
{"level":"info","component":"stripe_provider","event_type":"payment_intent.succeeded","event_id":"evt_3TQukM0yF76gbNAz1ifWjCdZ","time":"2026-04-28T00:53:12+05:30","caller":"C:/billing-service/internal/stripe/client.go:41","message":"stripe event received"}
{"level":"info","component":"stripe_provider","event_type":"payment_intent.created","event_id":"evt_3TQukM0yF76gbNAz1SBmD1QH","time":"2026-04-28T00:53:12+05:30","caller":"C:/billing-service/internal/stripe/client.go:41","message":"stripe event received"}
{"level":"info","component":"stripe_provider","event_type":"invoice.created","event_id":"evt_1TQukP0yF76gbNAzzjW8Nep8","time":"2026-04-28T00:53:12+05:30","caller":"C:/billing-service/internal/stripe/client.go:41","message":"stripe event received"}
{"level":"info","component":"stripe_provider","event_type":"invoice.finalized","event_id":"evt_1TQukP0yF76gbNAzBGMPu0Es","time":"2026-04-28T00:53:12+05:30","caller":"C:/billing-service/internal/stripe/client.go:41","message":"stripe event received"}
{"level":"info","component":"stripe_provider","event_type":"invoice.paid","event_id":"evt_1TQukP0yF76gbNAzArXb9B4y","time":"2026-04-28T00:53:12+05:30","caller":"C:/billing-service/internal/stripe/client.go:41","message":"stripe event received"}
{"level":"info","component":"stripe_provider","event_type":"invoice.payment_succeeded","event_id":"evt_1TQukQ0yF76gbNAzED99R7NT","time":"2026-04-28T00:53:13+05:30","caller":"C:/billing-service/internal/stripe/client.go:41","message":"stripe event received"}
{"level":"info","event_type":"payment.succeeded","time":"2026-04-28T00:53:13+05:30","caller":"C:/billing-service/internal/handlers/webhook.go:54","message":"📥 Received billing event"}
{"level":"info","external_subscription_id":"sub_1TQukN0yF76gbNAztv2szCVt","time":"2026-04-28T00:53:13+05:30","caller":"C:/billing-service/internal/handlers/webhook.go:127","message":"Skipping payment_succeeded: subscription not found (likely initial checkout)"}
{"level":"info","component":"stripe_provider","event_type":"checkout.session.completed","event_id":"evt_1TQukP0yF76gbNAzlFK7hum6","time":"2026-04-28T00:53:19+05:30","caller":"C:/billing-service/internal/stripe/client.go:41","message":"stripe event received"}
{"level":"info","component":"stripe_provider","period_start":1777317789,"period_end":1779909789,"time":"2026-04-28T00:53:19+05:30","caller":"C:/billing-service/internal/stripe/client.go:140","message":"stripe subscription period dates"}
{"level":"info","event_type":"subscription.created","time":"2026-04-28T00:53:19+05:30","caller":"C:/billing-service/internal/handlers/webhook.go:54","message":"📥 Received billing event"}
{"level":"info","session_id":"cs_test_a1HLQH7ZNvxRRne9cn3em3QAizhBYBQDYwWvI4jmCpnID5h1JnLvWd8Qug","time":"2026-04-28T00:53:21+05:30","caller":"C:/billing-service/internal/handlers/grpc.go:311","message":"gRPC: GetCheckoutSession requested"}
{"level":"info","session_id":"cs_test_a1HLQH7ZNvxRRne9cn3em3QAizhBYBQDYwWvI4jmCpnID5h1JnLvWd8Qug","time":"2026-04-28T00:53:22+05:30","caller":"C:/billing-service/internal/handlers/grpc.go:311","message":"gRPC: GetCheckoutSession requested"}
{"level":"info","component":"stripe_provider","event_type":"invoice_payment.paid","event_id":"evt_1TQukc0yF76gbNAzBfVOPp7f","time":"2026-04-28T00:53:25+05:30","caller":"C:/billing-service/internal/stripe/client.go:41","message":"stripe event received"}
{"level":"info","workspace_id":"0a6344fa-b758-467b-ada6-3b7d16a361cd","time":"2026-04-28T00:53:37+05:30","caller":"C:/billing-service/internal/handlers/grpc.go:213","message":"gRPC: GetSubscription requested"}
{"level":"info","workspace_id":"0a6344fa-b758-467b-ada6-3b7d16a361cd","environment_id":"394a1e13-6f4e-46ec-9517-a851172485a5","time":"2026-04-28T00:53:37+05:30","caller":"C:/billing-service/internal/handlers/grpc.go:248","message":"gRPC: GetUsage requested"}
{"level":"info","workspace_id":"0a6344fa-b758-467b-ada6-3b7d16a361cd","time":"2026-04-28T00:54:03+05:30","caller":"C:/billing-service/internal/handlers/grpc.go:213","message":"gRPC: GetSubscription requested"}
{"level":"info","workspace_id":"0a6344fa-b758-467b-ada6-3b7d16a361cd","environment_id":"394a1e13-6f4e-46ec-9517-a851172485a5","time":"2026-04-28T00:54:03+05:30","caller":"C:/billing-service/internal/handlers/grpc.go:248","message":"gRPC: GetUsage requested"}
{"level":"info","workspace_id":"0a6344fa-b758-467b-ada6-3b7d16a361cd","environment_id":"394a1e13-6f4e-46ec-9517-a851172485a5","time":"2026-04-28T00:54:07+05:30","caller":"C:/billing-service/internal/handlers/grpc.go:248","message":"gRPC: GetUsage requested"}
{"level":"info","workspace_id":"0a6344fa-b758-467b-ada6-3b7d16a361cd","time":"2026-04-28T00:54:07+05:30","caller":"C:/billing-service/internal/handlers/grpc.go:213","message":"gRPC: GetSubscription requested"}
{"level":"info","workspace_id":"0a6344fa-b758-467b-ada6-3b7d16a361cd","time":"2026-04-28T00:54:21+05:30","caller":"C:/billing-service/internal/handlers/grpc.go:213","message":"gRPC: GetSubscription requested"}
{"level":"info","workspace_id":"0a6344fa-b758-467b-ada6-3b7d16a361cd","environment_id":"394a1e13-6f4e-46ec-9517-a851172485a5","time":"2026-04-28T00:54:21+05:30","caller":"C:/billing-service/internal/handlers/grpc.go:248","message":"gRPC: GetUsage requested"}
{"level":"info","workspace_id":"0a6344fa-b758-467b-ada6-3b7d16a361cd","time":"2026-04-28T00:54:40+05:30","caller":"C:/billing-service/internal/handlers/grpc.go:213","message":"gRPC: GetSubscription requested"}
{"level":"info","workspace_id":"0a6344fa-b758-467b-ada6-3b7d16a361cd","environment_id":"394a1e13-6f4e-46ec-9517-a851172485a5","time":"2026-04-28T00:54:40+05:30","caller":"C:/billing-service/internal/handlers/grpc.go:248","message":"gRPC: GetUsage requested"}
{"level":"info","workspace_id":"0a6344fa-b758-467b-ada6-3b7d16a361cd","time":"2026-04-28T00:56:52+05:30","caller":"C:/billing-service/internal/handlers/grpc.go:213","message":"gRPC: GetSubscription requested"}
{"level":"info","workspace_id":"0a6344fa-b758-467b-ada6-3b7d16a361cd","environment_id":"394a1e13-6f4e-46ec-9517-a851172485a5","time":"2026-04-28T00:56:52+05:30","caller":"C:/billing-service/internal/handlers/grpc.go:248","message":"gRPC: GetUsage requested"}
{"level":"info","workspace_id":"0a6344fa-b758-467b-ada6-3b7d16a361cd","time":"2026-04-28T00:57:16+05:30","caller":"C:/billing-service/internal/handlers/grpc.go:213","message":"gRPC: GetSubscription requested"}
{"level":"info","workspace_id":"0a6344fa-b758-467b-ada6-3b7d16a361cd","environment_id":"394a1e13-6f4e-46ec-9517-a851172485a5","time":"2026-04-28T00:57:16+05:30","caller":"C:/billing-service/internal/handlers/grpc.go:248","message":"gRPC: GetUsage requested"}
{"level":"info","workspace_id":"0a6344fa-b758-467b-ada6-3b7d16a361cd","time":"2026-04-28T00:57:18+05:30","caller":"C:/billing-service/internal/handlers/grpc.go:213","message":"gRPC: GetSubscription requested"}
{"level":"info","workspace_id":"0a6344fa-b758-467b-ada6-3b7d16a361cd","environment_id":"394a1e13-6f4e-46ec-9517-a851172485a5","time":"2026-04-28T00:57:18+05:30","caller":"C:/billing-service/internal/handlers/grpc.go:248","message":"gRPC: GetUsage requested"}
{"level":"info","workspace_id":"0a6344fa-b758-467b-ada6-3b7d16a361cd","time":"2026-04-28T00:57:20+05:30","caller":"C:/billing-service/internal/handlers/grpc.go:213","message":"gRPC: GetSubscription requested"}
{"level":"info","workspace_id":"0a6344fa-b758-467b-ada6-3b7d16a361cd","environment_id":"394a1e13-6f4e-46ec-9517-a851172485a5","time":"2026-04-28T00:57:20+05:30","caller":"C:/billing-service/internal/handlers/grpc.go:248","message":"gRPC: GetUsage requested"}
{"level":"info","workspace_id":"0a6344fa-b758-467b-ada6-3b7d16a361cd","time":"2026-04-28T00:57:20+05:30","caller":"C:/billing-service/internal/handlers/grpc.go:213","message":"gRPC: GetSubscription requested"}
{"level":"info","workspace_id":"0a6344fa-b758-467b-ada6-3b7d16a361cd","environment_id":"394a1e13-6f4e-46ec-9517-a851172485a5","time":"2026-04-28T00:57:20+05:30","caller":"C:/billing-service/internal/handlers/grpc.go:248","message":"gRPC: GetUsage requested"}
{"level":"info","workspace_id":"0a6344fa-b758-467b-ada6-3b7d16a361cd","time":"2026-04-28T00:57:20+05:30","caller":"C:/billing-service/internal/handlers/grpc.go:213","message":"gRPC: GetSubscription requested"}
{"level":"info","workspace_id":"0a6344fa-b758-467b-ada6-3b7d16a361cd","time":"2026-04-28T00:57:41+05:30","caller":"C:/billing-service/internal/handlers/grpc.go:213","message":"gRPC: GetSubscription requested"}
{"level":"info","workspace_id":"0a6344fa-b758-467b-ada6-3b7d16a361cd","environment_id":"394a1e13-6f4e-46ec-9517-a851172485a5","time":"2026-04-28T00:57:41+05:30","caller":"C:/billing-service/internal/handlers/grpc.go:248","message":"gRPC: GetUsage requested"}
{"level":"info","workspace_id":"0a6344fa-b758-467b-ada6-3b7d16a361cd","time":"2026-04-28T00:57:41+05:30","caller":"C:/billing-service/internal/handlers/grpc.go:213","message":"gRPC: GetSubscription requested"}
{"level":"info","workspace_id":"0a6344fa-b758-467b-ada6-3b7d16a361cd","environment_id":"394a1e13-6f4e-46ec-9517-a851172485a5","time":"2026-04-28T00:57:41+05:30","caller":"C:/billing-service/internal/handlers/grpc.go:248","message":"gRPC: GetUsage requested"}
{"level":"info","workspace_id":"0a6344fa-b758-467b-ada6-3b7d16a361cd","time":"2026-04-28T00:57:47+05:30","caller":"C:/billing-service/internal/handlers/grpc.go:213","message":"gRPC: GetSubscription requested"}
{"level":"info","workspace_id":"0a6344fa-b758-467b-ada6-3b7d16a361cd","environment_id":"394a1e13-6f4e-46ec-9517-a851172485a5","time":"2026-04-28T00:57:47+05:30","caller":"C:/billing-service/internal/handlers/grpc.go:248","message":"gRPC: GetUsage requested"}
{"level":"info","workspace_id":"0a6344fa-b758-467b-ada6-3b7d16a361cd","time":"2026-04-28T00:57:47+05:30","caller":"C:/billing-service/internal/handlers/grpc.go:213","message":"gRPC: GetSubscription requested"}
{"level":"info","workspace_id":"0a6344fa-b758-467b-ada6-3b7d16a361cd","environment_id":"394a1e13-6f4e-46ec-9517-a851172485a5","time":"2026-04-28T00:57:47+05:30","caller":"C:/billing-service/internal/handlers/grpc.go:248","message":"gRPC: GetUsage requested"}
{"level":"info","workspace_id":"0a6344fa-b758-467b-ada6-3b7d16a361cd","time":"2026-04-28T00:57:55+05:30","caller":"C:/billing-service/internal/handlers/grpc.go:213","message":"gRPC: GetSubscription requested"}
{"level":"info","workspace_id":"0a6344fa-b758-467b-ada6-3b7d16a361cd","environment_id":"394a1e13-6f4e-46ec-9517-a851172485a5","time":"2026-04-28T00:57:55+05:30","caller":"C:/billing-service/internal/handlers/grpc.go:248","message":"gRPC: GetUsage requested"}
{"level":"info","workspace_id":"0a6344fa-b758-467b-ada6-3b7d16a361cd","time":"2026-04-28T00:57:56+05:30","caller":"C:/billing-service/internal/handlers/grpc.go:213","message":"gRPC: GetSubscription requested"}
{"level":"info","workspace_id":"0a6344fa-b758-467b-ada6-3b7d16a361cd","environment_id":"394a1e13-6f4e-46ec-9517-a851172485a5","time":"2026-04-28T00:57:56+05:30","caller":"C:/billing-service/internal/handlers/grpc.go:248","message":"gRPC: GetUsage requested"}
{"level":"info","workspace_id":"0a6344fa-b758-467b-ada6-3b7d16a361cd","time":"2026-04-28T00:58:05+05:30","caller":"C:/billing-service/internal/handlers/grpc.go:213","message":"gRPC: GetSubscription requested"}
{"level":"info","workspace_id":"0a6344fa-b758-467b-ada6-3b7d16a361cd","environment_id":"394a1e13-6f4e-46ec-9517-a851172485a5","time":"2026-04-28T00:58:05+05:30","caller":"C:/billing-service/internal/handlers/grpc.go:248","message":"gRPC: GetUsage requested"}
{"level":"info","workspace_id":"0a6344fa-b758-467b-ada6-3b7d16a361cd","time":"2026-04-28T00:58:06+05:30","caller":"C:/billing-service/internal/handlers/grpc.go:213","message":"gRPC: GetSubscription requested"}
{"level":"info","workspace_id":"0a6344fa-b758-467b-ada6-3b7d16a361cd","environment_id":"394a1e13-6f4e-46ec-9517-a851172485a5","time":"2026-04-28T00:58:06+05:30","caller":"C:/billing-service/internal/handlers/grpc.go:248","message":"gRPC: GetUsage requested"}
{"level":"info","workspace_id":"0a6344fa-b758-467b-ada6-3b7d16a361cd","time":"2026-04-28T00:58:15+05:30","caller":"C:/billing-service/internal/handlers/grpc.go:213","message":"gRPC: GetSubscription requested"}
{"level":"info","workspace_id":"0a6344fa-b758-467b-ada6-3b7d16a361cd","environment_id":"394a1e13-6f4e-46ec-9517-a851172485a5","time":"2026-04-28T00:58:15+05:30","caller":"C:/billing-service/internal/handlers/grpc.go:248","message":"gRPC: GetUsage requested"}
{"level":"info","workspace_id":"0a6344fa-b758-467b-ada6-3b7d16a361cd","time":"2026-04-28T00:58:15+05:30","caller":"C:/billing-service/internal/handlers/grpc.go:213","message":"gRPC: GetSubscription requested"}
{"level":"info","workspace_id":"0a6344fa-b758-467b-ada6-3b7d16a361cd","environment_id":"394a1e13-6f4e-46ec-9517-a851172485a5","time":"2026-04-28T00:58:15+05:30","caller":"C:/billing-service/internal/handlers/grpc.go:248","message":"gRPC: GetUsage requested"}
{"level":"info","workspace_id":"0a6344fa-b758-467b-ada6-3b7d16a361cd","time":"2026-04-28T00:58:38+05:30","caller":"C:/billing-service/internal/handlers/grpc.go:213","message":"gRPC: GetSubscription requested"}
{"level":"info","workspace_id":"0a6344fa-b758-467b-ada6-3b7d16a361cd","environment_id":"394a1e13-6f4e-46ec-9517-a851172485a5","time":"2026-04-28T00:58:38+05:30","caller":"C:/billing-service/internal/handlers/grpc.go:248","message":"gRPC: GetUsage requested"}
{"level":"info","workspace_id":"0a6344fa-b758-467b-ada6-3b7d16a361cd","time":"2026-04-28T00:58:43+05:30","caller":"C:/billing-service/internal/handlers/grpc.go:213","message":"gRPC: GetSubscription requested"}
{"level":"info","workspace_id":"0a6344fa-b758-467b-ada6-3b7d16a361cd","environment_id":"394a1e13-6f4e-46ec-9517-a851172485a5","time":"2026-04-28T00:58:43+05:30","caller":"C:/billing-service/internal/handlers/grpc.go:248","message":"gRPC: GetUsage requested"}
{"level":"info","workspace_id":"0a6344fa-b758-467b-ada6-3b7d16a361cd","time":"2026-04-28T00:58:50+05:30","caller":"C:/billing-service/internal/handlers/grpc.go:213","message":"gRPC: GetSubscription requested"}
{"level":"info","workspace_id":"0a6344fa-b758-467b-ada6-3b7d16a361cd","environment_id":"394a1e13-6f4e-46ec-9517-a851172485a5","time":"2026-04-28T00:58:50+05:30","caller":"C:/billing-service/internal/handlers/grpc.go:248","message":"gRPC: GetUsage requested"}
{"level":"info","workspace_id":"0a6344fa-b758-467b-ada6-3b7d16a361cd","time":"2026-04-28T00:59:29+05:30","caller":"C:/billing-service/internal/handlers/grpc.go:213","message":"gRPC: GetSubscription requested"}
{"level":"info","workspace_id":"0a6344fa-b758-467b-ada6-3b7d16a361cd","environment_id":"394a1e13-6f4e-46ec-9517-a851172485a5","time":"2026-04-28T00:59:29+05:30","caller":"C:/billing-service/internal/handlers/grpc.go:248","message":"gRPC: GetUsage requested"}
{"level":"info","workspace_id":"0a6344fa-b758-467b-ada6-3b7d16a361cd","time":"2026-04-28T00:59:35+05:30","caller":"C:/billing-service/internal/handlers/grpc.go:213","message":"gRPC: GetSubscription requested"}
{"level":"info","workspace_id":"0a6344fa-b758-467b-ada6-3b7d16a361cd","environment_id":"394a1e13-6f4e-46ec-9517-a851172485a5","time":"2026-04-28T00:59:35+05:30","caller":"C:/billing-service/internal/handlers/grpc.go:248","message":"gRPC: GetUsage requested"}
{"level":"info","workspace_id":"0a6344fa-b758-467b-ada6-3b7d16a361cd","time":"2026-04-28T01:00:05+05:30","caller":"C:/billing-service/internal/handlers/grpc.go:213","message":"gRPC: GetSubscription requested"}
{"level":"info","workspace_id":"0a6344fa-b758-467b-ada6-3b7d16a361cd","time":"2026-04-28T01:10:08+05:30","caller":"C:/billing-service/internal/handlers/grpc.go:213","message":"gRPC: GetSubscription requested"}
{"level":"info","workspace_id":"0a6344fa-b758-467b-ada6-3b7d16a361cd","environment_id":"394a1e13-6f4e-46ec-9517-a851172485a5","time":"2026-04-28T01:10:09+05:30","caller":"C:/billing-service/internal/handlers/grpc.go:248","message":"gRPC: GetUsage requested"}
{"level":"info","workspace_id":"0a6344fa-b758-467b-ada6-3b7d16a361cd","time":"2026-04-28T01:10:20+05:30","caller":"C:/billing-service/internal/handlers/grpc.go:213","message":"gRPC: GetSubscription requested"}
{"level":"info","workspace_id":"0a6344fa-b758-467b-ada6-3b7d16a361cd","environment_id":"394a1e13-6f4e-46ec-9517-a851172485a5","time":"2026-04-28T01:10:20+05:30","caller":"C:/billing-service/internal/handlers/grpc.go:248","message":"gRPC: GetUsage requested"}
{"level":"info","workspace_id":"0a6344fa-b758-467b-ada6-3b7d16a361cd","time":"2026-04-28T01:10:30+05:30","caller":"C:/billing-service/internal/handlers/grpc.go:213","message":"gRPC: GetSubscription requested"}
{"level":"info","workspace_id":"0a6344fa-b758-467b-ada6-3b7d16a361cd","environment_id":"394a1e13-6f4e-46ec-9517-a851172485a5","time":"2026-04-28T01:10:30+05:30","caller":"C:/billing-service/internal/handlers/grpc.go:248","message":"gRPC: GetUsage requested"}
{"level":"info","workspace_id":"0a6344fa-b758-467b-ada6-3b7d16a361cd","time":"2026-04-28T01:11:02+05:30","caller":"C:/billing-service/internal/handlers/grpc.go:213","message":"gRPC: GetSubscription requested"}
{"level":"info","workspace_id":"0a6344fa-b758-467b-ada6-3b7d16a361cd","environment_id":"394a1e13-6f4e-46ec-9517-a851172485a5","time":"2026-04-28T01:11:02+05:30","caller":"C:/billing-service/internal/handlers/grpc.go:248","message":"gRPC: GetUsage requested"}
{"level":"info","workspace_id":"0a6344fa-b758-467b-ada6-3b7d16a361cd","time":"2026-04-28T01:11:15+05:30","caller":"C:/billing-service/internal/handlers/grpc.go:213","message":"gRPC: GetSubscription requested"}
{"level":"info","workspace_id":"0a6344fa-b758-467b-ada6-3b7d16a361cd","environment_id":"394a1e13-6f4e-46ec-9517-a851172485a5","time":"2026-04-28T01:11:15+05:30","caller":"C:/billing-service/internal/handlers/grpc.go:248","message":"gRPC: GetUsage requested"}
{"level":"info","workspace_id":"0a6344fa-b758-467b-ada6-3b7d16a361cd","time":"2026-04-28T01:11:45+05:30","caller":"C:/billing-service/internal/handlers/grpc.go:213","message":"gRPC: GetSubscription requested"}
{"level":"info","workspace_id":"0a6344fa-b758-467b-ada6-3b7d16a361cd","environment_id":"394a1e13-6f4e-46ec-9517-a851172485a5","time":"2026-04-28T01:11:45+05:30","caller":"C:/billing-service/internal/handlers/grpc.go:248","message":"gRPC: GetUsage requested"}
{"level":"info","workspace_id":"0a6344fa-b758-467b-ada6-3b7d16a361cd","time":"2026-04-28T01:11:48+05:30","caller":"C:/billing-service/internal/handlers/grpc.go:213","message":"gRPC: GetSubscription requested"}
{"level":"info","workspace_id":"0a6344fa-b758-467b-ada6-3b7d16a361cd","environment_id":"394a1e13-6f4e-46ec-9517-a851172485a5","time":"2026-04-28T01:11:48+05:30","caller":"C:/billing-service/internal/handlers/grpc.go:248","message":"gRPC: GetUsage requested"}
{"level":"info","workspace_id":"0a6344fa-b758-467b-ada6-3b7d16a361cd","time":"2026-04-28T01:11:58+05:30","caller":"C:/billing-service/internal/handlers/grpc.go:213","message":"gRPC: GetSubscription requested"}
{"level":"info","workspace_id":"0a6344fa-b758-467b-ada6-3b7d16a361cd","environment_id":"394a1e13-6f4e-46ec-9517-a851172485a5","time":"2026-04-28T01:11:58+05:30","caller":"C:/billing-service/internal/handlers/grpc.go:248","message":"gRPC: GetUsage requested"}
{"level":"info","workspace_id":"0a6344fa-b758-467b-ada6-3b7d16a361cd","time":"2026-04-28T01:12:23+05:30","caller":"C:/billing-service/internal/handlers/grpc.go:213","message":"gRPC: GetSubscription requested"}
{"level":"info","workspace_id":"0a6344fa-b758-467b-ada6-3b7d16a361cd","environment_id":"394a1e13-6f4e-46ec-9517-a851172485a5","time":"2026-04-28T01:12:23+05:30","caller":"C:/billing-service/internal/handlers/grpc.go:248","message":"gRPC: GetUsage requested"}
{"level":"info","workspace_id":"0a6344fa-b758-467b-ada6-3b7d16a361cd","time":"2026-04-28T01:12:33+05:30","caller":"C:/billing-service/internal/handlers/grpc.go:213","message":"gRPC: GetSubscription requested"}
{"level":"info","workspace_id":"0a6344fa-b758-467b-ada6-3b7d16a361cd","environment_id":"394a1e13-6f4e-46ec-9517-a851172485a5","time":"2026-04-28T01:12:33+05:30","caller":"C:/billing-service/internal/handlers/grpc.go:248","message":"gRPC: GetUsage requested"}
{"level":"info","workspace_id":"0a6344fa-b758-467b-ada6-3b7d16a361cd","time":"2026-04-28T01:12:41+05:30","caller":"C:/billing-service/internal/handlers/grpc.go:213","message":"gRPC: GetSubscription requested"}
{"level":"info","workspace_id":"0a6344fa-b758-467b-ada6-3b7d16a361cd","environment_id":"394a1e13-6f4e-46ec-9517-a851172485a5","time":"2026-04-28T01:12:41+05:30","caller":"C:/billing-service/internal/handlers/grpc.go:248","message":"gRPC: GetUsage requested"}
{"level":"info","workspace_id":"0a6344fa-b758-467b-ada6-3b7d16a361cd","time":"2026-04-28T01:12:52+05:30","caller":"C:/billing-service/internal/handlers/grpc.go:213","message":"gRPC: GetSubscription requested"}
{"level":"info","workspace_id":"0a6344fa-b758-467b-ada6-3b7d16a361cd","environment_id":"394a1e13-6f4e-46ec-9517-a851172485a5","time":"2026-04-28T01:12:52+05:30","caller":"C:/billing-service/internal/handlers/grpc.go:248","message":"gRPC: GetUsage requested"}
{"level":"info","workspace_id":"0a6344fa-b758-467b-ada6-3b7d16a361cd","time":"2026-04-28T01:13:19+05:30","caller":"C:/billing-service/internal/handlers/grpc.go:213","message":"gRPC: GetSubscription requested"}
{"level":"info","workspace_id":"0a6344fa-b758-467b-ada6-3b7d16a361cd","environment_id":"394a1e13-6f4e-46ec-9517-a851172485a5","time":"2026-04-28T01:13:19+05:30","caller":"C:/billing-service/internal/handlers/grpc.go:248","message":"gRPC: GetUsage requested"}
{"level":"info","workspace_id":"0a6344fa-b758-467b-ada6-3b7d16a361cd","time":"2026-04-28T06:06:37+05:30","caller":"C:/billing-service/internal/handlers/grpc.go:213","message":"gRPC: GetSubscription requested"}
{"level":"info","workspace_id":"0a6344fa-b758-467b-ada6-3b7d16a361cd","environment_id":"394a1e13-6f4e-46ec-9517-a851172485a5","time":"2026-04-28T06:06:37+05:30","caller":"C:/billing-service/internal/handlers/grpc.go:248","message":"gRPC: GetUsage requested"}
{"level":"info","workspace_id":"0a6344fa-b758-467b-ada6-3b7d16a361cd","time":"2026-04-28T06:08:08+05:30","caller":"C:/billing-service/internal/handlers/grpc.go:213","message":"gRPC: GetSubscription requested"}
{"level":"info","workspace_id":"0a6344fa-b758-467b-ada6-3b7d16a361cd","environment_id":"394a1e13-6f4e-46ec-9517-a851172485a5","time":"2026-04-28T06:08:08+05:30","caller":"C:/billing-service/internal/handlers/grpc.go:248","message":"gRPC: GetUsage requested"}
{"level":"info","workspace_id":"0a6344fa-b758-467b-ada6-3b7d16a361cd","time":"2026-04-28T06:19:13+05:30","caller":"C:/billing-service/internal/handlers/grpc.go:213","message":"gRPC: GetSubscription requested"}
{"level":"info","workspace_id":"0a6344fa-b758-467b-ada6-3b7d16a361cd","environment_id":"394a1e13-6f4e-46ec-9517-a851172485a5","time":"2026-04-28T06:19:13+05:30","caller":"C:/billing-service/internal/handlers/grpc.go:248","message":"gRPC: GetUsage requested"}
{"level":"info","workspace_id":"0a6344fa-b758-467b-ada6-3b7d16a361cd","time":"2026-04-28T06:20:59+05:30","caller":"C:/billing-service/internal/handlers/grpc.go:213","message":"gRPC: GetSubscription requested"}
{"level":"info","workspace_id":"0a6344fa-b758-467b-ada6-3b7d16a361cd","environment_id":"394a1e13-6f4e-46ec-9517-a851172485a5","time":"2026-04-28T06:20:59+05:30","caller":"C:/billing-service/internal/handlers/grpc.go:248","message":"gRPC: GetUsage requested"}
{"level":"info","workspace_id":"0a6344fa-b758-467b-ada6-3b7d16a361cd","time":"2026-04-28T06:25:23+05:30","caller":"C:/billing-service/internal/handlers/grpc.go:213","message":"gRPC: GetSubscription requested"}
{"level":"info","time":"2026-04-28T06:36:54+05:30","caller":"C:/billing-service/cmd/cmd.go:63","message":"🛑 Received shutdown signal. Starting graceful shutdown..."}
{"level":"info","time":"2026-04-28T06:36:54+05:30","caller":"C:/billing-service/internal/cron/schdeuler.go:86","message":"scheduler stopped"}
{"level":"info","time":"2026-04-28T06:36:54+05:30","caller":"C:/billing-service/cmd/cmd.go:94","message":"❌ Service is gracefully stopping"}
{"level":"info","time":"2026-04-28T06:36:54+05:30","caller":"C:/billing-service/cmd/cmd.go:102","message":"HTTP server stopped gracefully"}
{"level":"info","time":"2026-04-28T06:36:54+05:30","caller":"C:/billing-service/cmd/cmd.go:112","message":"gRPC server stopped gracefully"}
{"level":"info","time":"2026-04-28T16:22:38+05:30","caller":"C:/billing-service/internal/app/app.go:34","message":"Starting billing service..."}
{"level":"info","time":"2026-04-28T16:22:38+05:30","caller":"C:/billing-service/cmd/cmd.go:56","message":"🟢 Service is fully started and running. Waiting for signals..."}
{"level":"info","service":"billing-service","addr":":50051","time":"2026-04-28T16:22:38+05:30","caller":"C:/billing-service/cmd/cmd.go:36","message":"Starting gRPC server"}
{"level":"info","port":"8081","time":"2026-04-28T16:22:38+05:30","caller":"C:/billing-service/cmd/cmd.go:45","message":"Starting HTTP server"}
{"level":"info","time":"2026-04-28T16:22:38+05:30","caller":"C:/billing-service/cmd/cmd.go:52","message":"Starting subscription expiry scheduler"}
{"level":"info","interval":3600000,"time":"2026-04-28T16:22:38+05:30","caller":"C:/billing-service/internal/cron/schdeuler.go:79","message":"scheduler started"}
{"level":"info","workspace_id":"0a6344fa-b758-467b-ada6-3b7d16a361cd","time":"2026-04-28T16:25:52+05:30","caller":"C:/billing-service/internal/handlers/grpc.go:213","message":"gRPC: GetSubscription requested"}
{"level":"info","workspace_id":"0a6344fa-b758-467b-ada6-3b7d16a361cd","environment_id":"394a1e13-6f4e-46ec-9517-a851172485a5","time":"2026-04-28T16:25:52+05:30","caller":"C:/billing-service/internal/handlers/grpc.go:248","message":"gRPC: GetUsage requested"}
{"level":"info","workspace_id":"0a6344fa-b758-467b-ada6-3b7d16a361cd","time":"2026-04-28T16:26:02+05:30","caller":"C:/billing-service/internal/handlers/grpc.go:213","message":"gRPC: GetSubscription requested"}
{"level":"info","workspace_id":"0a6344fa-b758-467b-ada6-3b7d16a361cd","environment_id":"394a1e13-6f4e-46ec-9517-a851172485a5","time":"2026-04-28T16:26:02+05:30","caller":"C:/billing-service/internal/handlers/grpc.go:248","message":"gRPC: GetUsage requested"}
{"level":"info","workspace_id":"0a6344fa-b758-467b-ada6-3b7d16a361cd","time":"2026-04-28T16:26:15+05:30","caller":"C:/billing-service/internal/handlers/grpc.go:213","message":"gRPC: GetSubscription requested"}
{"level":"info","workspace_id":"0a6344fa-b758-467b-ada6-3b7d16a361cd","environment_id":"394a1e13-6f4e-46ec-9517-a851172485a5","time":"2026-04-28T16:26:15+05:30","caller":"C:/billing-service/internal/handlers/grpc.go:248","message":"gRPC: GetUsage requested"}
{"level":"info","workspace_id":"0a6344fa-b758-467b-ada6-3b7d16a361cd","time":"2026-04-28T16:26:52+05:30","caller":"C:/billing-service/internal/handlers/grpc.go:213","message":"gRPC: GetSubscription requested"}
{"level":"info","workspace_id":"0a6344fa-b758-467b-ada6-3b7d16a361cd","environment_id":"394a1e13-6f4e-46ec-9517-a851172485a5","time":"2026-04-28T16:26:52+05:30","caller":"C:/billing-service/internal/handlers/grpc.go:248","message":"gRPC: GetUsage requested"}
{"level":"info","workspace_id":"0a6344fa-b758-467b-ada6-3b7d16a361cd","time":"2026-04-28T16:27:21+05:30","caller":"C:/billing-service/internal/handlers/grpc.go:213","message":"gRPC: GetSubscription requested"}
{"level":"info","workspace_id":"0a6344fa-b758-467b-ada6-3b7d16a361cd","environment_id":"394a1e13-6f4e-46ec-9517-a851172485a5","time":"2026-04-28T16:27:21+05:30","caller":"C:/billing-service/internal/handlers/grpc.go:248","message":"gRPC: GetUsage requested"}
{"level":"info","workspace_id":"0a6344fa-b758-467b-ada6-3b7d16a361cd","time":"2026-04-28T16:27:33+05:30","caller":"C:/billing-service/internal/handlers/grpc.go:213","message":"gRPC: GetSubscription requested"}
{"level":"info","workspace_id":"0a6344fa-b758-467b-ada6-3b7d16a361cd","environment_id":"394a1e13-6f4e-46ec-9517-a851172485a5","time":"2026-04-28T16:27:33+05:30","caller":"C:/billing-service/internal/handlers/grpc.go:248","message":"gRPC: GetUsage requested"}
{"level":"info","workspace_id":"0a6344fa-b758-467b-ada6-3b7d16a361cd","time":"2026-04-28T16:27:40+05:30","caller":"C:/billing-service/internal/handlers/grpc.go:213","message":"gRPC: GetSubscription requested"}
{"level":"info","workspace_id":"0a6344fa-b758-467b-ada6-3b7d16a361cd","environment_id":"394a1e13-6f4e-46ec-9517-a851172485a5","time":"2026-04-28T16:27:40+05:30","caller":"C:/billing-service/internal/handlers/grpc.go:248","message":"gRPC: GetUsage requested"}
{"level":"info","workspace_id":"0a6344fa-b758-467b-ada6-3b7d16a361cd","time":"2026-04-28T16:27:56+05:30","caller":"C:/billing-service/internal/handlers/grpc.go:213","message":"gRPC: GetSubscription requested"}
{"level":"info","workspace_id":"0a6344fa-b758-467b-ada6-3b7d16a361cd","environment_id":"394a1e13-6f4e-46ec-9517-a851172485a5","time":"2026-04-28T16:27:56+05:30","caller":"C:/billing-service/internal/handlers/grpc.go:248","message":"gRPC: GetUsage requested"}
{"level":"info","workspace_id":"0a6344fa-b758-467b-ada6-3b7d16a361cd","time":"2026-04-28T16:28:06+05:30","caller":"C:/billing-service/internal/handlers/grpc.go:213","message":"gRPC: GetSubscription requested"}
{"level":"info","workspace_id":"0a6344fa-b758-467b-ada6-3b7d16a361cd","environment_id":"394a1e13-6f4e-46ec-9517-a851172485a5","time":"2026-04-28T16:28:06+05:30","caller":"C:/billing-service/internal/handlers/grpc.go:248","message":"gRPC: GetUsage requested"}
{"level":"info","workspace_id":"0a6344fa-b758-467b-ada6-3b7d16a361cd","time":"2026-04-28T16:28:40+05:30","caller":"C:/billing-service/internal/handlers/grpc.go:213","message":"gRPC: GetSubscription requested"}
{"level":"info","workspace_id":"0a6344fa-b758-467b-ada6-3b7d16a361cd","environment_id":"394a1e13-6f4e-46ec-9517-a851172485a5","time":"2026-04-28T16:28:40+05:30","caller":"C:/billing-service/internal/handlers/grpc.go:248","message":"gRPC: GetUsage requested"}
{"level":"info","workspace_id":"0a6344fa-b758-467b-ada6-3b7d16a361cd","time":"2026-04-28T16:28:53+05:30","caller":"C:/billing-service/internal/handlers/grpc.go:213","message":"gRPC: GetSubscription requested"}
{"level":"info","workspace_id":"0a6344fa-b758-467b-ada6-3b7d16a361cd","environment_id":"394a1e13-6f4e-46ec-9517-a851172485a5","time":"2026-04-28T16:28:53+05:30","caller":"C:/billing-service/internal/handlers/grpc.go:248","message":"gRPC: GetUsage requested"}
{"level":"info","workspace_id":"0a6344fa-b758-467b-ada6-3b7d16a361cd","time":"2026-04-28T16:28:56+05:30","caller":"C:/billing-service/internal/handlers/grpc.go:213","message":"gRPC: GetSubscription requested"}
{"level":"info","workspace_id":"0a6344fa-b758-467b-ada6-3b7d16a361cd","environment_id":"394a1e13-6f4e-46ec-9517-a851172485a5","time":"2026-04-28T16:28:56+05:30","caller":"C:/billing-service/internal/handlers/grpc.go:248","message":"gRPC: GetUsage requested"}
{"level":"info","workspace_id":"0a6344fa-b758-467b-ada6-3b7d16a361cd","time":"2026-04-28T16:29:15+05:30","caller":"C:/billing-service/internal/handlers/grpc.go:213","message":"gRPC: GetSubscription requested"}
{"level":"info","workspace_id":"0a6344fa-b758-467b-ada6-3b7d16a361cd","environment_id":"394a1e13-6f4e-46ec-9517-a851172485a5","time":"2026-04-28T16:29:15+05:30","caller":"C:/billing-service/internal/handlers/grpc.go:248","message":"gRPC: GetUsage requested"}
{"level":"info","workspace_id":"0a6344fa-b758-467b-ada6-3b7d16a361cd","time":"2026-04-28T16:29:19+05:30","caller":"C:/billing-service/internal/handlers/grpc.go:213","message":"gRPC: GetSubscription requested"}
{"level":"info","workspace_id":"0a6344fa-b758-467b-ada6-3b7d16a361cd","environment_id":"394a1e13-6f4e-46ec-9517-a851172485a5","time":"2026-04-28T16:29:19+05:30","caller":"C:/billing-service/internal/handlers/grpc.go:248","message":"gRPC: GetUsage requested"}
{"level":"info","workspace_id":"0a6344fa-b758-467b-ada6-3b7d16a361cd","time":"2026-04-28T16:29:28+05:30","caller":"C:/billing-service/internal/handlers/grpc.go:213","message":"gRPC: GetSubscription requested"}
{"level":"info","workspace_id":"0a6344fa-b758-467b-ada6-3b7d16a361cd","environment_id":"394a1e13-6f4e-46ec-9517-a851172485a5","time":"2026-04-28T16:29:28+05:30","caller":"C:/billing-service/internal/handlers/grpc.go:248","message":"gRPC: GetUsage requested"}
{"level":"info","workspace_id":"0a6344fa-b758-467b-ada6-3b7d16a361cd","time":"2026-04-28T16:29:32+05:30","caller":"C:/billing-service/internal/handlers/grpc.go:213","message":"gRPC: GetSubscription requested"}
{"level":"info","workspace_id":"0a6344fa-b758-467b-ada6-3b7d16a361cd","environment_id":"394a1e13-6f4e-46ec-9517-a851172485a5","time":"2026-04-28T16:29:32+05:30","caller":"C:/billing-service/internal/handlers/grpc.go:248","message":"gRPC: GetUsage requested"}
{"level":"info","workspace_id":"0a6344fa-b758-467b-ada6-3b7d16a361cd","time":"2026-04-28T16:30:14+05:30","caller":"C:/billing-service/internal/handlers/grpc.go:213","message":"gRPC: GetSubscription requested"}
{"level":"info","workspace_id":"0a6344fa-b758-467b-ada6-3b7d16a361cd","environment_id":"394a1e13-6f4e-46ec-9517-a851172485a5","time":"2026-04-28T16:30:14+05:30","caller":"C:/billing-service/internal/handlers/grpc.go:248","message":"gRPC: GetUsage requested"}
{"level":"info","workspace_id":"0a6344fa-b758-467b-ada6-3b7d16a361cd","time":"2026-04-28T16:30:44+05:30","caller":"C:/billing-service/internal/handlers/grpc.go:213","message":"gRPC: GetSubscription requested"}
{"level":"info","workspace_id":"0a6344fa-b758-467b-ada6-3b7d16a361cd","environment_id":"394a1e13-6f4e-46ec-9517-a851172485a5","time":"2026-04-28T16:30:44+05:30","caller":"C:/billing-service/internal/handlers/grpc.go:248","message":"gRPC: GetUsage requested"}
{"level":"info","workspace_id":"0a6344fa-b758-467b-ada6-3b7d16a361cd","time":"2026-04-28T16:30:57+05:30","caller":"C:/billing-service/internal/handlers/grpc.go:213","message":"gRPC: GetSubscription requested"}
{"level":"info","workspace_id":"0a6344fa-b758-467b-ada6-3b7d16a361cd","environment_id":"394a1e13-6f4e-46ec-9517-a851172485a5","time":"2026-04-28T16:30:57+05:30","caller":"C:/billing-service/internal/handlers/grpc.go:248","message":"gRPC: GetUsage requested"}
{"level":"info","workspace_id":"0a6344fa-b758-467b-ada6-3b7d16a361cd","time":"2026-04-28T16:31:30+05:30","caller":"C:/billing-service/internal/handlers/grpc.go:213","message":"gRPC: GetSubscription requested"}
{"level":"info","workspace_id":"0a6344fa-b758-467b-ada6-3b7d16a361cd","environment_id":"394a1e13-6f4e-46ec-9517-a851172485a5","time":"2026-04-28T16:31:30+05:30","caller":"C:/billing-service/internal/handlers/grpc.go:248","message":"gRPC: GetUsage requested"}
{"level":"info","workspace_id":"0a6344fa-b758-467b-ada6-3b7d16a361cd","time":"2026-04-28T16:31:44+05:30","caller":"C:/billing-service/internal/handlers/grpc.go:213","message":"gRPC: GetSubscription requested"}
{"level":"info","workspace_id":"0a6344fa-b758-467b-ada6-3b7d16a361cd","environment_id":"394a1e13-6f4e-46ec-9517-a851172485a5","time":"2026-04-28T16:31:44+05:30","caller":"C:/billing-service/internal/handlers/grpc.go:248","message":"gRPC: GetUsage requested"}
{"level":"info","workspace_id":"0a6344fa-b758-467b-ada6-3b7d16a361cd","time":"2026-04-28T16:31:55+05:30","caller":"C:/billing-service/internal/handlers/grpc.go:213","message":"gRPC: GetSubscription requested"}
{"level":"info","workspace_id":"0a6344fa-b758-467b-ada6-3b7d16a361cd","environment_id":"394a1e13-6f4e-46ec-9517-a851172485a5","time":"2026-04-28T16:31:55+05:30","caller":"C:/billing-service/internal/handlers/grpc.go:248","message":"gRPC: GetUsage requested"}
{"level":"info","workspace_id":"0a6344fa-b758-467b-ada6-3b7d16a361cd","time":"2026-04-28T16:31:58+05:30","caller":"C:/billing-service/internal/handlers/grpc.go:213","message":"gRPC: GetSubscription requested"}
{"level":"info","workspace_id":"0a6344fa-b758-467b-ada6-3b7d16a361cd","environment_id":"394a1e13-6f4e-46ec-9517-a851172485a5","time":"2026-04-28T16:31:58+05:30","caller":"C:/billing-service/internal/handlers/grpc.go:248","message":"gRPC: GetUsage requested"}
{"level":"info","workspace_id":"0a6344fa-b758-467b-ada6-3b7d16a361cd","time":"2026-04-28T16:32:13+05:30","caller":"C:/billing-service/internal/handlers/grpc.go:213","message":"gRPC: GetSubscription requested"}
{"level":"info","workspace_id":"0a6344fa-b758-467b-ada6-3b7d16a361cd","environment_id":"394a1e13-6f4e-46ec-9517-a851172485a5","time":"2026-04-28T16:32:13+05:30","caller":"C:/billing-service/internal/handlers/grpc.go:248","message":"gRPC: GetUsage requested"}
{"level":"info","workspace_id":"2404e6ad-e945-4b39-8703-27d57687bd78","time":"2026-04-28T18:42:04+05:30","caller":"C:/billing-service/internal/handlers/grpc.go:213","message":"gRPC: GetSubscription requested"}
{"level":"info","workspace_id":"2404e6ad-e945-4b39-8703-27d57687bd78","environment_id":"436040ed-4f5f-4f3e-8e71-7ba34e8cd3ee","time":"2026-04-28T18:42:04+05:30","caller":"C:/billing-service/internal/handlers/grpc.go:248","message":"gRPC: GetUsage requested"}
{"level":"info","workspace_id":"2404e6ad-e945-4b39-8703-27d57687bd78","plan_id":"84d323c3-bc5b-48e0-8483-882b6a876354","customer_email":"test@example.com","time":"2026-04-28T18:42:20+05:30","caller":"C:/billing-service/internal/handlers/grpc.go:296","message":"gRPC: CreateCheckoutSession requested"}
{"level":"info","component":"stripe_provider","session_id":"cs_test_a1GVXB3bXPN3Pls3HPvVf5imbBrEiIFMyrh1HoJjJND5AgozsQjHANZOQP","workspace_id":"2404e6ad-e945-4b39-8703-27d57687bd78","time":"2026-04-28T18:42:22+05:30","caller":"C:/billing-service/internal/stripe/client.go:88","message":"stripe checkout session created"}
{"level":"info","workspace_id":"2404e6ad-e945-4b39-8703-27d57687bd78","time":"2026-04-28T18:42:31+05:30","caller":"C:/billing-service/internal/handlers/grpc.go:213","message":"gRPC: GetSubscription requested"}
{"level":"info","workspace_id":"2404e6ad-e945-4b39-8703-27d57687bd78","environment_id":"436040ed-4f5f-4f3e-8e71-7ba34e8cd3ee","time":"2026-04-28T18:42:31+05:30","caller":"C:/billing-service/internal/handlers/grpc.go:248","message":"gRPC: GetUsage requested"}
{"level":"info","workspace_id":"2404e6ad-e945-4b39-8703-27d57687bd78","time":"2026-04-28T18:42:39+05:30","caller":"C:/billing-service/internal/handlers/grpc.go:213","message":"gRPC: GetSubscription requested"}
{"level":"info","workspace_id":"2404e6ad-e945-4b39-8703-27d57687bd78","environment_id":"fd62ba43-9ecb-47fa-9da3-c0da23d8cd07","time":"2026-04-28T18:42:39+05:30","caller":"C:/billing-service/internal/handlers/grpc.go:248","message":"gRPC: GetUsage requested"}
{"level":"info","workspace_id":"2404e6ad-e945-4b39-8703-27d57687bd78","channel":"sms","time":"2026-04-28T19:20:30+05:30","caller":"C:/billing-service/internal/handlers/grpc.go:51","message":"gRPC: CheckLimit requested"}
{"level":"info","workspace_id":"2404e6ad-e945-4b39-8703-27d57687bd78","channel":"email","time":"2026-04-28T19:20:33+05:30","caller":"C:/billing-service/internal/handlers/grpc.go:51","message":"gRPC: CheckLimit requested"}
{"level":"info","workspace_id":"2404e6ad-e945-4b39-8703-27d57687bd78","channel":"email","provider":"ses","success":true,"time":"2026-04-28T19:20:33+05:30","caller":"C:/billing-service/internal/handlers/grpc.go:94","message":"gRPC: RecordUsage requested"}
{"level":"info","workspace_id":"2404e6ad-e945-4b39-8703-27d57687bd78","channel":"sms","provider":"twilio","success":true,"time":"2026-04-28T19:20:34+05:30","caller":"C:/billing-service/internal/handlers/grpc.go:94","message":"gRPC: RecordUsage requested"}
{"level":"info","component":"stripe_provider","event_type":"checkout.session.expired","event_id":"evt_1TRCF40yF76gbNAzO71m3SU9","time":"2026-04-28T19:34:02+05:30","caller":"C:/billing-service/internal/stripe/client.go:41","message":"stripe event received"}
{"level":"info","component":"stripe_provider","event_type":"checkout.session.expired","event_id":"evt_1TRCHy0yF76gbNAzfbNj58i3","time":"2026-04-28T19:37:02+05:30","caller":"C:/billing-service/internal/stripe/client.go:41","message":"stripe event received"}
{"level":"info","component":"stripe_provider","event_type":"checkout.session.expired","event_id":"evt_1TRCM30yF76gbNAzu9E4WAdg","time":"2026-04-28T19:41:15+05:30","caller":"C:/billing-service/internal/stripe/client.go:41","message":"stripe event received"}
{"level":"info","component":"stripe_provider","event_type":"checkout.session.expired","event_id":"evt_1TRCQX0yF76gbNAzXi87UUT3","time":"2026-04-28T19:45:53+05:30","caller":"C:/billing-service/internal/stripe/client.go:41","message":"stripe event received"}
{"level":"info","workspace_id":"2404e6ad-e945-4b39-8703-27d57687bd78","channel":"sms","time":"2026-04-28T19:58:02+05:30","caller":"C:/billing-service/internal/handlers/grpc.go:51","message":"gRPC: CheckLimit requested"}
{"level":"info","workspace_id":"2404e6ad-e945-4b39-8703-27d57687bd78","channel":"email","time":"2026-04-28T19:58:03+05:30","caller":"C:/billing-service/internal/handlers/grpc.go:51","message":"gRPC: CheckLimit requested"}
{"level":"info","workspace_id":"2404e6ad-e945-4b39-8703-27d57687bd78","channel":"email","provider":"ses","success":true,"time":"2026-04-28T19:58:03+05:30","caller":"C:/billing-service/internal/handlers/grpc.go:94","message":"gRPC: RecordUsage requested"}
{"level":"info","workspace_id":"2404e6ad-e945-4b39-8703-27d57687bd78","channel":"sms","provider":"twilio","success":true,"time":"2026-04-28T19:58:03+05:30","caller":"C:/billing-service/internal/handlers/grpc.go:94","message":"gRPC: RecordUsage requested"}
{"level":"info","workspace_id":"2404e6ad-e945-4b39-8703-27d57687bd78","channel":"sms","time":"2026-04-28T21:11:19+05:30","caller":"C:/billing-service/internal/handlers/grpc.go:51","message":"gRPC: CheckLimit requested"}
{"level":"info","workspace_id":"2404e6ad-e945-4b39-8703-27d57687bd78","channel":"email","time":"2026-04-28T21:11:20+05:30","caller":"C:/billing-service/internal/handlers/grpc.go:51","message":"gRPC: CheckLimit requested"}
{"level":"info","workspace_id":"2404e6ad-e945-4b39-8703-27d57687bd78","channel":"email","provider":"ses","success":true,"time":"2026-04-28T21:11:20+05:30","caller":"C:/billing-service/internal/handlers/grpc.go:94","message":"gRPC: RecordUsage requested"}
{"level":"info","workspace_id":"2404e6ad-e945-4b39-8703-27d57687bd78","channel":"sms","provider":"twilio","success":true,"time":"2026-04-28T21:11:21+05:30","caller":"C:/billing-service/internal/handlers/grpc.go:94","message":"gRPC: RecordUsage requested"}
{"level":"info","workspace_id":"2404e6ad-e945-4b39-8703-27d57687bd78","channel":"sms","time":"2026-04-28T21:22:03+05:30","caller":"C:/billing-service/internal/handlers/grpc.go:51","message":"gRPC: CheckLimit requested"}
{"level":"info","workspace_id":"2404e6ad-e945-4b39-8703-27d57687bd78","channel":"email","time":"2026-04-28T21:22:04+05:30","caller":"C:/billing-service/internal/handlers/grpc.go:51","message":"gRPC: CheckLimit requested"}
{"level":"info","workspace_id":"2404e6ad-e945-4b39-8703-27d57687bd78","channel":"email","provider":"ses","success":true,"time":"2026-04-28T21:22:04+05:30","caller":"C:/billing-service/internal/handlers/grpc.go:94","message":"gRPC: RecordUsage requested"}
{"level":"info","workspace_id":"2404e6ad-e945-4b39-8703-27d57687bd78","channel":"sms","provider":"twilio","success":true,"time":"2026-04-28T21:22:05+05:30","caller":"C:/billing-service/internal/handlers/grpc.go:94","message":"gRPC: RecordUsage requested"}
{"level":"info","workspace_id":"2404e6ad-e945-4b39-8703-27d57687bd78","time":"2026-04-28T21:39:59+05:30","caller":"C:/billing-service/internal/handlers/grpc.go:213","message":"gRPC: GetSubscription requested"}
{"level":"info","workspace_id":"2404e6ad-e945-4b39-8703-27d57687bd78","environment_id":"fd62ba43-9ecb-47fa-9da3-c0da23d8cd07","time":"2026-04-28T21:39:59+05:30","caller":"C:/billing-service/internal/handlers/grpc.go:248","message":"gRPC: GetUsage requested"}
{"level":"info","workspace_id":"2404e6ad-e945-4b39-8703-27d57687bd78","time":"2026-04-28T21:40:10+05:30","caller":"C:/billing-service/internal/handlers/grpc.go:213","message":"gRPC: GetSubscription requested"}
{"level":"info","workspace_id":"2404e6ad-e945-4b39-8703-27d57687bd78","environment_id":"fd62ba43-9ecb-47fa-9da3-c0da23d8cd07","time":"2026-04-28T21:40:10+05:30","caller":"C:/billing-service/internal/handlers/grpc.go:248","message":"gRPC: GetUsage requested"}
{"level":"info","workspace_id":"2404e6ad-e945-4b39-8703-27d57687bd78","time":"2026-04-28T21:40:25+05:30","caller":"C:/billing-service/internal/handlers/grpc.go:213","message":"gRPC: GetSubscription requested"}
{"level":"info","workspace_id":"2404e6ad-e945-4b39-8703-27d57687bd78","environment_id":"fd62ba43-9ecb-47fa-9da3-c0da23d8cd07","time":"2026-04-28T21:40:25+05:30","caller":"C:/billing-service/internal/handlers/grpc.go:248","message":"gRPC: GetUsage requested"}
{"level":"info","workspace_id":"2404e6ad-e945-4b39-8703-27d57687bd78","time":"2026-04-28T21:40:51+05:30","caller":"C:/billing-service/internal/handlers/grpc.go:213","message":"gRPC: GetSubscription requested"}
{"level":"info","workspace_id":"2404e6ad-e945-4b39-8703-27d57687bd78","environment_id":"fd62ba43-9ecb-47fa-9da3-c0da23d8cd07","time":"2026-04-28T21:40:51+05:30","caller":"C:/billing-service/internal/handlers/grpc.go:248","message":"gRPC: GetUsage requested"}
{"level":"info","workspace_id":"2404e6ad-e945-4b39-8703-27d57687bd78","time":"2026-04-28T21:40:59+05:30","caller":"C:/billing-service/internal/handlers/grpc.go:213","message":"gRPC: GetSubscription requested"}
{"level":"info","workspace_id":"2404e6ad-e945-4b39-8703-27d57687bd78","environment_id":"fd62ba43-9ecb-47fa-9da3-c0da23d8cd07","time":"2026-04-28T21:40:59+05:30","caller":"C:/billing-service/internal/handlers/grpc.go:248","message":"gRPC: GetUsage requested"}
{"level":"info","workspace_id":"2404e6ad-e945-4b39-8703-27d57687bd78","time":"2026-04-28T21:41:08+05:30","caller":"C:/billing-service/internal/handlers/grpc.go:213","message":"gRPC: GetSubscription requested"}
{"level":"info","workspace_id":"2404e6ad-e945-4b39-8703-27d57687bd78","environment_id":"fd62ba43-9ecb-47fa-9da3-c0da23d8cd07","time":"2026-04-28T21:41:08+05:30","caller":"C:/billing-service/internal/handlers/grpc.go:248","message":"gRPC: GetUsage requested"}
{"level":"info","workspace_id":"2404e6ad-e945-4b39-8703-27d57687bd78","time":"2026-04-29T11:54:11+05:30","caller":"C:/billing-service/internal/handlers/grpc.go:213","message":"gRPC: GetSubscription requested"}
{"level":"info","workspace_id":"2404e6ad-e945-4b39-8703-27d57687bd78","environment_id":"436040ed-4f5f-4f3e-8e71-7ba34e8cd3ee","time":"2026-04-29T11:54:11+05:30","caller":"C:/billing-service/internal/handlers/grpc.go:248","message":"gRPC: GetUsage requested"}
{"level":"info","time":"2026-04-29T12:14:55+05:30","caller":"C:/billing-service/cmd/cmd.go:63","message":"🛑 Received shutdown signal. Starting graceful shutdown..."}
{"level":"info","time":"2026-04-29T12:14:55+05:30","caller":"C:/billing-service/internal/cron/schdeuler.go:86","message":"scheduler stopped"}
{"level":"info","time":"2026-04-29T12:14:55+05:30","caller":"C:/billing-service/cmd/cmd.go:94","message":"❌ Service is gracefully stopping"}
{"level":"info","time":"2026-04-29T12:14:55+05:30","caller":"C:/billing-service/cmd/cmd.go:102","message":"HTTP server stopped gracefully"}
{"level":"info","time":"2026-04-29T12:14:55+05:30","caller":"C:/billing-service/cmd/cmd.go:112","message":"gRPC server stopped gracefully"}
{"level":"info","time":"2026-04-29T12:21:01+05:30","caller":"C:/billing-service/internal/app/app.go:34","message":"Starting billing service..."}
{"level":"info","time":"2026-04-29T12:21:02+05:30","caller":"C:/billing-service/cmd/cmd.go:56","message":"🟢 Service is fully started and running. Waiting for signals..."}
{"level":"info","port":"8081","time":"2026-04-29T12:21:02+05:30","caller":"C:/billing-service/cmd/cmd.go:45","message":"Starting HTTP server"}
{"level":"info","time":"2026-04-29T12:21:02+05:30","caller":"C:/billing-service/cmd/cmd.go:52","message":"Starting subscription expiry scheduler"}
{"level":"info","service":"billing-service","addr":":50051","time":"2026-04-29T12:21:02+05:30","caller":"C:/billing-service/cmd/cmd.go:36","message":"Starting gRPC server"}
{"level":"info","interval":3600000,"time":"2026-04-29T12:21:02+05:30","caller":"C:/billing-service/internal/cron/schdeuler.go:79","message":"scheduler started"}
{"level":"info","time":"2026-04-29T13:55:05+05:30","caller":"C:/billing-service/internal/cron/schdeuler.go:86","message":"scheduler stopped"}
{"level":"info","time":"2026-04-29T13:55:05+05:30","caller":"C:/billing-service/cmd/cmd.go:63","message":"🛑 Received shutdown signal. Starting graceful shutdown..."}
{"level":"info","time":"2026-04-29T13:55:05+05:30","caller":"C:/billing-service/cmd/cmd.go:94","message":"❌ Service is gracefully stopping"}
{"level":"info","time":"2026-04-29T13:55:05+05:30","caller":"C:/billing-service/cmd/cmd.go:102","message":"HTTP server stopped gracefully"}
{"level":"info","time":"2026-04-29T13:55:05+05:30","caller":"C:/billing-service/cmd/cmd.go:112","message":"gRPC server stopped gracefully"}
{"level":"info","time":"2026-04-29T14:14:18+05:30","caller":"C:/billing-service/internal/app/app.go:34","message":"Starting billing service..."}
{"level":"info","service":"billing-service","addr":":50051","time":"2026-04-29T14:14:18+05:30","caller":"C:/billing-service/cmd/cmd.go:36","message":"Starting gRPC server"}
{"level":"info","time":"2026-04-29T14:14:18+05:30","caller":"C:/billing-service/cmd/cmd.go:52","message":"Starting subscription expiry scheduler"}
{"level":"info","time":"2026-04-29T14:14:18+05:30","caller":"C:/billing-service/cmd/cmd.go:56","message":"🟢 Service is fully started and running. Waiting for signals..."}
{"level":"info","interval":3600000,"time":"2026-04-29T14:14:18+05:30","caller":"C:/billing-service/internal/cron/schdeuler.go:79","message":"scheduler started"}
{"level":"info","port":"8081","time":"2026-04-29T14:14:18+05:30","caller":"C:/billing-service/cmd/cmd.go:45","message":"Starting HTTP server"}
{"level":"info","workspace_id":"2404e6ad-e945-4b39-8703-27d57687bd78","time":"2026-04-29T14:34:16+05:30","caller":"C:/billing-service/internal/handlers/grpc.go:213","message":"gRPC: GetSubscription requested"}
{"level":"info","workspace_id":"2404e6ad-e945-4b39-8703-27d57687bd78","environment_id":"fd62ba43-9ecb-47fa-9da3-c0da23d8cd07","time":"2026-04-29T14:34:16+05:30","caller":"C:/billing-service/internal/handlers/grpc.go:248","message":"gRPC: GetUsage requested"}
{"level":"info","workspace_id":"2404e6ad-e945-4b39-8703-27d57687bd78","environment_id":"fd62ba43-9ecb-47fa-9da3-c0da23d8cd07","time":"2026-04-29T14:41:41+05:30","caller":"C:/billing-service/internal/handlers/grpc.go:248","message":"gRPC: GetUsage requested"}
{"level":"info","workspace_id":"2404e6ad-e945-4b39-8703-27d57687bd78","time":"2026-04-29T14:41:41+05:30","caller":"C:/billing-service/internal/handlers/grpc.go:213","message":"gRPC: GetSubscription requested"}
{"level":"info","workspace_id":"2404e6ad-e945-4b39-8703-27d57687bd78","time":"2026-04-29T14:41:47+05:30","caller":"C:/billing-service/internal/handlers/grpc.go:213","message":"gRPC: GetSubscription requested"}
{"level":"info","workspace_id":"2404e6ad-e945-4b39-8703-27d57687bd78","environment_id":"fd62ba43-9ecb-47fa-9da3-c0da23d8cd07","time":"2026-04-29T14:41:47+05:30","caller":"C:/billing-service/internal/handlers/grpc.go:248","message":"gRPC: GetUsage requested"}
{"level":"info","workspace_id":"2404e6ad-e945-4b39-8703-27d57687bd78","time":"2026-04-29T15:08:53+05:30","caller":"C:/billing-service/internal/handlers/grpc.go:213","message":"gRPC: GetSubscription requested"}
{"level":"info","workspace_id":"2404e6ad-e945-4b39-8703-27d57687bd78","environment_id":"436040ed-4f5f-4f3e-8e71-7ba34e8cd3ee","time":"2026-04-29T15:08:53+05:30","caller":"C:/billing-service/internal/handlers/grpc.go:248","message":"gRPC: GetUsage requested"}
{"level":"info","workspace_id":"2404e6ad-e945-4b39-8703-27d57687bd78","time":"2026-04-29T21:19:58+05:30","caller":"C:/billing-service/internal/handlers/grpc.go:213","message":"gRPC: GetSubscription requested"}
{"level":"info","workspace_id":"2404e6ad-e945-4b39-8703-27d57687bd78","environment_id":"436040ed-4f5f-4f3e-8e71-7ba34e8cd3ee","time":"2026-04-29T21:19:58+05:30","caller":"C:/billing-service/internal/handlers/grpc.go:248","message":"gRPC: GetUsage requested"}
{"level":"info","workspace_id":"f91e3a77-e58b-4716-aa44-09ced95b8877","plan_id":"Free","payment_provider":"system","time":"2026-04-29T22:07:44+05:30","caller":"C:/billing-service/internal/handlers/grpc.go:119","message":"gRPC: CreateSubscription request received"}
{"level":"info","workspace_id":"f91e3a77-e58b-4716-aa44-09ced95b8877","plan_id":"c4071957-d569-47b0-a778-31ffd9f38af4","payment_provider":"system","time":"2026-04-29T22:07:44+05:30","caller":"C:/billing-service/internal/handlers/grpc.go:152","message":"gRPC: calling Subscribe"}
{"level":"info","subscription_id":"bcfb4fc3-a88c-4b71-8abd-c37294de267a","workspace_id":"f91e3a77-e58b-4716-aa44-09ced95b8877","time":"2026-04-29T22:07:44+05:30","caller":"C:/billing-service/internal/handlers/grpc.go:169","message":"gRPC: CreateSubscription succeeded"}
{"level":"info","workspace_id":"f91e3a77-e58b-4716-aa44-09ced95b8877","environment_id":"7a0a5d61-010c-4ebc-ae8c-f08b0e85c970","time":"2026-04-29T22:45:43+05:30","caller":"C:/billing-service/internal/handlers/grpc.go:248","message":"gRPC: GetUsage requested"}
{"level":"info","workspace_id":"f91e3a77-e58b-4716-aa44-09ced95b8877","time":"2026-04-29T22:45:43+05:30","caller":"C:/billing-service/internal/handlers/grpc.go:213","message":"gRPC: GetSubscription requested"}
{"level":"info","workspace_id":"f91e3a77-e58b-4716-aa44-09ced95b8877","plan_id":"ad8bd5c9-33be-412e-bd77-bc523936d14a","customer_email":"test@ample.com","time":"2026-04-29T22:45:45+05:30","caller":"C:/billing-service/internal/handlers/grpc.go:296","message":"gRPC: CreateCheckoutSession requested"}
{"level":"info","component":"stripe_provider","session_id":"cs_test_a1bdlPXwiCe3cR5AufHcdzAc1gKQenr8zd5iv2oIxj2M0K0lYTNMxrT9jJ","workspace_id":"f91e3a77-e58b-4716-aa44-09ced95b8877","time":"2026-04-29T22:45:53+05:30","caller":"C:/billing-service/internal/stripe/client.go:88","message":"stripe checkout session created"}
{"level":"info","session_id":"cs_test_a1bdlPXwiCe3cR5AufHcdzAc1gKQenr8zd5iv2oIxj2M0K0lYTNMxrT9jJ","time":"2026-04-29T22:46:15+05:30","caller":"C:/billing-service/internal/handlers/grpc.go:311","message":"gRPC: GetCheckoutSession requested"}
{"level":"info","session_id":"cs_test_a1bdlPXwiCe3cR5AufHcdzAc1gKQenr8zd5iv2oIxj2M0K0lYTNMxrT9jJ","time":"2026-04-29T22:46:16+05:30","caller":"C:/billing-service/internal/handlers/grpc.go:311","message":"gRPC: GetCheckoutSession requested"}
{"level":"info","workspace_id":"f91e3a77-e58b-4716-aa44-09ced95b8877","time":"2026-04-29T22:46:23+05:30","caller":"C:/billing-service/internal/handlers/grpc.go:213","message":"gRPC: GetSubscription requested"}
{"level":"info","workspace_id":"f91e3a77-e58b-4716-aa44-09ced95b8877","environment_id":"7a0a5d61-010c-4ebc-ae8c-f08b0e85c970","time":"2026-04-29T22:46:23+05:30","caller":"C:/billing-service/internal/handlers/grpc.go:248","message":"gRPC: GetUsage requested"}
{"level":"info","workspace_id":"f91e3a77-e58b-4716-aa44-09ced95b8877","time":"2026-04-29T22:47:24+05:30","caller":"C:/billing-service/internal/handlers/grpc.go:213","message":"gRPC: GetSubscription requested"}
{"level":"info","workspace_id":"f91e3a77-e58b-4716-aa44-09ced95b8877","environment_id":"7a0a5d61-010c-4ebc-ae8c-f08b0e85c970","time":"2026-04-29T22:47:24+05:30","caller":"C:/billing-service/internal/handlers/grpc.go:248","message":"gRPC: GetUsage requested"}
{"level":"info","workspace_id":"f91e3a77-e58b-4716-aa44-09ced95b8877","time":"2026-04-29T22:47:30+05:30","caller":"C:/billing-service/internal/handlers/grpc.go:213","message":"gRPC: GetSubscription requested"}
{"level":"info","workspace_id":"f91e3a77-e58b-4716-aa44-09ced95b8877","environment_id":"7a0a5d61-010c-4ebc-ae8c-f08b0e85c970","time":"2026-04-29T22:47:30+05:30","caller":"C:/billing-service/internal/handlers/grpc.go:248","message":"gRPC: GetUsage requested"}
{"level":"info","workspace_id":"f91e3a77-e58b-4716-aa44-09ced95b8877","environment_id":"7a0a5d61-010c-4ebc-ae8c-f08b0e85c970","time":"2026-04-29T22:48:50+05:30","caller":"C:/billing-service/internal/handlers/grpc.go:248","message":"gRPC: GetUsage requested"}
{"level":"info","workspace_id":"f91e3a77-e58b-4716-aa44-09ced95b8877","time":"2026-04-29T22:48:50+05:30","caller":"C:/billing-service/internal/handlers/grpc.go:213","message":"gRPC: GetSubscription requested"}
{"level":"info","workspace_id":"f91e3a77-e58b-4716-aa44-09ced95b8877","plan_id":"ad8bd5c9-33be-412e-bd77-bc523936d14a","customer_email":"test@ample.com","time":"2026-04-29T22:48:51+05:30","caller":"C:/billing-service/internal/handlers/grpc.go:296","message":"gRPC: CreateCheckoutSession requested"}
{"level":"info","component":"stripe_provider","session_id":"cs_test_a1F4Yx1sNdWJzkUG0TbzUw3Gq1SyghN3WqoZwoxaiCDrtlM7HARfIF2xQY","workspace_id":"f91e3a77-e58b-4716-aa44-09ced95b8877","time":"2026-04-29T22:48:53+05:30","caller":"C:/billing-service/internal/stripe/client.go:88","message":"stripe checkout session created"}
{"level":"info","component":"stripe_provider","event_type":"payment_method.attached","event_id":"evt_1TRblW0yF76gbNAzcX06DXhG","time":"2026-04-29T22:49:10+05:30","caller":"C:/billing-service/internal/stripe/client.go:41","message":"stripe event received"}
{"level":"info","component":"stripe_provider","event_type":"charge.succeeded","event_id":"evt_3TRblS0yF76gbNAz0zBeg7Le","time":"2026-04-29T22:49:10+05:30","caller":"C:/billing-service/internal/stripe/client.go:41","message":"stripe event received"}
{"level":"info","component":"stripe_provider","event_type":"customer.created","event_id":"evt_1TRblW0yF76gbNAz28EjUbCg","time":"2026-04-29T22:49:10+05:30","caller":"C:/billing-service/internal/stripe/client.go:41","message":"stripe event received"}
{"level":"info","component":"stripe_provider","event_type":"customer.updated","event_id":"evt_1TRblW0yF76gbNAzu0NqJcga","time":"2026-04-29T22:49:10+05:30","caller":"C:/billing-service/internal/stripe/client.go:41","message":"stripe event received"}
{"level":"info","component":"stripe_provider","event_type":"checkout.session.completed","event_id":"evt_1TRblW0yF76gbNAzUQ6HwHXu","time":"2026-04-29T22:49:10+05:30","caller":"C:/billing-service/internal/stripe/client.go:41","message":"stripe event received"}
{"level":"info","component":"stripe_provider","event_type":"customer.subscription.created","event_id":"evt_1TRblW0yF76gbNAzNY7v0vpn","time":"2026-04-29T22:49:10+05:30","caller":"C:/billing-service/internal/stripe/client.go:41","message":"stripe event received"}
{"level":"info","component":"stripe_provider","event_type":"payment_intent.succeeded","event_id":"evt_3TRblS0yF76gbNAz0tgYUl4U","time":"2026-04-29T22:49:10+05:30","caller":"C:/billing-service/internal/stripe/client.go:41","message":"stripe event received"}
{"level":"info","component":"stripe_provider","event_type":"payment_intent.created","event_id":"evt_3TRblS0yF76gbNAz0Nm3q0WS","time":"2026-04-29T22:49:10+05:30","caller":"C:/billing-service/internal/stripe/client.go:41","message":"stripe event received"}
{"level":"info","component":"stripe_provider","event_type":"invoice.created","event_id":"evt_1TRblW0yF76gbNAzlfd1GGMA","time":"2026-04-29T22:49:10+05:30","caller":"C:/billing-service/internal/stripe/client.go:41","message":"stripe event received"}
{"level":"info","component":"stripe_provider","period_start":1777483150,"period_end":1780075150,"time":"2026-04-29T22:49:10+05:30","caller":"C:/billing-service/internal/stripe/client.go:140","message":"stripe subscription period dates"}
{"level":"info","event_type":"subscription.created","time":"2026-04-29T22:49:10+05:30","caller":"C:/billing-service/internal/handlers/webhook.go:54","message":"📥 Received billing event"}
{"level":"info","component":"stripe_provider","event_type":"invoice.finalized","event_id":"evt_1TRblW0yF76gbNAzHkgbYvMA","time":"2026-04-29T22:49:10+05:30","caller":"C:/billing-service/internal/stripe/client.go:41","message":"stripe event received"}
{"level":"info","component":"stripe_provider","event_type":"invoice.paid","event_id":"evt_1TRblW0yF76gbNAz36kfn25P","time":"2026-04-29T22:49:10+05:30","caller":"C:/billing-service/internal/stripe/client.go:41","message":"stripe event received"}
{"level":"info","component":"stripe_provider","event_type":"invoice.payment_succeeded","event_id":"evt_1TRblX0yF76gbNAzVXSYgA5F","time":"2026-04-29T22:49:11+05:30","caller":"C:/billing-service/internal/stripe/client.go:41","message":"stripe event received"}
{"level":"info","event_type":"payment.succeeded","time":"2026-04-29T22:49:11+05:30","caller":"C:/billing-service/internal/handlers/webhook.go:54","message":"📥 Received billing event"}
{"level":"info","session_id":"cs_test_a1F4Yx1sNdWJzkUG0TbzUw3Gq1SyghN3WqoZwoxaiCDrtlM7HARfIF2xQY","time":"2026-04-29T22:49:13+05:30","caller":"C:/billing-service/internal/handlers/grpc.go:311","message":"gRPC: GetCheckoutSession requested"}
{"level":"info","session_id":"cs_test_a1F4Yx1sNdWJzkUG0TbzUw3Gq1SyghN3WqoZwoxaiCDrtlM7HARfIF2xQY","time":"2026-04-29T22:49:13+05:30","caller":"C:/billing-service/internal/handlers/grpc.go:311","message":"gRPC: GetCheckoutSession requested"}
{"level":"info","workspace_id":"f91e3a77-e58b-4716-aa44-09ced95b8877","environment_id":"7a0a5d61-010c-4ebc-ae8c-f08b0e85c970","time":"2026-04-29T22:49:20+05:30","caller":"C:/billing-service/internal/handlers/grpc.go:248","message":"gRPC: GetUsage requested"}
{"level":"info","workspace_id":"f91e3a77-e58b-4716-aa44-09ced95b8877","time":"2026-04-29T22:49:20+05:30","caller":"C:/billing-service/internal/handlers/grpc.go:213","message":"gRPC: GetSubscription requested"}
{"level":"info","workspace_id":"f91e3a77-e58b-4716-aa44-09ced95b8877","time":"2026-04-29T22:49:43+05:30","caller":"C:/billing-service/internal/handlers/grpc.go:213","message":"gRPC: GetSubscription requested"}
{"level":"info","workspace_id":"f91e3a77-e58b-4716-aa44-09ced95b8877","environment_id":"7a0a5d61-010c-4ebc-ae8c-f08b0e85c970","time":"2026-04-29T22:49:43+05:30","caller":"C:/billing-service/internal/handlers/grpc.go:248","message":"gRPC: GetUsage requested"}
{"level":"info","component":"stripe_provider","event_type":"invoice_payment.paid","event_id":"evt_1TRbm30yF76gbNAz3CRtbPcT","time":"2026-04-29T22:49:44+05:30","caller":"C:/billing-service/internal/stripe/client.go:41","message":"stripe event received"}
{"level":"info","workspace_id":"f91e3a77-e58b-4716-aa44-09ced95b8877","time":"2026-04-29T22:49:53+05:30","caller":"C:/billing-service/internal/handlers/grpc.go:213","message":"gRPC: GetSubscription requested"}
{"level":"info","workspace_id":"f91e3a77-e58b-4716-aa44-09ced95b8877","environment_id":"7a0a5d61-010c-4ebc-ae8c-f08b0e85c970","time":"2026-04-29T22:49:53+05:30","caller":"C:/billing-service/internal/handlers/grpc.go:248","message":"gRPC: GetUsage requested"}
{"level":"info","workspace_id":"f91e3a77-e58b-4716-aa44-09ced95b8877","time":"2026-04-29T22:50:02+05:30","caller":"C:/billing-service/internal/handlers/grpc.go:213","message":"gRPC: GetSubscription requested"}
{"level":"info","workspace_id":"f91e3a77-e58b-4716-aa44-09ced95b8877","environment_id":"7a0a5d61-010c-4ebc-ae8c-f08b0e85c970","time":"2026-04-29T22:50:02+05:30","caller":"C:/billing-service/internal/handlers/grpc.go:248","message":"gRPC: GetUsage requested"}
{"level":"info","workspace_id":"f91e3a77-e58b-4716-aa44-09ced95b8877","time":"2026-04-29T22:51:47+05:30","caller":"C:/billing-service/internal/handlers/grpc.go:213","message":"gRPC: GetSubscription requested"}
{"level":"info","workspace_id":"f91e3a77-e58b-4716-aa44-09ced95b8877","environment_id":"7a0a5d61-010c-4ebc-ae8c-f08b0e85c970","time":"2026-04-29T22:51:47+05:30","caller":"C:/billing-service/internal/handlers/grpc.go:248","message":"gRPC: GetUsage requested"}
{"level":"info","workspace_id":"f91e3a77-e58b-4716-aa44-09ced95b8877","environment_id":"7a0a5d61-010c-4ebc-ae8c-f08b0e85c970","time":"2026-04-29T22:54:25+05:30","caller":"C:/billing-service/internal/handlers/grpc.go:248","message":"gRPC: GetUsage requested"}
{"level":"info","workspace_id":"f91e3a77-e58b-4716-aa44-09ced95b8877","time":"2026-04-29T22:54:25+05:30","caller":"C:/billing-service/internal/handlers/grpc.go:213","message":"gRPC: GetSubscription requested"}
{"level":"info","workspace_id":"f91e3a77-e58b-4716-aa44-09ced95b8877","environment_id":"7a0a5d61-010c-4ebc-ae8c-f08b0e85c970","time":"2026-04-29T22:54:40+05:30","caller":"C:/billing-service/internal/handlers/grpc.go:248","message":"gRPC: GetUsage requested"}
{"level":"info","workspace_id":"f91e3a77-e58b-4716-aa44-09ced95b8877","time":"2026-04-29T22:54:40+05:30","caller":"C:/billing-service/internal/handlers/grpc.go:213","message":"gRPC: GetSubscription requested"}
{"level":"info","workspace_id":"f91e3a77-e58b-4716-aa44-09ced95b8877","environment_id":"7a0a5d61-010c-4ebc-ae8c-f08b0e85c970","time":"2026-04-29T22:54:45+05:30","caller":"C:/billing-service/internal/handlers/grpc.go:248","message":"gRPC: GetUsage requested"}
{"level":"info","workspace_id":"f91e3a77-e58b-4716-aa44-09ced95b8877","time":"2026-04-29T22:54:45+05:30","caller":"C:/billing-service/internal/handlers/grpc.go:213","message":"gRPC: GetSubscription requested"}
{"level":"info","workspace_id":"f91e3a77-e58b-4716-aa44-09ced95b8877","environment_id":"7a0a5d61-010c-4ebc-ae8c-f08b0e85c970","time":"2026-04-30T13:46:32+05:30","caller":"C:/billing-service/internal/handlers/grpc.go:248","message":"gRPC: GetUsage requested"}
{"level":"info","workspace_id":"f91e3a77-e58b-4716-aa44-09ced95b8877","time":"2026-04-30T13:46:32+05:30","caller":"C:/billing-service/internal/handlers/grpc.go:213","message":"gRPC: GetSubscription requested"}
{"level":"info","workspace_id":"f91e3a77-e58b-4716-aa44-09ced95b8877","time":"2026-04-30T13:46:34+05:30","caller":"C:/billing-service/internal/handlers/grpc.go:213","message":"gRPC: GetSubscription requested"}
{"level":"info","workspace_id":"f91e3a77-e58b-4716-aa44-09ced95b8877","environment_id":"7a0a5d61-010c-4ebc-ae8c-f08b0e85c970","time":"2026-04-30T13:46:34+05:30","caller":"C:/billing-service/internal/handlers/grpc.go:248","message":"gRPC: GetUsage requested"}
{"level":"info","workspace_id":"f91e3a77-e58b-4716-aa44-09ced95b8877","time":"2026-04-30T13:46:40+05:30","caller":"C:/billing-service/internal/handlers/grpc.go:213","message":"gRPC: GetSubscription requested"}
{"level":"info","workspace_id":"f91e3a77-e58b-4716-aa44-09ced95b8877","environment_id":"7a0a5d61-010c-4ebc-ae8c-f08b0e85c970","time":"2026-04-30T13:46:40+05:30","caller":"C:/billing-service/internal/handlers/grpc.go:248","message":"gRPC: GetUsage requested"}
{"level":"info","workspace_id":"f91e3a77-e58b-4716-aa44-09ced95b8877","plan_id":"ad8bd5c9-33be-412e-bd77-bc523936d14a","customer_email":"test@ample.com","time":"2026-04-30T13:46:42+05:30","caller":"C:/billing-service/internal/handlers/grpc.go:296","message":"gRPC: CreateCheckoutSession requested"}
{"level":"error","component":"stripe_provider","error":"Post \"https://api.stripe.com/v1/checkout/sessions\": dial tcp: lookup api.stripe.com: no such host","workspace_id":"f91e3a77-e58b-4716-aa44-09ced95b8877","plan_id":"ad8bd5c9-33be-412e-bd77-bc523936d14a","time":"2026-04-30T13:46:44+05:30","caller":"C:/billing-service/internal/stripe/client.go:81","message":"failed to create stripe checkout session"}
{"level":"info","workspace_id":"f91e3a77-e58b-4716-aa44-09ced95b8877","environment_id":"7a0a5d61-010c-4ebc-ae8c-f08b0e85c970","time":"2026-04-30T13:46:55+05:30","caller":"C:/billing-service/internal/handlers/grpc.go:248","message":"gRPC: GetUsage requested"}
{"level":"info","workspace_id":"f91e3a77-e58b-4716-aa44-09ced95b8877","time":"2026-04-30T13:46:55+05:30","caller":"C:/billing-service/internal/handlers/grpc.go:213","message":"gRPC: GetSubscription requested"}
{"level":"info","workspace_id":"f91e3a77-e58b-4716-aa44-09ced95b8877","time":"2026-04-30T13:47:04+05:30","caller":"C:/billing-service/internal/handlers/grpc.go:213","message":"gRPC: GetSubscription requested"}
{"level":"info","workspace_id":"f91e3a77-e58b-4716-aa44-09ced95b8877","environment_id":"7a0a5d61-010c-4ebc-ae8c-f08b0e85c970","time":"2026-04-30T13:47:04+05:30","caller":"C:/billing-service/internal/handlers/grpc.go:248","message":"gRPC: GetUsage requested"}
{"level":"info","workspace_id":"f91e3a77-e58b-4716-aa44-09ced95b8877","environment_id":"7a0a5d61-010c-4ebc-ae8c-f08b0e85c970","time":"2026-04-30T13:59:19+05:30","caller":"C:/billing-service/internal/handlers/grpc.go:248","message":"gRPC: GetUsage requested"}
{"level":"info","workspace_id":"f91e3a77-e58b-4716-aa44-09ced95b8877","time":"2026-04-30T13:59:19+05:30","caller":"C:/billing-service/internal/handlers/grpc.go:213","message":"gRPC: GetSubscription requested"}
{"level":"info","workspace_id":"f91e3a77-e58b-4716-aa44-09ced95b8877","plan_id":"ad8bd5c9-33be-412e-bd77-bc523936d14a","customer_email":"test@ample.com","time":"2026-04-30T13:59:21+05:30","caller":"C:/billing-service/internal/handlers/grpc.go:296","message":"gRPC: CreateCheckoutSession requested"}
{"level":"info","component":"stripe_provider","session_id":"cs_test_a1GBaiC6Z9Jxy1RcEgUqr7clFzBuubW66aY7O5Pd7nmg9VP0Xz4zkmWDcI","workspace_id":"f91e3a77-e58b-4716-aa44-09ced95b8877","time":"2026-04-30T13:59:23+05:30","caller":"C:/billing-service/internal/stripe/client.go:88","message":"stripe checkout session created"}
{"level":"info","component":"stripe_provider","event_type":"charge.succeeded","event_id":"evt_3TRpyb0yF76gbNAz0uldpzTK","time":"2026-04-30T13:59:44+05:30","caller":"C:/billing-service/internal/stripe/client.go:41","message":"stripe event received"}
{"level":"info","component":"stripe_provider","event_type":"payment_method.attached","event_id":"evt_1TRpye0yF76gbNAzMcwArkbX","time":"2026-04-30T13:59:44+05:30","caller":"C:/billing-service/internal/stripe/client.go:41","message":"stripe event received"}
{"level":"info","component":"stripe_provider","event_type":"customer.created","event_id":"evt_1TRpye0yF76gbNAzcyB9DD5H","time":"2026-04-30T13:59:44+05:30","caller":"C:/billing-service/internal/stripe/client.go:41","message":"stripe event received"}
{"level":"info","component":"stripe_provider","event_type":"customer.updated","event_id":"evt_1TRpye0yF76gbNAzzqpLHXEX","time":"2026-04-30T13:59:44+05:30","caller":"C:/billing-service/internal/stripe/client.go:41","message":"stripe event received"}
{"level":"info","component":"stripe_provider","event_type":"checkout.session.completed","event_id":"evt_1TRpye0yF76gbNAzMH3hNwXB","time":"2026-04-30T13:59:44+05:30","caller":"C:/billing-service/internal/stripe/client.go:41","message":"stripe event received"}
{"level":"info","component":"stripe_provider","event_type":"customer.subscription.created","event_id":"evt_1TRpye0yF76gbNAzfCoRUg7m","time":"2026-04-30T13:59:45+05:30","caller":"C:/billing-service/internal/stripe/client.go:41","message":"stripe event received"}
{"level":"info","component":"stripe_provider","event_type":"payment_intent.succeeded","event_id":"evt_3TRpyb0yF76gbNAz0iaF2DkQ","time":"2026-04-30T13:59:45+05:30","caller":"C:/billing-service/internal/stripe/client.go:41","message":"stripe event received"}
{"level":"info","component":"stripe_provider","event_type":"payment_intent.created","event_id":"evt_3TRpyb0yF76gbNAz0qhwdVW7","time":"2026-04-30T13:59:45+05:30","caller":"C:/billing-service/internal/stripe/client.go:41","message":"stripe event received"}
{"level":"info","component":"stripe_provider","period_start":1777537781,"period_end":1780129781,"time":"2026-04-30T13:59:45+05:30","caller":"C:/billing-service/internal/stripe/client.go:140","message":"stripe subscription period dates"}
{"level":"info","event_type":"subscription.created","time":"2026-04-30T13:59:45+05:30","caller":"C:/billing-service/internal/handlers/webhook.go:54","message":"📥 Received billing event"}
{"level":"info","component":"stripe_provider","event_type":"invoice.finalized","event_id":"evt_1TRpyf0yF76gbNAzk73OXknd","time":"2026-04-30T13:59:45+05:30","caller":"C:/billing-service/internal/stripe/client.go:41","message":"stripe event received"}
{"level":"info","component":"stripe_provider","event_type":"invoice.paid","event_id":"evt_1TRpyf0yF76gbNAzdFUenC65","time":"2026-04-30T13:59:45+05:30","caller":"C:/billing-service/internal/stripe/client.go:41","message":"stripe event received"}
{"level":"info","component":"stripe_provider","event_type":"invoice.created","event_id":"evt_1TRpyf0yF76gbNAzRCeZZi0V","time":"2026-04-30T13:59:45+05:30","caller":"C:/billing-service/internal/stripe/client.go:41","message":"stripe event received"}
{"level":"info","component":"stripe_provider","event_type":"invoice.payment_succeeded","event_id":"evt_1TRpyf0yF76gbNAzLQADzXiJ","time":"2026-04-30T13:59:45+05:30","caller":"C:/billing-service/internal/stripe/client.go:41","message":"stripe event received"}
{"level":"info","event_type":"payment.succeeded","time":"2026-04-30T13:59:45+05:30","caller":"C:/billing-service/internal/handlers/webhook.go:54","message":"📥 Received billing event"}
{"level":"info","external_subscription_id":"sub_1TRpyd0yF76gbNAzh53hOV2N","time":"2026-04-30T13:59:45+05:30","caller":"C:/billing-service/internal/handlers/webhook.go:127","message":"Skipping payment_succeeded: subscription not found (likely initial checkout)"}
{"level":"info","session_id":"cs_test_a1GBaiC6Z9Jxy1RcEgUqr7clFzBuubW66aY7O5Pd7nmg9VP0Xz4zkmWDcI","time":"2026-04-30T13:59:48+05:30","caller":"C:/billing-service/internal/handlers/grpc.go:311","message":"gRPC: GetCheckoutSession requested"}
{"level":"info","session_id":"cs_test_a1GBaiC6Z9Jxy1RcEgUqr7clFzBuubW66aY7O5Pd7nmg9VP0Xz4zkmWDcI","time":"2026-04-30T13:59:48+05:30","caller":"C:/billing-service/internal/handlers/grpc.go:311","message":"gRPC: GetCheckoutSession requested"}
{"level":"info","component":"stripe_provider","event_type":"invoice_payment.paid","event_id":"evt_1TRpz90yF76gbNAzTr4rNgLD","time":"2026-04-30T14:00:15+05:30","caller":"C:/billing-service/internal/stripe/client.go:41","message":"stripe event received"}
{"level":"info","workspace_id":"f91e3a77-e58b-4716-aa44-09ced95b8877","time":"2026-04-30T14:01:08+05:30","caller":"C:/billing-service/internal/handlers/grpc.go:213","message":"gRPC: GetSubscription requested"}
{"level":"info","workspace_id":"f91e3a77-e58b-4716-aa44-09ced95b8877","environment_id":"7a0a5d61-010c-4ebc-ae8c-f08b0e85c970","time":"2026-04-30T14:01:08+05:30","caller":"C:/billing-service/internal/handlers/grpc.go:248","message":"gRPC: GetUsage requested"}
{"level":"info","workspace_id":"f91e3a77-e58b-4716-aa44-09ced95b8877","environment_id":"7a0a5d61-010c-4ebc-ae8c-f08b0e85c970","time":"2026-04-30T14:02:32+05:30","caller":"C:/billing-service/internal/handlers/grpc.go:248","message":"gRPC: GetUsage requested"}
{"level":"info","workspace_id":"f91e3a77-e58b-4716-aa44-09ced95b8877","environment_id":"7a0a5d61-010c-4ebc-ae8c-f08b0e85c970","time":"2026-04-30T14:02:45+05:30","caller":"C:/billing-service/internal/handlers/grpc.go:248","message":"gRPC: GetUsage requested"}
{"level":"info","workspace_id":"f91e3a77-e58b-4716-aa44-09ced95b8877","time":"2026-04-30T14:02:45+05:30","caller":"C:/billing-service/internal/handlers/grpc.go:213","message":"gRPC: GetSubscription requested"}
{"level":"info","workspace_id":"f91e3a77-e58b-4716-aa44-09ced95b8877","time":"2026-04-30T14:02:50+05:30","caller":"C:/billing-service/internal/handlers/grpc.go:213","message":"gRPC: GetSubscription requested"}
{"level":"info","workspace_id":"f91e3a77-e58b-4716-aa44-09ced95b8877","environment_id":"7a0a5d61-010c-4ebc-ae8c-f08b0e85c970","time":"2026-04-30T14:02:50+05:30","caller":"C:/billing-service/internal/handlers/grpc.go:248","message":"gRPC: GetUsage requested"}
{"level":"info","workspace_id":"f91e3a77-e58b-4716-aa44-09ced95b8877","time":"2026-04-30T14:02:55+05:30","caller":"C:/billing-service/internal/handlers/grpc.go:213","message":"gRPC: GetSubscription requested"}
{"level":"info","workspace_id":"f91e3a77-e58b-4716-aa44-09ced95b8877","environment_id":"7a0a5d61-010c-4ebc-ae8c-f08b0e85c970","time":"2026-04-30T14:02:55+05:30","caller":"C:/billing-service/internal/handlers/grpc.go:248","message":"gRPC: GetUsage requested"}
{"level":"info","time":"2026-04-30T14:13:50+05:30","caller":"C:/billing-service/cmd/cmd.go:63","message":"🛑 Received shutdown signal. Starting graceful shutdown..."}
{"level":"info","time":"2026-04-30T14:13:50+05:30","caller":"C:/billing-service/cmd/cmd.go:94","message":"❌ Service is gracefully stopping"}
{"level":"info","time":"2026-04-30T14:13:50+05:30","caller":"C:/billing-service/internal/cron/schdeuler.go:86","message":"scheduler stopped"}
{"level":"info","time":"2026-04-30T14:13:50+05:30","caller":"C:/billing-service/cmd/cmd.go:102","message":"HTTP server stopped gracefully"}
{"level":"info","time":"2026-04-30T14:13:50+05:30","caller":"C:/billing-service/cmd/cmd.go:112","message":"gRPC server stopped gracefully"}
{"level":"info","time":"2026-04-30T14:14:19+05:30","caller":"C:/billing-service/internal/app/app.go:34","message":"Starting billing service..."}
{"level":"info","time":"2026-04-30T14:14:21+05:30","caller":"C:/billing-service/cmd/cmd.go:56","message":"🟢 Service is fully started and running. Waiting for signals..."}
{"level":"info","port":"8081","time":"2026-04-30T14:14:21+05:30","caller":"C:/billing-service/cmd/cmd.go:45","message":"Starting HTTP server"}
{"level":"info","time":"2026-04-30T14:14:21+05:30","caller":"C:/billing-service/cmd/cmd.go:52","message":"Starting subscription expiry scheduler"}
{"level":"info","service":"billing-service","addr":":50051","time":"2026-04-30T14:14:21+05:30","caller":"C:/billing-service/cmd/cmd.go:36","message":"Starting gRPC server"}
{"level":"info","interval":3600000,"time":"2026-04-30T14:14:21+05:30","caller":"C:/billing-service/internal/cron/schdeuler.go:79","message":"scheduler started"}
{"level":"info","workspace_id":"f91e3a77-e58b-4716-aa44-09ced95b8877","time":"2026-04-30T14:15:01+05:30","caller":"C:/billing-service/internal/handlers/grpc.go:213","message":"gRPC: GetSubscription requested"}
{"level":"info","workspace_id":"f91e3a77-e58b-4716-aa44-09ced95b8877","environment_id":"7a0a5d61-010c-4ebc-ae8c-f08b0e85c970","time":"2026-04-30T14:15:01+05:30","caller":"C:/billing-service/internal/handlers/grpc.go:248","message":"gRPC: GetUsage requested"}
{"level":"info","workspace_id":"0b187b21-9bc5-4100-842b-5e424fa229ce","plan_id":"Free","payment_provider":"system","time":"2026-04-30T14:16:12+05:30","caller":"C:/billing-service/internal/handlers/grpc.go:119","message":"gRPC: CreateSubscription request received"}
{"level":"info","workspace_id":"0b187b21-9bc5-4100-842b-5e424fa229ce","plan_id":"c4071957-d569-47b0-a778-31ffd9f38af4","payment_provider":"system","time":"2026-04-30T14:16:12+05:30","caller":"C:/billing-service/internal/handlers/grpc.go:152","message":"gRPC: calling Subscribe"}
{"level":"info","subscription_id":"a18dad40-50df-473e-8691-e23d5578b2a7","workspace_id":"0b187b21-9bc5-4100-842b-5e424fa229ce","time":"2026-04-30T14:16:12+05:30","caller":"C:/billing-service/internal/handlers/grpc.go:169","message":"gRPC: CreateSubscription succeeded"}
{"level":"info","workspace_id":"0b187b21-9bc5-4100-842b-5e424fa229ce","environment_id":"57f0be4e-3eb3-426a-8c31-c3ac3f9a3ddb","time":"2026-04-30T14:18:46+05:30","caller":"C:/billing-service/internal/handlers/grpc.go:248","message":"gRPC: GetUsage requested"}
{"level":"info","workspace_id":"0b187b21-9bc5-4100-842b-5e424fa229ce","time":"2026-04-30T14:18:46+05:30","caller":"C:/billing-service/internal/handlers/grpc.go:213","message":"gRPC: GetSubscription requested"}
{"level":"info","workspace_id":"0b187b21-9bc5-4100-842b-5e424fa229ce","plan_id":"ad8bd5c9-33be-412e-bd77-bc523936d14a","customer_email":"harry3@gmail.com","time":"2026-04-30T14:18:52+05:30","caller":"C:/billing-service/internal/handlers/grpc.go:296","message":"gRPC: CreateCheckoutSession requested"}
{"level":"info","component":"stripe_provider","session_id":"cs_test_a1220qI60ZzKgiBzfeQ4TwUatzPNkMYHgpLqCFnnfc0B59eafZiqurzGl5","workspace_id":"0b187b21-9bc5-4100-842b-5e424fa229ce","time":"2026-04-30T14:18:54+05:30","caller":"C:/billing-service/internal/stripe/client.go:88","message":"stripe checkout session created"}
{"level":"info","component":"stripe_provider","event_type":"payment_method.attached","event_id":"evt_1TRqHQ0yF76gbNAzTKxRjswi","time":"2026-04-30T14:19:08+05:30","caller":"C:/billing-service/internal/stripe/client.go:41","message":"stripe event received"}
{"level":"info","component":"stripe_provider","event_type":"customer.created","event_id":"evt_1TRqHQ0yF76gbNAzMKcXVCNz","time":"2026-04-30T14:19:08+05:30","caller":"C:/billing-service/internal/stripe/client.go:41","message":"stripe event received"}
{"level":"info","component":"stripe_provider","event_type":"customer.updated","event_id":"evt_1TRqHQ0yF76gbNAz99ZPkPWR","time":"2026-04-30T14:19:08+05:30","caller":"C:/billing-service/internal/stripe/client.go:41","message":"stripe event received"}
{"level":"info","component":"stripe_provider","event_type":"charge.succeeded","event_id":"evt_3TRqHN0yF76gbNAz0POUBEoS","time":"2026-04-30T14:19:08+05:30","caller":"C:/billing-service/internal/stripe/client.go:41","message":"stripe event received"}
{"level":"info","component":"stripe_provider","event_type":"customer.subscription.created","event_id":"evt_1TRqHQ0yF76gbNAziRCWGSJ4","time":"2026-04-30T14:19:09+05:30","caller":"C:/billing-service/internal/stripe/client.go:41","message":"stripe event received"}
{"level":"info","component":"stripe_provider","event_type":"payment_intent.succeeded","event_id":"evt_3TRqHN0yF76gbNAz0X3jQ0aF","time":"2026-04-30T14:19:09+05:30","caller":"C:/billing-service/internal/stripe/client.go:41","message":"stripe event received"}
{"level":"info","component":"stripe_provider","event_type":"checkout.session.completed","event_id":"evt_1TRqHQ0yF76gbNAzW59DV5n6","time":"2026-04-30T14:19:09+05:30","caller":"C:/billing-service/internal/stripe/client.go:41","message":"stripe event received"}
{"level":"info","component":"stripe_provider","event_type":"payment_intent.created","event_id":"evt_3TRqHN0yF76gbNAz0nHaBBLH","time":"2026-04-30T14:19:09+05:30","caller":"C:/billing-service/internal/stripe/client.go:41","message":"stripe event received"}
{"level":"info","component":"stripe_provider","event_type":"invoice.created","event_id":"evt_1TRqHR0yF76gbNAzqQ2XRLwj","time":"2026-04-30T14:19:09+05:30","caller":"C:/billing-service/internal/stripe/client.go:41","message":"stripe event received"}
{"level":"info","component":"stripe_provider","event_type":"invoice.finalized","event_id":"evt_1TRqHR0yF76gbNAzL6XgPfhP","time":"2026-04-30T14:19:09+05:30","caller":"C:/billing-service/internal/stripe/client.go:41","message":"stripe event received"}
{"level":"info","component":"stripe_provider","event_type":"invoice.paid","event_id":"evt_1TRqHR0yF76gbNAzXjZVUhyY","time":"2026-04-30T14:19:09+05:30","caller":"C:/billing-service/internal/stripe/client.go:41","message":"stripe event received"}
{"level":"info","component":"stripe_provider","event_type":"invoice.payment_succeeded","event_id":"evt_1TRqHR0yF76gbNAzFeSg0f71","time":"2026-04-30T14:19:09+05:30","caller":"C:/billing-service/internal/stripe/client.go:41","message":"stripe event received"}
{"level":"info","event_type":"payment.succeeded","time":"2026-04-30T14:19:09+05:30","caller":"C:/billing-service/internal/handlers/webhook.go:54","message":"📥 Received billing event"}
{"level":"info","component":"stripe_provider","period_start":1777538945,"period_end":1780130945,"time":"2026-04-30T14:19:09+05:30","caller":"C:/billing-service/internal/stripe/client.go:140","message":"stripe subscription period dates"}
{"level":"info","event_type":"subscription.created","time":"2026-04-30T14:19:09+05:30","caller":"C:/billing-service/internal/handlers/webhook.go:54","message":"📥 Received billing event"}
{"level":"info","external_subscription_id":"sub_1TRqHO0yF76gbNAzmal8ZXVw","time":"2026-04-30T14:19:09+05:30","caller":"C:/billing-service/internal/handlers/webhook.go:89","message":"Creating new subscription "}
{"level":"info","external_subscription_id":"sub_1TRqHO0yF76gbNAzmal8ZXVw","time":"2026-04-30T14:19:09+05:30","caller":"C:/billing-service/internal/handlers/webhook.go:130","message":"Skipping payment_succeeded: subscription not found (likely initial checkout)"}
{"level":"info","session_id":"cs_test_a1220qI60ZzKgiBzfeQ4TwUatzPNkMYHgpLqCFnnfc0B59eafZiqurzGl5","time":"2026-04-30T14:19:15+05:30","caller":"C:/billing-service/internal/handlers/grpc.go:311","message":"gRPC: GetCheckoutSession requested"}
{"level":"info","session_id":"cs_test_a1220qI60ZzKgiBzfeQ4TwUatzPNkMYHgpLqCFnnfc0B59eafZiqurzGl5","time":"2026-04-30T14:19:16+05:30","caller":"C:/billing-service/internal/handlers/grpc.go:311","message":"gRPC: GetCheckoutSession requested"}
{"level":"info","component":"stripe_provider","event_type":"invoice_payment.paid","event_id":"evt_1TRqI30yF76gbNAzAMInxGGg","time":"2026-04-30T14:19:47+05:30","caller":"C:/billing-service/internal/stripe/client.go:41","message":"stripe event received"}
{"level":"info","workspace_id":"0b187b21-9bc5-4100-842b-5e424fa229ce","time":"2026-04-30T14:21:14+05:30","caller":"C:/billing-service/internal/handlers/grpc.go:213","message":"gRPC: GetSubscription requested"}
{"level":"info","workspace_id":"0b187b21-9bc5-4100-842b-5e424fa229ce","environment_id":"57f0be4e-3eb3-426a-8c31-c3ac3f9a3ddb","time":"2026-04-30T14:21:14+05:30","caller":"C:/billing-service/internal/handlers/grpc.go:248","message":"gRPC: GetUsage requested"}
{"level":"info","workspace_id":"0b187b21-9bc5-4100-842b-5e424fa229ce","time":"2026-04-30T14:21:41+05:30","caller":"C:/billing-service/internal/handlers/grpc.go:213","message":"gRPC: GetSubscription requested"}
{"level":"info","workspace_id":"0b187b21-9bc5-4100-842b-5e424fa229ce","environment_id":"57f0be4e-3eb3-426a-8c31-c3ac3f9a3ddb","time":"2026-04-30T14:21:41+05:30","caller":"C:/billing-service/internal/handlers/grpc.go:248","message":"gRPC: GetUsage requested"}
{"level":"info","workspace_id":"0b187b21-9bc5-4100-842b-5e424fa229ce","time":"2026-04-30T14:22:40+05:30","caller":"C:/billing-service/internal/handlers/grpc.go:213","message":"gRPC: GetSubscription requested"}
{"level":"info","workspace_id":"0b187b21-9bc5-4100-842b-5e424fa229ce","environment_id":"57f0be4e-3eb3-426a-8c31-c3ac3f9a3ddb","time":"2026-04-30T14:22:40+05:30","caller":"C:/billing-service/internal/handlers/grpc.go:248","message":"gRPC: GetUsage requested"}
{"level":"info","workspace_id":"0b187b21-9bc5-4100-842b-5e424fa229ce","time":"2026-04-30T14:22:57+05:30","caller":"C:/billing-service/internal/handlers/grpc.go:213","message":"gRPC: GetSubscription requested"}
{"level":"info","workspace_id":"0b187b21-9bc5-4100-842b-5e424fa229ce","environment_id":"57f0be4e-3eb3-426a-8c31-c3ac3f9a3ddb","time":"2026-04-30T14:22:57+05:30","caller":"C:/billing-service/internal/handlers/grpc.go:248","message":"gRPC: GetUsage requested"}
{"level":"info","workspace_id":"0b187b21-9bc5-4100-842b-5e424fa229ce","time":"2026-04-30T14:23:57+05:30","caller":"C:/billing-service/internal/handlers/grpc.go:213","message":"gRPC: GetSubscription requested"}
{"level":"info","workspace_id":"0b187b21-9bc5-4100-842b-5e424fa229ce","environment_id":"57f0be4e-3eb3-426a-8c31-c3ac3f9a3ddb","time":"2026-04-30T14:23:57+05:30","caller":"C:/billing-service/internal/handlers/grpc.go:248","message":"gRPC: GetUsage requested"}
{"level":"info","workspace_id":"0b187b21-9bc5-4100-842b-5e424fa229ce","time":"2026-04-30T14:24:11+05:30","caller":"C:/billing-service/internal/handlers/grpc.go:213","message":"gRPC: GetSubscription requested"}
{"level":"info","workspace_id":"0b187b21-9bc5-4100-842b-5e424fa229ce","environment_id":"57f0be4e-3eb3-426a-8c31-c3ac3f9a3ddb","time":"2026-04-30T14:24:11+05:30","caller":"C:/billing-service/internal/handlers/grpc.go:248","message":"gRPC: GetUsage requested"}
{"level":"info","workspace_id":"0b187b21-9bc5-4100-842b-5e424fa229ce","time":"2026-04-30T14:24:24+05:30","caller":"C:/billing-service/internal/handlers/grpc.go:213","message":"gRPC: GetSubscription requested"}
{"level":"info","workspace_id":"0b187b21-9bc5-4100-842b-5e424fa229ce","environment_id":"57f0be4e-3eb3-426a-8c31-c3ac3f9a3ddb","time":"2026-04-30T14:24:24+05:30","caller":"C:/billing-service/internal/handlers/grpc.go:248","message":"gRPC: GetUsage requested"}
{"level":"info","workspace_id":"0b187b21-9bc5-4100-842b-5e424fa229ce","time":"2026-04-30T14:24:28+05:30","caller":"C:/billing-service/internal/handlers/grpc.go:213","message":"gRPC: GetSubscription requested"}
{"level":"info","workspace_id":"0b187b21-9bc5-4100-842b-5e424fa229ce","environment_id":"57f0be4e-3eb3-426a-8c31-c3ac3f9a3ddb","time":"2026-04-30T14:24:28+05:30","caller":"C:/billing-service/internal/handlers/grpc.go:248","message":"gRPC: GetUsage requested"}
{"level":"info","workspace_id":"0b187b21-9bc5-4100-842b-5e424fa229ce","environment_id":"57f0be4e-3eb3-426a-8c31-c3ac3f9a3ddb","time":"2026-04-30T14:24:38+05:30","caller":"C:/billing-service/internal/handlers/grpc.go:248","message":"gRPC: GetUsage requested"}
{"level":"info","workspace_id":"0b187b21-9bc5-4100-842b-5e424fa229ce","time":"2026-04-30T14:24:38+05:30","caller":"C:/billing-service/internal/handlers/grpc.go:213","message":"gRPC: GetSubscription requested"}
{"level":"info","workspace_id":"0b187b21-9bc5-4100-842b-5e424fa229ce","environment_id":"57f0be4e-3eb3-426a-8c31-c3ac3f9a3ddb","time":"2026-04-30T14:25:24+05:30","caller":"C:/billing-service/internal/handlers/grpc.go:248","message":"gRPC: GetUsage requested"}
{"level":"info","workspace_id":"0b187b21-9bc5-4100-842b-5e424fa229ce","time":"2026-04-30T14:25:24+05:30","caller":"C:/billing-service/internal/handlers/grpc.go:213","message":"gRPC: GetSubscription requested"}
{"level":"info","workspace_id":"0b187b21-9bc5-4100-842b-5e424fa229ce","time":"2026-04-30T14:25:50+05:30","caller":"C:/billing-service/internal/handlers/grpc.go:213","message":"gRPC: GetSubscription requested"}
{"level":"info","workspace_id":"0b187b21-9bc5-4100-842b-5e424fa229ce","environment_id":"57f0be4e-3eb3-426a-8c31-c3ac3f9a3ddb","time":"2026-04-30T14:25:50+05:30","caller":"C:/billing-service/internal/handlers/grpc.go:248","message":"gRPC: GetUsage requested"}
{"level":"info","workspace_id":"0b187b21-9bc5-4100-842b-5e424fa229ce","time":"2026-04-30T14:25:52+05:30","caller":"C:/billing-service/internal/handlers/grpc.go:213","message":"gRPC: GetSubscription requested"}
{"level":"info","workspace_id":"0b187b21-9bc5-4100-842b-5e424fa229ce","environment_id":"57f0be4e-3eb3-426a-8c31-c3ac3f9a3ddb","time":"2026-04-30T14:25:52+05:30","caller":"C:/billing-service/internal/handlers/grpc.go:248","message":"gRPC: GetUsage requested"}
{"level":"info","workspace_id":"0b187b21-9bc5-4100-842b-5e424fa229ce","time":"2026-04-30T14:26:05+05:30","caller":"C:/billing-service/internal/handlers/grpc.go:213","message":"gRPC: GetSubscription requested"}
{"level":"info","workspace_id":"0b187b21-9bc5-4100-842b-5e424fa229ce","environment_id":"57f0be4e-3eb3-426a-8c31-c3ac3f9a3ddb","time":"2026-04-30T14:26:05+05:30","caller":"C:/billing-service/internal/handlers/grpc.go:248","message":"gRPC: GetUsage requested"}
{"level":"info","workspace_id":"0b187b21-9bc5-4100-842b-5e424fa229ce","time":"2026-04-30T14:27:07+05:30","caller":"C:/billing-service/internal/handlers/grpc.go:213","message":"gRPC: GetSubscription requested"}
{"level":"info","workspace_id":"0b187b21-9bc5-4100-842b-5e424fa229ce","environment_id":"57f0be4e-3eb3-426a-8c31-c3ac3f9a3ddb","time":"2026-04-30T14:27:07+05:30","caller":"C:/billing-service/internal/handlers/grpc.go:248","message":"gRPC: GetUsage requested"}
{"level":"info","workspace_id":"0b187b21-9bc5-4100-842b-5e424fa229ce","time":"2026-04-30T14:27:38+05:30","caller":"C:/billing-service/internal/handlers/grpc.go:213","message":"gRPC: GetSubscription requested"}
{"level":"info","workspace_id":"0b187b21-9bc5-4100-842b-5e424fa229ce","environment_id":"57f0be4e-3eb3-426a-8c31-c3ac3f9a3ddb","time":"2026-04-30T14:27:38+05:30","caller":"C:/billing-service/internal/handlers/grpc.go:248","message":"gRPC: GetUsage requested"}
{"level":"info","workspace_id":"0b187b21-9bc5-4100-842b-5e424fa229ce","time":"2026-04-30T14:28:13+05:30","caller":"C:/billing-service/internal/handlers/grpc.go:213","message":"gRPC: GetSubscription requested"}
{"level":"info","workspace_id":"0b187b21-9bc5-4100-842b-5e424fa229ce","environment_id":"57f0be4e-3eb3-426a-8c31-c3ac3f9a3ddb","time":"2026-04-30T14:28:13+05:30","caller":"C:/billing-service/internal/handlers/grpc.go:248","message":"gRPC: GetUsage requested"}
{"level":"info","workspace_id":"0b187b21-9bc5-4100-842b-5e424fa229ce","time":"2026-04-30T14:28:31+05:30","caller":"C:/billing-service/internal/handlers/grpc.go:213","message":"gRPC: GetSubscription requested"}
{"level":"info","workspace_id":"0b187b21-9bc5-4100-842b-5e424fa229ce","environment_id":"57f0be4e-3eb3-426a-8c31-c3ac3f9a3ddb","time":"2026-04-30T14:28:31+05:30","caller":"C:/billing-service/internal/handlers/grpc.go:248","message":"gRPC: GetUsage requested"}
{"level":"info","workspace_id":"0b187b21-9bc5-4100-842b-5e424fa229ce","time":"2026-04-30T14:28:39+05:30","caller":"C:/billing-service/internal/handlers/grpc.go:213","message":"gRPC: GetSubscription requested"}
{"level":"info","workspace_id":"0b187b21-9bc5-4100-842b-5e424fa229ce","environment_id":"57f0be4e-3eb3-426a-8c31-c3ac3f9a3ddb","time":"2026-04-30T14:28:39+05:30","caller":"C:/billing-service/internal/handlers/grpc.go:248","message":"gRPC: GetUsage requested"}
{"level":"info","workspace_id":"0b187b21-9bc5-4100-842b-5e424fa229ce","time":"2026-04-30T14:28:50+05:30","caller":"C:/billing-service/internal/handlers/grpc.go:213","message":"gRPC: GetSubscription requested"}
{"level":"info","workspace_id":"0b187b21-9bc5-4100-842b-5e424fa229ce","environment_id":"57f0be4e-3eb3-426a-8c31-c3ac3f9a3ddb","time":"2026-04-30T14:28:50+05:30","caller":"C:/billing-service/internal/handlers/grpc.go:248","message":"gRPC: GetUsage requested"}
{"level":"info","workspace_id":"0b187b21-9bc5-4100-842b-5e424fa229ce","time":"2026-04-30T14:29:05+05:30","caller":"C:/billing-service/internal/handlers/grpc.go:213","message":"gRPC: GetSubscription requested"}
{"level":"info","workspace_id":"0b187b21-9bc5-4100-842b-5e424fa229ce","environment_id":"57f0be4e-3eb3-426a-8c31-c3ac3f9a3ddb","time":"2026-04-30T14:29:05+05:30","caller":"C:/billing-service/internal/handlers/grpc.go:248","message":"gRPC: GetUsage requested"}
{"level":"info","workspace_id":"0b187b21-9bc5-4100-842b-5e424fa229ce","time":"2026-04-30T14:29:29+05:30","caller":"C:/billing-service/internal/handlers/grpc.go:213","message":"gRPC: GetSubscription requested"}
{"level":"info","workspace_id":"0b187b21-9bc5-4100-842b-5e424fa229ce","environment_id":"57f0be4e-3eb3-426a-8c31-c3ac3f9a3ddb","time":"2026-04-30T14:29:29+05:30","caller":"C:/billing-service/internal/handlers/grpc.go:248","message":"gRPC: GetUsage requested"}
{"level":"info","workspace_id":"0b187b21-9bc5-4100-842b-5e424fa229ce","environment_id":"57f0be4e-3eb3-426a-8c31-c3ac3f9a3ddb","time":"2026-04-30T14:29:44+05:30","caller":"C:/billing-service/internal/handlers/grpc.go:248","message":"gRPC: GetUsage requested"}
{"level":"info","workspace_id":"0b187b21-9bc5-4100-842b-5e424fa229ce","time":"2026-04-30T14:29:44+05:30","caller":"C:/billing-service/internal/handlers/grpc.go:213","message":"gRPC: GetSubscription requested"}
{"level":"info","workspace_id":"0b187b21-9bc5-4100-842b-5e424fa229ce","time":"2026-04-30T14:30:39+05:30","caller":"C:/billing-service/internal/handlers/grpc.go:213","message":"gRPC: GetSubscription requested"}
{"level":"info","workspace_id":"0b187b21-9bc5-4100-842b-5e424fa229ce","environment_id":"57f0be4e-3eb3-426a-8c31-c3ac3f9a3ddb","time":"2026-04-30T14:30:39+05:30","caller":"C:/billing-service/internal/handlers/grpc.go:248","message":"gRPC: GetUsage requested"}
{"level":"info","workspace_id":"0b187b21-9bc5-4100-842b-5e424fa229ce","time":"2026-04-30T14:30:49+05:30","caller":"C:/billing-service/internal/handlers/grpc.go:213","message":"gRPC: GetSubscription requested"}
{"level":"info","workspace_id":"0b187b21-9bc5-4100-842b-5e424fa229ce","environment_id":"57f0be4e-3eb3-426a-8c31-c3ac3f9a3ddb","time":"2026-04-30T14:30:49+05:30","caller":"C:/billing-service/internal/handlers/grpc.go:248","message":"gRPC: GetUsage requested"}
{"level":"info","workspace_id":"0b187b21-9bc5-4100-842b-5e424fa229ce","time":"2026-04-30T14:37:15+05:30","caller":"C:/billing-service/internal/handlers/grpc.go:213","message":"gRPC: GetSubscription requested"}
{"level":"info","workspace_id":"0b187b21-9bc5-4100-842b-5e424fa229ce","environment_id":"57f0be4e-3eb3-426a-8c31-c3ac3f9a3ddb","time":"2026-04-30T14:37:15+05:30","caller":"C:/billing-service/internal/handlers/grpc.go:248","message":"gRPC: GetUsage requested"}
{"level":"info","workspace_id":"0b187b21-9bc5-4100-842b-5e424fa229ce","time":"2026-04-30T14:37:16+05:30","caller":"C:/billing-service/internal/handlers/grpc.go:213","message":"gRPC: GetSubscription requested"}
{"level":"info","workspace_id":"0b187b21-9bc5-4100-842b-5e424fa229ce","environment_id":"57f0be4e-3eb3-426a-8c31-c3ac3f9a3ddb","time":"2026-04-30T14:37:16+05:30","caller":"C:/billing-service/internal/handlers/grpc.go:248","message":"gRPC: GetUsage requested"}
{"level":"info","workspace_id":"0b187b21-9bc5-4100-842b-5e424fa229ce","time":"2026-04-30T14:37:27+05:30","caller":"C:/billing-service/internal/handlers/grpc.go:213","message":"gRPC: GetSubscription requested"}
{"level":"info","workspace_id":"0b187b21-9bc5-4100-842b-5e424fa229ce","environment_id":"57f0be4e-3eb3-426a-8c31-c3ac3f9a3ddb","time":"2026-04-30T14:37:27+05:30","caller":"C:/billing-service/internal/handlers/grpc.go:248","message":"gRPC: GetUsage requested"}
{"level":"info","workspace_id":"0b187b21-9bc5-4100-842b-5e424fa229ce","environment_id":"57f0be4e-3eb3-426a-8c31-c3ac3f9a3ddb","time":"2026-04-30T14:37:30+05:30","caller":"C:/billing-service/internal/handlers/grpc.go:248","message":"gRPC: GetUsage requested"}
{"level":"info","workspace_id":"0b187b21-9bc5-4100-842b-5e424fa229ce","time":"2026-04-30T14:37:30+05:30","caller":"C:/billing-service/internal/handlers/grpc.go:213","message":"gRPC: GetSubscription requested"}
{"level":"info","workspace_id":"0b187b21-9bc5-4100-842b-5e424fa229ce","time":"2026-04-30T14:37:38+05:30","caller":"C:/billing-service/internal/handlers/grpc.go:213","message":"gRPC: GetSubscription requested"}
{"level":"info","workspace_id":"0b187b21-9bc5-4100-842b-5e424fa229ce","environment_id":"57f0be4e-3eb3-426a-8c31-c3ac3f9a3ddb","time":"2026-04-30T14:37:38+05:30","caller":"C:/billing-service/internal/handlers/grpc.go:248","message":"gRPC: GetUsage requested"}
{"level":"info","workspace_id":"0b187b21-9bc5-4100-842b-5e424fa229ce","environment_id":"57f0be4e-3eb3-426a-8c31-c3ac3f9a3ddb","time":"2026-04-30T14:37:47+05:30","caller":"C:/billing-service/internal/handlers/grpc.go:248","message":"gRPC: GetUsage requested"}
{"level":"info","workspace_id":"0b187b21-9bc5-4100-842b-5e424fa229ce","time":"2026-04-30T14:37:47+05:30","caller":"C:/billing-service/internal/handlers/grpc.go:213","message":"gRPC: GetSubscription requested"}
{"level":"info","workspace_id":"0b187b21-9bc5-4100-842b-5e424fa229ce","subscription_id":"47953d93-ba7b-4d14-85dd-4d8e8a8703e0","time":"2026-04-30T14:37:49+05:30","caller":"C:/billing-service/internal/handlers/grpc.go:189","message":"gRPC: CancelSubscription requested"}
{"level":"info","workspace_id":"0b187b21-9bc5-4100-842b-5e424fa229ce","time":"2026-04-30T14:37:49+05:30","caller":"C:/billing-service/internal/handlers/grpc.go:213","message":"gRPC: GetSubscription requested"}
{"level":"info","workspace_id":"0b187b21-9bc5-4100-842b-5e424fa229ce","time":"2026-04-30T14:37:56+05:30","caller":"C:/billing-service/internal/handlers/grpc.go:213","message":"gRPC: GetSubscription requested"}
{"level":"info","workspace_id":"0b187b21-9bc5-4100-842b-5e424fa229ce","environment_id":"57f0be4e-3eb3-426a-8c31-c3ac3f9a3ddb","time":"2026-04-30T14:37:56+05:30","caller":"C:/billing-service/internal/handlers/grpc.go:248","message":"gRPC: GetUsage requested"}
{"level":"info","workspace_id":"0b187b21-9bc5-4100-842b-5e424fa229ce","time":"2026-04-30T14:38:36+05:30","caller":"C:/billing-service/internal/handlers/grpc.go:213","message":"gRPC: GetSubscription requested"}
{"level":"info","workspace_id":"0b187b21-9bc5-4100-842b-5e424fa229ce","environment_id":"57f0be4e-3eb3-426a-8c31-c3ac3f9a3ddb","time":"2026-04-30T14:38:36+05:30","caller":"C:/billing-service/internal/handlers/grpc.go:248","message":"gRPC: GetUsage requested"}
{"level":"info","workspace_id":"0b187b21-9bc5-4100-842b-5e424fa229ce","environment_id":"57f0be4e-3eb3-426a-8c31-c3ac3f9a3ddb","time":"2026-04-30T14:38:40+05:30","caller":"C:/billing-service/internal/handlers/grpc.go:248","message":"gRPC: GetUsage requested"}
{"level":"info","workspace_id":"0b187b21-9bc5-4100-842b-5e424fa229ce","time":"2026-04-30T14:38:40+05:30","caller":"C:/billing-service/internal/handlers/grpc.go:213","message":"gRPC: GetSubscription requested"}
{"level":"info","workspace_id":"0b187b21-9bc5-4100-842b-5e424fa229ce","subscription_id":"47953d93-ba7b-4d14-85dd-4d8e8a8703e0","time":"2026-04-30T14:38:42+05:30","caller":"C:/billing-service/internal/handlers/grpc.go:189","message":"gRPC: CancelSubscription requested"}
{"level":"info","workspace_id":"0b187b21-9bc5-4100-842b-5e424fa229ce","time":"2026-04-30T14:38:42+05:30","caller":"C:/billing-service/internal/handlers/grpc.go:213","message":"gRPC: GetSubscription requested"}
{"level":"info","workspace_id":"0b187b21-9bc5-4100-842b-5e424fa229ce","subscription_id":"47953d93-ba7b-4d14-85dd-4d8e8a8703e0","time":"2026-04-30T14:38:48+05:30","caller":"C:/billing-service/internal/handlers/grpc.go:189","message":"gRPC: CancelSubscription requested"}
{"level":"info","workspace_id":"0b187b21-9bc5-4100-842b-5e424fa229ce","time":"2026-04-30T14:38:48+05:30","caller":"C:/billing-service/internal/handlers/grpc.go:213","message":"gRPC: GetSubscription requested"}
{"level":"info","workspace_id":"0b187b21-9bc5-4100-842b-5e424fa229ce","subscription_id":"47953d93-ba7b-4d14-85dd-4d8e8a8703e0","time":"2026-04-30T14:38:56+05:30","caller":"C:/billing-service/internal/handlers/grpc.go:189","message":"gRPC: CancelSubscription requested"}
{"level":"info","workspace_id":"0b187b21-9bc5-4100-842b-5e424fa229ce","time":"2026-04-30T14:38:56+05:30","caller":"C:/billing-service/internal/handlers/grpc.go:213","message":"gRPC: GetSubscription requested"}
{"level":"info","workspace_id":"0b187b21-9bc5-4100-842b-5e424fa229ce","environment_id":"57f0be4e-3eb3-426a-8c31-c3ac3f9a3ddb","time":"2026-04-30T14:39:03+05:30","caller":"C:/billing-service/internal/handlers/grpc.go:248","message":"gRPC: GetUsage requested"}
{"level":"info","workspace_id":"0b187b21-9bc5-4100-842b-5e424fa229ce","time":"2026-04-30T14:39:03+05:30","caller":"C:/billing-service/internal/handlers/grpc.go:213","message":"gRPC: GetSubscription requested"}
{"level":"info","time":"2026-04-30T14:45:10+05:30","caller":"C:/billing-service/internal/cron/schdeuler.go:86","message":"scheduler stopped"}
{"level":"info","time":"2026-04-30T14:45:10+05:30","caller":"C:/billing-service/cmd/cmd.go:63","message":"🛑 Received shutdown signal. Starting graceful shutdown..."}
{"level":"info","time":"2026-04-30T14:45:10+05:30","caller":"C:/billing-service/cmd/cmd.go:94","message":"❌ Service is gracefully stopping"}
{"level":"info","time":"2026-04-30T14:45:10+05:30","caller":"C:/billing-service/cmd/cmd.go:102","message":"HTTP server stopped gracefully"}
{"level":"info","time":"2026-04-30T14:45:10+05:30","caller":"C:/billing-service/cmd/cmd.go:112","message":"gRPC server stopped gracefully"}
{"level":"info","time":"2026-04-30T14:53:30+05:30","caller":"C:/billing-service/internal/app/app.go:34","message":"Starting billing service..."}
{"level":"info","service":"billing-service","addr":":50051","time":"2026-04-30T14:53:31+05:30","caller":"C:/billing-service/cmd/cmd.go:36","message":"Starting gRPC server"}
{"level":"info","time":"2026-04-30T14:53:31+05:30","caller":"C:/billing-service/cmd/cmd.go:52","message":"Starting subscription expiry scheduler"}
{"level":"info","time":"2026-04-30T14:53:31+05:30","caller":"C:/billing-service/cmd/cmd.go:56","message":"🟢 Service is fully started and running. Waiting for signals..."}
{"level":"info","interval":3600000,"time":"2026-04-30T14:53:31+05:30","caller":"C:/billing-service/internal/cron/schdeuler.go:79","message":"scheduler started"}
{"level":"info","port":"8081","time":"2026-04-30T14:53:31+05:30","caller":"C:/billing-service/cmd/cmd.go:45","message":"Starting HTTP server"}
{"level":"info","workspace_id":"0b187b21-9bc5-4100-842b-5e424fa229ce","time":"2026-04-30T14:53:46+05:30","caller":"C:/billing-service/internal/handlers/grpc.go:213","message":"gRPC: GetSubscription requested"}
{"level":"info","workspace_id":"0b187b21-9bc5-4100-842b-5e424fa229ce","environment_id":"57f0be4e-3eb3-426a-8c31-c3ac3f9a3ddb","time":"2026-04-30T14:53:46+05:30","caller":"C:/billing-service/internal/handlers/grpc.go:248","message":"gRPC: GetUsage requested"}
{"level":"info","workspace_id":"0b187b21-9bc5-4100-842b-5e424fa229ce","subscription_id":"47953d93-ba7b-4d14-85dd-4d8e8a8703e0","time":"2026-04-30T14:53:51+05:30","caller":"C:/billing-service/internal/handlers/grpc.go:189","message":"gRPC: CancelSubscription requested"}
{"level":"info","workspace_id":"0b187b21-9bc5-4100-842b-5e424fa229ce","time":"2026-04-30T14:54:05+05:30","caller":"C:/billing-service/internal/handlers/grpc.go:213","message":"gRPC: GetSubscription requested"}
{"level":"info","workspace_id":"0b187b21-9bc5-4100-842b-5e424fa229ce","environment_id":"57f0be4e-3eb3-426a-8c31-c3ac3f9a3ddb","time":"2026-04-30T14:54:05+05:30","caller":"C:/billing-service/internal/handlers/grpc.go:248","message":"gRPC: GetUsage requested"}
{"level":"info","workspace_id":"0b187b21-9bc5-4100-842b-5e424fa229ce","subscription_id":"47953d93-ba7b-4d14-85dd-4d8e8a8703e0","time":"2026-04-30T14:54:05+05:30","caller":"C:/billing-service/internal/handlers/grpc.go:189","message":"gRPC: CancelSubscription requested"}
{"level":"info","workspace_id":"0b187b21-9bc5-4100-842b-5e424fa229ce","time":"2026-04-30T14:55:45+05:30","caller":"C:/billing-service/internal/handlers/grpc.go:213","message":"gRPC: GetSubscription requested"}
{"level":"info","workspace_id":"0b187b21-9bc5-4100-842b-5e424fa229ce","environment_id":"57f0be4e-3eb3-426a-8c31-c3ac3f9a3ddb","time":"2026-04-30T14:55:45+05:30","caller":"C:/billing-service/internal/handlers/grpc.go:248","message":"gRPC: GetUsage requested"}
{"level":"info","workspace_id":"0b187b21-9bc5-4100-842b-5e424fa229ce","subscription_id":"47953d93-ba7b-4d14-85dd-4d8e8a8703e0","time":"2026-04-30T14:55:47+05:30","caller":"C:/billing-service/internal/handlers/grpc.go:189","message":"gRPC: CancelSubscription requested"}
{"level":"info","workspace_id":"0b187b21-9bc5-4100-842b-5e424fa229ce","environment_id":"57f0be4e-3eb3-426a-8c31-c3ac3f9a3ddb","time":"2026-04-30T14:55:52+05:30","caller":"C:/billing-service/internal/handlers/grpc.go:248","message":"gRPC: GetUsage requested"}
{"level":"info","workspace_id":"0b187b21-9bc5-4100-842b-5e424fa229ce","time":"2026-04-30T14:55:52+05:30","caller":"C:/billing-service/internal/handlers/grpc.go:213","message":"gRPC: GetSubscription requested"}
{"level":"info","workspace_id":"0b187b21-9bc5-4100-842b-5e424fa229ce","time":"2026-04-30T14:59:35+05:30","caller":"C:/billing-service/internal/handlers/grpc.go:213","message":"gRPC: GetSubscription requested"}
{"level":"info","workspace_id":"0b187b21-9bc5-4100-842b-5e424fa229ce","environment_id":"57f0be4e-3eb3-426a-8c31-c3ac3f9a3ddb","time":"2026-04-30T14:59:35+05:30","caller":"C:/billing-service/internal/handlers/grpc.go:248","message":"gRPC: GetUsage requested"}
{"level":"info","workspace_id":"0b187b21-9bc5-4100-842b-5e424fa229ce","time":"2026-04-30T15:00:36+05:30","caller":"C:/billing-service/internal/handlers/grpc.go:213","message":"gRPC: GetSubscription requested"}
{"level":"info","workspace_id":"0b187b21-9bc5-4100-842b-5e424fa229ce","environment_id":"57f0be4e-3eb3-426a-8c31-c3ac3f9a3ddb","time":"2026-04-30T15:00:36+05:30","caller":"C:/billing-service/internal/handlers/grpc.go:248","message":"gRPC: GetUsage requested"}
{"level":"info","workspace_id":"0b187b21-9bc5-4100-842b-5e424fa229ce","environment_id":"57f0be4e-3eb3-426a-8c31-c3ac3f9a3ddb","time":"2026-04-30T15:00:43+05:30","caller":"C:/billing-service/internal/handlers/grpc.go:248","message":"gRPC: GetUsage requested"}
{"level":"info","workspace_id":"0b187b21-9bc5-4100-842b-5e424fa229ce","time":"2026-04-30T15:00:43+05:30","caller":"C:/billing-service/internal/handlers/grpc.go:213","message":"gRPC: GetSubscription requested"}
{"level":"info","workspace_id":"0b187b21-9bc5-4100-842b-5e424fa229ce","environment_id":"57f0be4e-3eb3-426a-8c31-c3ac3f9a3ddb","time":"2026-04-30T15:01:06+05:30","caller":"C:/billing-service/internal/handlers/grpc.go:248","message":"gRPC: GetUsage requested"}
{"level":"info","workspace_id":"0b187b21-9bc5-4100-842b-5e424fa229ce","time":"2026-04-30T15:01:06+05:30","caller":"C:/billing-service/internal/handlers/grpc.go:213","message":"gRPC: GetSubscription requested"}
{"level":"info","workspace_id":"0b187b21-9bc5-4100-842b-5e424fa229ce","environment_id":"57f0be4e-3eb3-426a-8c31-c3ac3f9a3ddb","time":"2026-04-30T15:02:45+05:30","caller":"C:/billing-service/internal/handlers/grpc.go:248","message":"gRPC: GetUsage requested"}
{"level":"info","workspace_id":"0b187b21-9bc5-4100-842b-5e424fa229ce","time":"2026-04-30T15:02:45+05:30","caller":"C:/billing-service/internal/handlers/grpc.go:213","message":"gRPC: GetSubscription requested"}
{"level":"info","workspace_id":"814e0d17-c0da-47c5-a146-a0da0af4b0a9","plan_id":"Free","payment_provider":"system","time":"2026-04-30T15:20:34+05:30","caller":"C:/billing-service/internal/handlers/grpc.go:119","message":"gRPC: CreateSubscription request received"}
{"level":"info","workspace_id":"814e0d17-c0da-47c5-a146-a0da0af4b0a9","plan_id":"c4071957-d569-47b0-a778-31ffd9f38af4","payment_provider":"system","time":"2026-04-30T15:20:34+05:30","caller":"C:/billing-service/internal/handlers/grpc.go:152","message":"gRPC: calling Subscribe"}
{"level":"info","subscription_id":"5ba3ca29-8644-437a-bb1c-2b8b87267560","workspace_id":"814e0d17-c0da-47c5-a146-a0da0af4b0a9","time":"2026-04-30T15:20:34+05:30","caller":"C:/billing-service/internal/handlers/grpc.go:169","message":"gRPC: CreateSubscription succeeded"}
{"level":"info","workspace_id":"814e0d17-c0da-47c5-a146-a0da0af4b0a9","time":"2026-04-30T15:28:25+05:30","caller":"C:/billing-service/internal/handlers/grpc.go:213","message":"gRPC: GetSubscription requested"}
{"level":"info","workspace_id":"814e0d17-c0da-47c5-a146-a0da0af4b0a9","environment_id":"6a3e9001-ad7f-4335-9341-8d9e8eafbf53","time":"2026-04-30T15:28:25+05:30","caller":"C:/billing-service/internal/handlers/grpc.go:248","message":"gRPC: GetUsage requested"}
{"level":"info","workspace_id":"814e0d17-c0da-47c5-a146-a0da0af4b0a9","time":"2026-04-30T15:28:43+05:30","caller":"C:/billing-service/internal/handlers/grpc.go:213","message":"gRPC: GetSubscription requested"}
{"level":"info","workspace_id":"814e0d17-c0da-47c5-a146-a0da0af4b0a9","environment_id":"6a3e9001-ad7f-4335-9341-8d9e8eafbf53","time":"2026-04-30T15:28:43+05:30","caller":"C:/billing-service/internal/handlers/grpc.go:248","message":"gRPC: GetUsage requested"}
{"level":"info","workspace_id":"814e0d17-c0da-47c5-a146-a0da0af4b0a9","plan_id":"84d323c3-bc5b-48e0-8483-882b6a876354","customer_email":"ashif@gmail.com","time":"2026-04-30T15:28:43+05:30","caller":"C:/billing-service/internal/handlers/grpc.go:296","message":"gRPC: CreateCheckoutSession requested"}
{"level":"info","component":"stripe_provider","session_id":"cs_test_a1KugikJPst6VF498VJXpNzrTosVhDb8GGlC9v0nniDAStfYtUZ01jCCJ1","workspace_id":"814e0d17-c0da-47c5-a146-a0da0af4b0a9","time":"2026-04-30T15:28:46+05:30","caller":"C:/billing-service/internal/stripe/client.go:88","message":"stripe checkout session created"}
{"level":"info","component":"stripe_provider","event_type":"charge.succeeded","event_id":"evt_3TRrN10yF76gbNAz18PGmND9","time":"2026-04-30T15:29:02+05:30","caller":"C:/billing-service/internal/stripe/client.go:41","message":"stripe event received"}
{"level":"info","component":"stripe_provider","event_type":"customer.created","event_id":"evt_1TRrN40yF76gbNAzwFEyXVqz","time":"2026-04-30T15:29:02+05:30","caller":"C:/billing-service/internal/stripe/client.go:41","message":"stripe event received"}
{"level":"info","component":"stripe_provider","event_type":"payment_method.attached","event_id":"evt_1TRrN40yF76gbNAzk8q1QzQ2","time":"2026-04-30T15:29:02+05:30","caller":"C:/billing-service/internal/stripe/client.go:41","message":"stripe event received"}
{"level":"info","component":"stripe_provider","event_type":"customer.updated","event_id":"evt_1TRrN40yF76gbNAzERobbt3U","time":"2026-04-30T15:29:02+05:30","caller":"C:/billing-service/internal/stripe/client.go:41","message":"stripe event received"}
{"level":"info","component":"stripe_provider","event_type":"checkout.session.completed","event_id":"evt_1TRrN40yF76gbNAzsz1Ce7Jb","time":"2026-04-30T15:29:02+05:30","caller":"C:/billing-service/internal/stripe/client.go:41","message":"stripe event received"}
{"level":"info","component":"stripe_provider","event_type":"customer.subscription.created","event_id":"evt_1TRrN40yF76gbNAzd2SxhCWK","time":"2026-04-30T15:29:02+05:30","caller":"C:/billing-service/internal/stripe/client.go:41","message":"stripe event received"}
{"level":"info","component":"stripe_provider","event_type":"payment_intent.succeeded","event_id":"evt_3TRrN10yF76gbNAz19e4nzTc","time":"2026-04-30T15:29:02+05:30","caller":"C:/billing-service/internal/stripe/client.go:41","message":"stripe event received"}
{"level":"info","component":"stripe_provider","event_type":"payment_intent.created","event_id":"evt_3TRrN10yF76gbNAz1rI3sSPM","time":"2026-04-30T15:29:02+05:30","caller":"C:/billing-service/internal/stripe/client.go:41","message":"stripe event received"}
{"level":"info","component":"stripe_provider","event_type":"invoice.created","event_id":"evt_1TRrN40yF76gbNAzSr37A7Ty","time":"2026-04-30T15:29:03+05:30","caller":"C:/billing-service/internal/stripe/client.go:41","message":"stripe event received"}
{"level":"info","component":"stripe_provider","period_start":1777543138,"period_end":1780135138,"time":"2026-04-30T15:29:03+05:30","caller":"C:/billing-service/internal/stripe/client.go:140","message":"stripe subscription period dates"}
{"level":"info","event_type":"subscription.created","time":"2026-04-30T15:29:03+05:30","caller":"C:/billing-service/internal/handlers/webhook.go:54","message":"📥 Received billing event"}
{"level":"info","external_subscription_id":"sub_1TRrN20yF76gbNAz81Rit6MJ","time":"2026-04-30T15:29:03+05:30","caller":"C:/billing-service/internal/handlers/webhook.go:89","message":"Creating new subscription "}
{"level":"info","component":"stripe_provider","event_type":"invoice.finalized","event_id":"evt_1TRrN40yF76gbNAzPnj5LeI4","time":"2026-04-30T15:29:03+05:30","caller":"C:/billing-service/internal/stripe/client.go:41","message":"stripe event received"}
{"level":"info","component":"stripe_provider","event_type":"invoice.paid","event_id":"evt_1TRrN40yF76gbNAzylVkeFzf","time":"2026-04-30T15:29:03+05:30","caller":"C:/billing-service/internal/stripe/client.go:41","message":"stripe event received"}
{"level":"info","component":"stripe_provider","event_type":"invoice.payment_succeeded","event_id":"evt_1TRrN50yF76gbNAzpKFukZUw","time":"2026-04-30T15:29:03+05:30","caller":"C:/billing-service/internal/stripe/client.go:41","message":"stripe event received"}
{"level":"info","event_type":"payment.succeeded","time":"2026-04-30T15:29:03+05:30","caller":"C:/billing-service/internal/handlers/webhook.go:54","message":"📥 Received billing event"}
{"level":"info","session_id":"cs_test_a1KugikJPst6VF498VJXpNzrTosVhDb8GGlC9v0nniDAStfYtUZ01jCCJ1","time":"2026-04-30T15:29:06+05:30","caller":"C:/billing-service/internal/handlers/grpc.go:311","message":"gRPC: GetCheckoutSession requested"}
{"level":"info","session_id":"cs_test_a1KugikJPst6VF498VJXpNzrTosVhDb8GGlC9v0nniDAStfYtUZ01jCCJ1","time":"2026-04-30T15:29:06+05:30","caller":"C:/billing-service/internal/handlers/grpc.go:311","message":"gRPC: GetCheckoutSession requested"}
{"level":"info","workspace_id":"814e0d17-c0da-47c5-a146-a0da0af4b0a9","time":"2026-04-30T15:29:10+05:30","caller":"C:/billing-service/internal/handlers/grpc.go:213","message":"gRPC: GetSubscription requested"}
{"level":"info","workspace_id":"814e0d17-c0da-47c5-a146-a0da0af4b0a9","environment_id":"6a3e9001-ad7f-4335-9341-8d9e8eafbf53","time":"2026-04-30T15:29:10+05:30","caller":"C:/billing-service/internal/handlers/grpc.go:248","message":"gRPC: GetUsage requested"}
{"level":"info","component":"stripe_provider","event_type":"invoice_payment.paid","event_id":"evt_1TRrNe0yF76gbNAzxD0g8y70","time":"2026-04-30T15:29:38+05:30","caller":"C:/billing-service/internal/stripe/client.go:41","message":"stripe event received"}
{"level":"info","workspace_id":"814e0d17-c0da-47c5-a146-a0da0af4b0a9","time":"2026-04-30T15:34:56+05:30","caller":"C:/billing-service/internal/handlers/grpc.go:213","message":"gRPC: GetSubscription requested"}
{"level":"info","workspace_id":"814e0d17-c0da-47c5-a146-a0da0af4b0a9","environment_id":"6a3e9001-ad7f-4335-9341-8d9e8eafbf53","time":"2026-04-30T15:34:56+05:30","caller":"C:/billing-service/internal/handlers/grpc.go:248","message":"gRPC: GetUsage requested"}
{"level":"info","time":"2026-04-30T15:39:18+05:30","caller":"C:/billing-service/internal/cron/schdeuler.go:86","message":"scheduler stopped"}
{"level":"info","time":"2026-04-30T15:39:18+05:30","caller":"C:/billing-service/cmd/cmd.go:63","message":"🛑 Received shutdown signal. Starting graceful shutdown..."}
{"level":"info","time":"2026-04-30T15:39:18+05:30","caller":"C:/billing-service/cmd/cmd.go:94","message":"❌ Service is gracefully stopping"}
{"level":"info","time":"2026-04-30T15:39:18+05:30","caller":"C:/billing-service/cmd/cmd.go:102","message":"HTTP server stopped gracefully"}
{"level":"info","time":"2026-04-30T15:39:18+05:30","caller":"C:/billing-service/cmd/cmd.go:112","message":"gRPC server stopped gracefully"}
{"level":"info","time":"2026-04-30T15:39:40+05:30","caller":"C:/billing-service/internal/app/app.go:34","message":"Starting billing service..."}
{"level":"info","time":"2026-04-30T15:39:40+05:30","caller":"C:/billing-service/cmd/cmd.go:56","message":"🟢 Service is fully started and running. Waiting for signals..."}
{"level":"info","time":"2026-04-30T15:39:40+05:30","caller":"C:/billing-service/cmd/cmd.go:52","message":"Starting subscription expiry scheduler"}
{"level":"info","interval":3600000,"time":"2026-04-30T15:39:40+05:30","caller":"C:/billing-service/internal/cron/schdeuler.go:79","message":"scheduler started"}
{"level":"info","port":"8081","time":"2026-04-30T15:39:40+05:30","caller":"C:/billing-service/cmd/cmd.go:45","message":"Starting HTTP server"}
{"level":"info","service":"billing-service","addr":":50051","time":"2026-04-30T15:39:40+05:30","caller":"C:/billing-service/cmd/cmd.go:36","message":"Starting gRPC server"}
{"level":"info","workspace_id":"814e0d17-c0da-47c5-a146-a0da0af4b0a9","time":"2026-04-30T15:45:53+05:30","caller":"C:/billing-service/internal/handlers/grpc.go:213","message":"gRPC: GetSubscription requested"}
{"level":"info","workspace_id":"814e0d17-c0da-47c5-a146-a0da0af4b0a9","environment_id":"6a3e9001-ad7f-4335-9341-8d9e8eafbf53","time":"2026-04-30T15:45:54+05:30","caller":"C:/billing-service/internal/handlers/grpc.go:248","message":"gRPC: GetUsage requested"}
{"level":"info","workspace_id":"814e0d17-c0da-47c5-a146-a0da0af4b0a9","time":"2026-04-30T15:46:05+05:30","caller":"C:/billing-service/internal/handlers/grpc.go:213","message":"gRPC: GetSubscription requested"}
{"level":"info","workspace_id":"814e0d17-c0da-47c5-a146-a0da0af4b0a9","environment_id":"6a3e9001-ad7f-4335-9341-8d9e8eafbf53","time":"2026-04-30T15:46:05+05:30","caller":"C:/billing-service/internal/handlers/grpc.go:248","message":"gRPC: GetUsage requested"}
{"level":"info","workspace_id":"814e0d17-c0da-47c5-a146-a0da0af4b0a9","time":"2026-04-30T15:46:34+05:30","caller":"C:/billing-service/internal/handlers/grpc.go:213","message":"gRPC: GetSubscription requested"}
{"level":"info","workspace_id":"814e0d17-c0da-47c5-a146-a0da0af4b0a9","environment_id":"6a3e9001-ad7f-4335-9341-8d9e8eafbf53","time":"2026-04-30T15:46:34+05:30","caller":"C:/billing-service/internal/handlers/grpc.go:248","message":"gRPC: GetUsage requested"}
{"level":"info","workspace_id":"814e0d17-c0da-47c5-a146-a0da0af4b0a9","environment_id":"6a3e9001-ad7f-4335-9341-8d9e8eafbf53","time":"2026-04-30T15:46:39+05:30","caller":"C:/billing-service/internal/handlers/grpc.go:248","message":"gRPC: GetUsage requested"}
{"level":"info","workspace_id":"814e0d17-c0da-47c5-a146-a0da0af4b0a9","time":"2026-04-30T15:46:39+05:30","caller":"C:/billing-service/internal/handlers/grpc.go:213","message":"gRPC: GetSubscription requested"}
{"level":"info","workspace_id":"814e0d17-c0da-47c5-a146-a0da0af4b0a9","environment_id":"6a3e9001-ad7f-4335-9341-8d9e8eafbf53","time":"2026-04-30T15:51:47+05:30","caller":"C:/billing-service/internal/handlers/grpc.go:248","message":"gRPC: GetUsage requested"}
{"level":"info","workspace_id":"814e0d17-c0da-47c5-a146-a0da0af4b0a9","time":"2026-04-30T15:51:47+05:30","caller":"C:/billing-service/internal/handlers/grpc.go:213","message":"gRPC: GetSubscription requested"}
{"level":"info","workspace_id":"814e0d17-c0da-47c5-a146-a0da0af4b0a9","plan_id":"ad8bd5c9-33be-412e-bd77-bc523936d14a","customer_email":"ashif@gmail.com","time":"2026-04-30T15:51:49+05:30","caller":"C:/billing-service/internal/handlers/grpc.go:296","message":"gRPC: CreateCheckoutSession requested"}
{"level":"info","component":"stripe_provider","session_id":"cs_test_a1nxFcJZZjXdfMiovOl2Y78GI2X9CcmazwFb0ww1kUGHi2fDgYq1j60SoT","workspace_id":"814e0d17-c0da-47c5-a146-a0da0af4b0a9","time":"2026-04-30T15:51:51+05:30","caller":"C:/billing-service/internal/stripe/client.go:88","message":"stripe checkout session created"}
{"level":"info","component":"stripe_provider","event_type":"charge.succeeded","event_id":"evt_3TRrjQ0yF76gbNAz1LLi5GnW","time":"2026-04-30T15:52:12+05:30","caller":"C:/billing-service/internal/stripe/client.go:41","message":"stripe event received"}
{"level":"info","component":"stripe_provider","event_type":"payment_method.attached","event_id":"evt_1TRrjU0yF76gbNAzCk3CY4QD","time":"2026-04-30T15:52:12+05:30","caller":"C:/billing-service/internal/stripe/client.go:41","message":"stripe event received"}
{"level":"info","component":"stripe_provider","event_type":"customer.created","event_id":"evt_1TRrjU0yF76gbNAz2uDv0NYN","time":"2026-04-30T15:52:12+05:30","caller":"C:/billing-service/internal/stripe/client.go:41","message":"stripe event received"}
{"level":"info","component":"stripe_provider","event_type":"customer.updated","event_id":"evt_1TRrjU0yF76gbNAzB5H17PhM","time":"2026-04-30T15:52:12+05:30","caller":"C:/billing-service/internal/stripe/client.go:41","message":"stripe event received"}
{"level":"info","component":"stripe_provider","event_type":"customer.subscription.created","event_id":"evt_1TRrjU0yF76gbNAzzr8yAQGD","time":"2026-04-30T15:52:13+05:30","caller":"C:/billing-service/internal/stripe/client.go:41","message":"stripe event received"}
{"level":"info","component":"stripe_provider","event_type":"checkout.session.completed","event_id":"evt_1TRrjU0yF76gbNAzgrQ5YZ2T","time":"2026-04-30T15:52:13+05:30","caller":"C:/billing-service/internal/stripe/client.go:41","message":"stripe event received"}
{"level":"info","component":"stripe_provider","event_type":"payment_intent.succeeded","event_id":"evt_3TRrjQ0yF76gbNAz1tfnPOVo","time":"2026-04-30T15:52:13+05:30","caller":"C:/billing-service/internal/stripe/client.go:41","message":"stripe event received"}
{"level":"info","component":"stripe_provider","event_type":"payment_intent.created","event_id":"evt_3TRrjQ0yF76gbNAz1VC4AxXU","time":"2026-04-30T15:52:13+05:30","caller":"C:/billing-service/internal/stripe/client.go:41","message":"stripe event received"}
{"level":"info","component":"stripe_provider","event_type":"invoice.created","event_id":"evt_1TRrjV0yF76gbNAzgL4Tevg5","time":"2026-04-30T15:52:13+05:30","caller":"C:/billing-service/internal/stripe/client.go:41","message":"stripe event received"}
{"level":"info","component":"stripe_provider","period_start":1777544528,"period_end":1780136528,"time":"2026-04-30T15:52:13+05:30","caller":"C:/billing-service/internal/stripe/client.go:140","message":"stripe subscription period dates"}
{"level":"info","event_type":"subscription.created","time":"2026-04-30T15:52:13+05:30","caller":"C:/billing-service/internal/handlers/webhook.go:56","message":"📥 Received billing event"}
{"level":"info","external_subscription_id":"sub_1TRrjS0yF76gbNAz0bohEzoW","time":"2026-04-30T15:52:13+05:30","caller":"C:/billing-service/internal/handlers/webhook.go:101","message":"⏳ Creating new subscription from webhook..."}
{"level":"info","component":"stripe_provider","event_type":"invoice.paid","event_id":"evt_1TRrjV0yF76gbNAzJrdZ6HmT","time":"2026-04-30T15:52:13+05:30","caller":"C:/billing-service/internal/stripe/client.go:41","message":"stripe event received"}
{"level":"error","error":"an active subscription already exists for this workspace","event_type":"subscription.created","external_subscription_id":"sub_1TRrjS0yF76gbNAz0bohEzoW","time":"2026-04-30T15:52:13+05:30","caller":"C:/billing-service/internal/handlers/webhook.go:80","message":"❌ Failed to process billing event"}
{"level":"info","component":"stripe_provider","event_type":"invoice.payment_succeeded","event_id":"evt_1TRrjV0yF76gbNAzwTi9uE8X","time":"2026-04-30T15:52:13+05:30","caller":"C:/billing-service/internal/stripe/client.go:41","message":"stripe event received"}
{"level":"info","event_type":"payment.succeeded","time":"2026-04-30T15:52:13+05:30","caller":"C:/billing-service/internal/handlers/webhook.go:56","message":"📥 Received billing event"}
{"level":"info","external_subscription_id":"sub_1TRrjS0yF76gbNAz0bohEzoW","time":"2026-04-30T15:52:13+05:30","caller":"C:/billing-service/internal/handlers/webhook.go:170","message":"Skipping payment_succeeded: subscription not found (likely initial checkout)"}
{"level":"info","event_type":"payment.succeeded","external_subscription_id":"sub_1TRrjS0yF76gbNAz0bohEzoW","time":"2026-04-30T15:52:13+05:30","caller":"C:/billing-service/internal/handlers/webhook.go:88","message":"✅ Successfully processed billing event"}
{"level":"info","component":"stripe_provider","event_type":"invoice.finalized","event_id":"evt_1TRrjV0yF76gbNAzkbrlHGGN","time":"2026-04-30T15:52:13+05:30","caller":"C:/billing-service/internal/stripe/client.go:41","message":"stripe event received"}
{"level":"info","session_id":"cs_test_a1nxFcJZZjXdfMiovOl2Y78GI2X9CcmazwFb0ww1kUGHi2fDgYq1j60SoT","time":"2026-04-30T15:52:17+05:30","caller":"C:/billing-service/internal/handlers/grpc.go:311","message":"gRPC: GetCheckoutSession requested"}
{"level":"info","session_id":"cs_test_a1nxFcJZZjXdfMiovOl2Y78GI2X9CcmazwFb0ww1kUGHi2fDgYq1j60SoT","time":"2026-04-30T15:52:18+05:30","caller":"C:/billing-service/internal/handlers/grpc.go:311","message":"gRPC: GetCheckoutSession requested"}
{"level":"info","workspace_id":"814e0d17-c0da-47c5-a146-a0da0af4b0a9","time":"2026-04-30T15:52:26+05:30","caller":"C:/billing-service/internal/handlers/grpc.go:213","message":"gRPC: GetSubscription requested"}
{"level":"info","workspace_id":"814e0d17-c0da-47c5-a146-a0da0af4b0a9","environment_id":"6a3e9001-ad7f-4335-9341-8d9e8eafbf53","time":"2026-04-30T15:52:26+05:30","caller":"C:/billing-service/internal/handlers/grpc.go:248","message":"gRPC: GetUsage requested"}
{"level":"info","component":"stripe_provider","event_type":"invoice_payment.paid","event_id":"evt_1TRrkC0yF76gbNAz4rToOqlk","time":"2026-04-30T15:52:56+05:30","caller":"C:/billing-service/internal/stripe/client.go:41","message":"stripe event received"}
{"level":"info","workspace_id":"814e0d17-c0da-47c5-a146-a0da0af4b0a9","time":"2026-04-30T15:56:35+05:30","caller":"C:/billing-service/internal/handlers/grpc.go:213","message":"gRPC: GetSubscription requested"}
{"level":"info","workspace_id":"814e0d17-c0da-47c5-a146-a0da0af4b0a9","environment_id":"6a3e9001-ad7f-4335-9341-8d9e8eafbf53","time":"2026-04-30T15:56:35+05:30","caller":"C:/billing-service/internal/handlers/grpc.go:248","message":"gRPC: GetUsage requested"}
{"level":"info","time":"2026-04-30T16:04:04+05:30","caller":"C:/billing-service/internal/cron/schdeuler.go:86","message":"scheduler stopped"}
{"level":"info","time":"2026-04-30T16:04:04+05:30","caller":"C:/billing-service/cmd/cmd.go:63","message":"🛑 Received shutdown signal. Starting graceful shutdown..."}
{"level":"info","time":"2026-04-30T16:04:04+05:30","caller":"C:/billing-service/cmd/cmd.go:94","message":"❌ Service is gracefully stopping"}
{"level":"info","time":"2026-04-30T16:04:04+05:30","caller":"C:/billing-service/cmd/cmd.go:102","message":"HTTP server stopped gracefully"}
{"level":"info","time":"2026-04-30T16:04:04+05:30","caller":"C:/billing-service/cmd/cmd.go:112","message":"gRPC server stopped gracefully"}
{"level":"info","time":"2026-04-30T16:04:30+05:30","caller":"C:/billing-service/internal/app/app.go:34","message":"Starting billing service..."}
{"level":"info","time":"2026-04-30T16:04:36+05:30","caller":"C:/billing-service/cmd/cmd.go:56","message":"🟢 Service is fully started and running. Waiting for signals..."}
{"level":"info","port":"8081","time":"2026-04-30T16:04:36+05:30","caller":"C:/billing-service/cmd/cmd.go:45","message":"Starting HTTP server"}
{"level":"info","time":"2026-04-30T16:04:36+05:30","caller":"C:/billing-service/cmd/cmd.go:52","message":"Starting subscription expiry scheduler"}
{"level":"info","service":"billing-service","addr":":50051","time":"2026-04-30T16:04:36+05:30","caller":"C:/billing-service/cmd/cmd.go:36","message":"Starting gRPC server"}
{"level":"info","interval":3600000,"time":"2026-04-30T16:04:36+05:30","caller":"C:/billing-service/internal/cron/schdeuler.go:79","message":"scheduler started"}
{"level":"info","workspace_id":"814e0d17-c0da-47c5-a146-a0da0af4b0a9","time":"2026-04-30T16:06:08+05:30","caller":"C:/billing-service/internal/handlers/grpc.go:213","message":"gRPC: GetSubscription requested"}
{"level":"info","workspace_id":"814e0d17-c0da-47c5-a146-a0da0af4b0a9","time":"2026-04-30T16:07:09+05:30","caller":"C:/billing-service/internal/handlers/grpc.go:213","message":"gRPC: GetSubscription requested"}
{"level":"info","workspace_id":"814e0d17-c0da-47c5-a146-a0da0af4b0a9","environment_id":"6a3e9001-ad7f-4335-9341-8d9e8eafbf53","time":"2026-04-30T16:07:09+05:30","caller":"C:/billing-service/internal/handlers/grpc.go:248","message":"gRPC: GetUsage requested"}
{"level":"info","workspace_id":"814e0d17-c0da-47c5-a146-a0da0af4b0a9","plan_id":"84d323c3-bc5b-48e0-8483-882b6a876354","customer_email":"ashif@gmail.com","time":"2026-04-30T16:07:12+05:30","caller":"C:/billing-service/internal/handlers/grpc.go:296","message":"gRPC: CreateCheckoutSession requested"}
{"level":"info","component":"stripe_provider","session_id":"cs_test_a1n7YrVn7QmaXwLk4293nKLf0Jcs4Tk0B5ZYHyWQMDjhclG8uOz9UeEIj9","workspace_id":"814e0d17-c0da-47c5-a146-a0da0af4b0a9","time":"2026-04-30T16:07:14+05:30","caller":"C:/billing-service/internal/stripe/client.go:88","message":"stripe checkout session created"}
{"level":"info","component":"stripe_provider","event_type":"payment_method.attached","event_id":"evt_1TRryI0yF76gbNAzMDljpyvV","time":"2026-04-30T16:07:31+05:30","caller":"C:/billing-service/internal/stripe/client.go:41","message":"stripe event received"}
{"level":"info","component":"stripe_provider","event_type":"customer.created","event_id":"evt_1TRryI0yF76gbNAzDtk9Ipfv","time":"2026-04-30T16:07:31+05:30","caller":"C:/billing-service/internal/stripe/client.go:41","message":"stripe event received"}
{"level":"info","component":"stripe_provider","event_type":"charge.succeeded","event_id":"evt_3TRryF0yF76gbNAz1eBYOHl5","time":"2026-04-30T16:07:31+05:30","caller":"C:/billing-service/internal/stripe/client.go:41","message":"stripe event received"}
{"level":"info","component":"stripe_provider","event_type":"checkout.session.completed","event_id":"evt_1TRryI0yF76gbNAzMuo05P5D","time":"2026-04-30T16:07:31+05:30","caller":"C:/billing-service/internal/stripe/client.go:41","message":"stripe event received"}
{"level":"info","component":"stripe_provider","workspace_id":"814e0d17-c0da-47c5-a146-a0da0af4b0a9","plan_id":"84d323c3-bc5b-48e0-8483-882b6a876354","subscription_id":"sub_1TRryH0yF76gbNAzJmClUoAd","time":"2026-04-30T16:07:31+05:30","caller":"C:/billing-service/internal/stripe/client.go:141","message":"✅ Checkout session metadata parsed successfully"}
{"level":"info","component":"stripe_provider","event_type":"customer.updated","event_id":"evt_1TRryI0yF76gbNAzj2NmOKBD","time":"2026-04-30T16:07:31+05:30","caller":"C:/billing-service/internal/stripe/client.go:41","message":"stripe event received"}
{"level":"info","component":"stripe_provider","event_type":"customer.subscription.created","event_id":"evt_1TRryJ0yF76gbNAzmLhLODMA","time":"2026-04-30T16:07:31+05:30","caller":"C:/billing-service/internal/stripe/client.go:41","message":"stripe event received"}
{"level":"info","component":"stripe_provider","event_type":"payment_intent.succeeded","event_id":"evt_3TRryF0yF76gbNAz14xrwLN5","time":"2026-04-30T16:07:31+05:30","caller":"C:/billing-service/internal/stripe/client.go:41","message":"stripe event received"}
{"level":"info","component":"stripe_provider","event_type":"payment_intent.created","event_id":"evt_3TRryF0yF76gbNAz1df3vOsr","time":"2026-04-30T16:07:31+05:30","caller":"C:/billing-service/internal/stripe/client.go:41","message":"stripe event received"}
{"level":"info","component":"stripe_provider","event_type":"invoice.created","event_id":"evt_1TRryJ0yF76gbNAzLiB6sJwZ","time":"2026-04-30T16:07:31+05:30","caller":"C:/billing-service/internal/stripe/client.go:41","message":"stripe event received"}
{"level":"info","component":"stripe_provider","event_type":"invoice.finalized","event_id":"evt_1TRryJ0yF76gbNAzHmolg71O","time":"2026-04-30T16:07:31+05:30","caller":"C:/billing-service/internal/stripe/client.go:41","message":"stripe event received"}
{"level":"info","component":"stripe_provider","period_start":1777545446,"period_end":1780137446,"time":"2026-04-30T16:07:31+05:30","caller":"C:/billing-service/internal/stripe/client.go:150","message":"stripe subscription period dates"}
{"level":"info","event_type":"subscription.created","time":"2026-04-30T16:07:31+05:30","caller":"C:/billing-service/internal/handlers/webhook.go:56","message":"📥 Received billing event"}
{"level":"info","external_subscription_id":"sub_1TRryH0yF76gbNAzJmClUoAd","time":"2026-04-30T16:07:31+05:30","caller":"C:/billing-service/internal/handlers/webhook.go:101","message":"⏳ Creating new subscription from webhook..."}
{"level":"info","external_subscription_id":"sub_1TRryH0yF76gbNAzJmClUoAd","time":"2026-04-30T16:07:31+05:30","caller":"C:/billing-service/internal/handlers/webhook.go:116","message":"🆕 Subscription created successfully"}
{"level":"info","event_type":"subscription.created","external_subscription_id":"sub_1TRryH0yF76gbNAzJmClUoAd","time":"2026-04-30T16:07:32+05:30","caller":"C:/billing-service/internal/handlers/webhook.go:88","message":"✅ Successfully processed billing event"}
{"level":"info","component":"stripe_provider","event_type":"invoice.payment_succeeded","event_id":"evt_1TRryJ0yF76gbNAzNtqcEqQB","time":"2026-04-30T16:07:32+05:30","caller":"C:/billing-service/internal/stripe/client.go:41","message":"stripe event received"}
{"level":"info","component":"stripe_provider","event_type":"invoice.paid","event_id":"evt_1TRryJ0yF76gbNAzQ20qi4K1","time":"2026-04-30T16:07:32+05:30","caller":"C:/billing-service/internal/stripe/client.go:41","message":"stripe event received"}
{"level":"info","component":"stripe_provider","invoice_id":"in_1TRryE0yF76gbNAziEefF2mK","subscription_id":"sub_1TRryH0yF76gbNAzJmClUoAd","time":"2026-04-30T16:07:32+05:30","caller":"C:/billing-service/internal/stripe/client.go:240","message":"💰 Invoice payment succeeded event parsed"}
{"level":"info","event_type":"payment.succeeded","time":"2026-04-30T16:07:32+05:30","caller":"C:/billing-service/internal/handlers/webhook.go:56","message":"📥 Received billing event"}
{"level":"info","external_subscription_id":"sub_1TRryH0yF76gbNAzJmClUoAd","time":"2026-04-30T16:07:32+05:30","caller":"C:/billing-service/internal/handlers/webhook.go:186","message":"💰 Recurring payment succeeded and subscription synced"}
{"level":"info","event_type":"payment.succeeded","external_subscription_id":"sub_1TRryH0yF76gbNAzJmClUoAd","time":"2026-04-30T16:07:32+05:30","caller":"C:/billing-service/internal/handlers/webhook.go:88","message":"✅ Successfully processed billing event"}
{"level":"info","session_id":"cs_test_a1n7YrVn7QmaXwLk4293nKLf0Jcs4Tk0B5ZYHyWQMDjhclG8uOz9UeEIj9","time":"2026-04-30T16:07:36+05:30","caller":"C:/billing-service/internal/handlers/grpc.go:311","message":"gRPC: GetCheckoutSession requested"}
{"level":"info","session_id":"cs_test_a1n7YrVn7QmaXwLk4293nKLf0Jcs4Tk0B5ZYHyWQMDjhclG8uOz9UeEIj9","time":"2026-04-30T16:07:36+05:30","caller":"C:/billing-service/internal/handlers/grpc.go:311","message":"gRPC: GetCheckoutSession requested"}
{"level":"info","component":"stripe_provider","event_type":"invoice_payment.paid","event_id":"evt_1TRryb0yF76gbNAz6RJzWZ9a","time":"2026-04-30T16:07:49+05:30","caller":"C:/billing-service/internal/stripe/client.go:41","message":"stripe event received"}
{"level":"info","workspace_id":"814e0d17-c0da-47c5-a146-a0da0af4b0a9","time":"2026-04-30T16:10:01+05:30","caller":"C:/billing-service/internal/handlers/grpc.go:213","message":"gRPC: GetSubscription requested"}
{"level":"info","workspace_id":"814e0d17-c0da-47c5-a146-a0da0af4b0a9","environment_id":"6a3e9001-ad7f-4335-9341-8d9e8eafbf53","time":"2026-04-30T16:10:01+05:30","caller":"C:/billing-service/internal/handlers/grpc.go:248","message":"gRPC: GetUsage requested"}
{"level":"info","time":"2026-04-30T21:04:01+05:30","caller":"C:/billing-service/internal/cron/schdeuler.go:86","message":"scheduler stopped"}
{"level":"info","time":"2026-04-30T21:04:01+05:30","caller":"C:/billing-service/cmd/cmd.go:63","message":"🛑 Received shutdown signal. Starting graceful shutdown..."}
{"level":"info","time":"2026-04-30T21:04:01+05:30","caller":"C:/billing-service/cmd/cmd.go:94","message":"❌ Service is gracefully stopping"}
{"level":"info","time":"2026-04-30T21:04:01+05:30","caller":"C:/billing-service/cmd/cmd.go:102","message":"HTTP server stopped gracefully"}
{"level":"info","time":"2026-04-30T21:04:01+05:30","caller":"C:/billing-service/cmd/cmd.go:112","message":"gRPC server stopped gracefully"}
{"level":"info","time":"2026-04-30T21:04:19+05:30","caller":"C:/billing-service/internal/app/app.go:34","message":"Starting billing service..."}
{"level":"info","service":"billing-service","addr":":50051","time":"2026-04-30T21:04:20+05:30","caller":"C:/billing-service/cmd/cmd.go:36","message":"Starting gRPC server"}
{"level":"info","port":"8081","time":"2026-04-30T21:04:20+05:30","caller":"C:/billing-service/cmd/cmd.go:45","message":"Starting HTTP server"}
{"level":"info","time":"2026-04-30T21:04:20+05:30","caller":"C:/billing-service/cmd/cmd.go:56","message":"🟢 Service is fully started and running. Waiting for signals..."}
{"level":"info","time":"2026-04-30T21:04:20+05:30","caller":"C:/billing-service/cmd/cmd.go:52","message":"Starting subscription expiry scheduler"}
{"level":"info","interval":3600000,"time":"2026-04-30T21:04:20+05:30","caller":"C:/billing-service/internal/cron/schdeuler.go:79","message":"scheduler started"}
{"level":"info","workspace_id":"814e0d17-c0da-47c5-a146-a0da0af4b0a9","environment_id":"6a3e9001-ad7f-4335-9341-8d9e8eafbf53","time":"2026-04-30T21:05:56+05:30","caller":"C:/billing-service/internal/handlers/grpc.go:248","message":"gRPC: GetUsage requested"}
{"level":"info","workspace_id":"3158a53b-6f67-4399-b590-0b0bf2fa7ef1","plan_id":"Free","payment_provider":"system","time":"2026-05-01T09:20:03+05:30","caller":"C:/billing-service/internal/handlers/grpc.go:119","message":"gRPC: CreateSubscription request received"}
{"level":"info","workspace_id":"3158a53b-6f67-4399-b590-0b0bf2fa7ef1","plan_id":"c4071957-d569-47b0-a778-31ffd9f38af4","payment_provider":"system","time":"2026-05-01T09:20:03+05:30","caller":"C:/billing-service/internal/handlers/grpc.go:152","message":"gRPC: calling Subscribe"}
{"level":"info","subscription_id":"f39a3355-5850-4952-9970-9f9c4e685907","workspace_id":"3158a53b-6f67-4399-b590-0b0bf2fa7ef1","time":"2026-05-01T09:20:03+05:30","caller":"C:/billing-service/internal/handlers/grpc.go:169","message":"gRPC: CreateSubscription succeeded"}
{"level":"info","workspace_id":"3158a53b-6f67-4399-b590-0b0bf2fa7ef1","time":"2026-05-01T09:20:13+05:30","caller":"C:/billing-service/internal/handlers/grpc.go:213","message":"gRPC: GetSubscription requested"}
{"level":"info","workspace_id":"3158a53b-6f67-4399-b590-0b0bf2fa7ef1","environment_id":"6939dfdc-7c91-4627-9547-0b7882f2e816","time":"2026-05-01T09:20:13+05:30","caller":"C:/billing-service/internal/handlers/grpc.go:248","message":"gRPC: GetUsage requested"}
{"level":"info","workspace_id":"3158a53b-6f67-4399-b590-0b0bf2fa7ef1","plan_id":"ad8bd5c9-33be-412e-bd77-bc523936d14a","customer_email":"sreenand@gmail.com","time":"2026-05-01T09:20:15+05:30","caller":"C:/billing-service/internal/handlers/grpc.go:296","message":"gRPC: CreateCheckoutSession requested"}
{"level":"info","component":"stripe_provider","session_id":"cs_test_a1ozsxjHI5SWAKDJBxtbwG88KqJRBZfboeHDwLIbILQqK4HCIXncreyYBN","workspace_id":"3158a53b-6f67-4399-b590-0b0bf2fa7ef1","time":"2026-05-01T09:20:16+05:30","caller":"C:/billing-service/internal/stripe/client.go:94","message":"stripe checkout session created"}
{"level":"info","component":"stripe_provider","event_type":"charge.succeeded","event_id":"evt_3TS85v0yF76gbNAz15UM5Vkq","time":"2026-05-01T09:20:30+05:30","caller":"C:/billing-service/internal/stripe/client.go:41","message":"stripe event received"}
{"level":"info","component":"stripe_provider","event_type":"customer.created","event_id":"evt_1TS85z0yF76gbNAz9eTXJRb2","time":"2026-05-01T09:20:30+05:30","caller":"C:/billing-service/internal/stripe/client.go:41","message":"stripe event received"}
{"level":"info","component":"stripe_provider","event_type":"payment_method.attached","event_id":"evt_1TS85z0yF76gbNAzwvm85yCF","time":"2026-05-01T09:20:30+05:30","caller":"C:/billing-service/internal/stripe/client.go:41","message":"stripe event received"}
{"level":"info","component":"stripe_provider","event_type":"customer.updated","event_id":"evt_1TS85z0yF76gbNAz6Czy4kaZ","time":"2026-05-01T09:20:30+05:30","caller":"C:/billing-service/internal/stripe/client.go:41","message":"stripe event received"}
{"level":"info","component":"stripe_provider","event_type":"checkout.session.completed","event_id":"evt_1TS85z0yF76gbNAzvnau5mrt","time":"2026-05-01T09:20:30+05:30","caller":"C:/billing-service/internal/stripe/client.go:41","message":"stripe event received"}
{"level":"info","component":"stripe_provider","workspace_id":"3158a53b-6f67-4399-b590-0b0bf2fa7ef1","plan_id":"ad8bd5c9-33be-412e-bd77-bc523936d14a","subscription_id":"sub_1TS85x0yF76gbNAzYoh3l20j","time":"2026-05-01T09:20:30+05:30","caller":"C:/billing-service/internal/stripe/client.go:147","message":"✅ Checkout session metadata parsed successfully"}
{"level":"info","component":"stripe_provider","event_type":"customer.subscription.created","event_id":"evt_1TS85z0yF76gbNAzOlkg7fdG","time":"2026-05-01T09:20:30+05:30","caller":"C:/billing-service/internal/stripe/client.go:41","message":"stripe event received"}
{"level":"info","component":"stripe_provider","event_type":"payment_intent.succeeded","event_id":"evt_3TS85v0yF76gbNAz17RSrtor","time":"2026-05-01T09:20:30+05:30","caller":"C:/billing-service/internal/stripe/client.go:41","message":"stripe event received"}
{"level":"info","component":"stripe_provider","event_type":"payment_intent.created","event_id":"evt_3TS85v0yF76gbNAz18WFKQxv","time":"2026-05-01T09:20:30+05:30","caller":"C:/billing-service/internal/stripe/client.go:41","message":"stripe event received"}
{"level":"info","component":"stripe_provider","event_type":"invoice.created","event_id":"evt_1TS85z0yF76gbNAzs3feZTv9","time":"2026-05-01T09:20:30+05:30","caller":"C:/billing-service/internal/stripe/client.go:41","message":"stripe event received"}
{"level":"info","component":"stripe_provider","event_type":"invoice.finalized","event_id":"evt_1TS85z0yF76gbNAzKQCxlFtp","time":"2026-05-01T09:20:30+05:30","caller":"C:/billing-service/internal/stripe/client.go:41","message":"stripe event received"}
{"level":"info","component":"stripe_provider","period_start":1777607427,"period_end":1780285827,"time":"2026-05-01T09:20:30+05:30","caller":"C:/billing-service/internal/stripe/client.go:156","message":"stripe subscription period dates"}
{"level":"info","event_type":"subscription.created","time":"2026-05-01T09:20:30+05:30","caller":"C:/billing-service/internal/handlers/webhook.go:55","message":"📥 Received billing event"}
{"level":"info","external_subscription_id":"sub_1TS85x0yF76gbNAzYoh3l20j","time":"2026-05-01T09:20:30+05:30","caller":"C:/billing-service/internal/handlers/webhook.go:99","message":"⏳ Creating new subscription from webhook..."}
{"level":"info","external_subscription_id":"sub_1TS85x0yF76gbNAzYoh3l20j","time":"2026-05-01T09:20:31+05:30","caller":"C:/billing-service/internal/handlers/webhook.go:114","message":"🆕 Subscription created successfully"}
{"level":"info","event_type":"subscription.created","external_subscription_id":"sub_1TS85x0yF76gbNAzYoh3l20j","time":"2026-05-01T09:20:31+05:30","caller":"C:/billing-service/internal/handlers/webhook.go:87","message":"✅ Successfully processed billing event"}
{"level":"info","component":"stripe_provider","event_type":"invoice.paid","event_id":"evt_1TS85z0yF76gbNAzNNrJ08KR","time":"2026-05-01T09:20:31+05:30","caller":"C:/billing-service/internal/stripe/client.go:41","message":"stripe event received"}
{"level":"info","component":"stripe_provider","event_type":"invoice.payment_succeeded","event_id":"evt_1TS85z0yF76gbNAzad1YhCPU","time":"2026-05-01T09:20:31+05:30","caller":"C:/billing-service/internal/stripe/client.go:41","message":"stripe event received"}
{"level":"info","component":"stripe_provider","invoice_id":"in_1TS85v0yF76gbNAzAkLaaIhO","subscription_id":"sub_1TS85x0yF76gbNAzYoh3l20j","time":"2026-05-01T09:20:31+05:30","caller":"C:/billing-service/internal/stripe/client.go:256","message":"💰 Invoice payment succeeded event parsed"}
{"level":"info","event_type":"payment.succeeded","time":"2026-05-01T09:20:31+05:30","caller":"C:/billing-service/internal/handlers/webhook.go:55","message":"📥 Received billing event"}
{"level":"info","external_subscription_id":"sub_1TS85x0yF76gbNAzYoh3l20j","time":"2026-05-01T09:20:31+05:30","caller":"C:/billing-service/internal/handlers/webhook.go:196","message":"💰 Recurring payment succeeded and subscription synced"}
{"level":"info","event_type":"payment.succeeded","external_subscription_id":"sub_1TS85x0yF76gbNAzYoh3l20j","time":"2026-05-01T09:20:31+05:30","caller":"C:/billing-service/internal/handlers/webhook.go:87","message":"✅ Successfully processed billing event"}
{"level":"info","session_id":"cs_test_a1ozsxjHI5SWAKDJBxtbwG88KqJRBZfboeHDwLIbILQqK4HCIXncreyYBN","time":"2026-05-01T09:20:33+05:30","caller":"C:/billing-service/internal/handlers/grpc.go:311","message":"gRPC: GetCheckoutSession requested"}
{"level":"info","session_id":"cs_test_a1ozsxjHI5SWAKDJBxtbwG88KqJRBZfboeHDwLIbILQqK4HCIXncreyYBN","time":"2026-05-01T09:20:33+05:30","caller":"C:/billing-service/internal/handlers/grpc.go:311","message":"gRPC: GetCheckoutSession requested"}
{"level":"info","workspace_id":"3158a53b-6f67-4399-b590-0b0bf2fa7ef1","time":"2026-05-01T09:20:36+05:30","caller":"C:/billing-service/internal/handlers/grpc.go:213","message":"gRPC: GetSubscription requested"}
{"level":"info","workspace_id":"3158a53b-6f67-4399-b590-0b0bf2fa7ef1","environment_id":"6939dfdc-7c91-4627-9547-0b7882f2e816","time":"2026-05-01T09:20:36+05:30","caller":"C:/billing-service/internal/handlers/grpc.go:248","message":"gRPC: GetUsage requested"}
{"level":"info","workspace_id":"3158a53b-6f67-4399-b590-0b0bf2fa7ef1","environment_id":"6939dfdc-7c91-4627-9547-0b7882f2e816","time":"2026-05-01T09:20:43+05:30","caller":"C:/billing-service/internal/handlers/grpc.go:248","message":"gRPC: GetUsage requested"}
{"level":"info","workspace_id":"3158a53b-6f67-4399-b590-0b0bf2fa7ef1","time":"2026-05-01T09:20:43+05:30","caller":"C:/billing-service/internal/handlers/grpc.go:213","message":"gRPC: GetSubscription requested"}
{"level":"info","component":"stripe_provider","event_type":"invoice_payment.paid","event_id":"evt_1TS86G0yF76gbNAzffwjXYAC","time":"2026-05-01T09:20:47+05:30","caller":"C:/billing-service/internal/stripe/client.go:41","message":"stripe event received"}
{"level":"info","workspace_id":"3158a53b-6f67-4399-b590-0b0bf2fa7ef1","time":"2026-05-01T09:22:00+05:30","caller":"C:/billing-service/internal/handlers/grpc.go:213","message":"gRPC: GetSubscription requested"}
{"level":"info","workspace_id":"3158a53b-6f67-4399-b590-0b0bf2fa7ef1","environment_id":"6939dfdc-7c91-4627-9547-0b7882f2e816","time":"2026-05-01T09:22:00+05:30","caller":"C:/billing-service/internal/handlers/grpc.go:248","message":"gRPC: GetUsage requested"}
{"level":"info","workspace_id":"3158a53b-6f67-4399-b590-0b0bf2fa7ef1","time":"2026-05-01T09:22:23+05:30","caller":"C:/billing-service/internal/handlers/grpc.go:213","message":"gRPC: GetSubscription requested"}
{"level":"info","workspace_id":"3158a53b-6f67-4399-b590-0b0bf2fa7ef1","environment_id":"6939dfdc-7c91-4627-9547-0b7882f2e816","time":"2026-05-01T09:22:23+05:30","caller":"C:/billing-service/internal/handlers/grpc.go:248","message":"gRPC: GetUsage requested"}
{"level":"info","time":"2026-05-01T09:30:08+05:30","caller":"C:/billing-service/cmd/cmd.go:63","message":"🛑 Received shutdown signal. Starting graceful shutdown..."}
{"level":"info","time":"2026-05-01T09:30:08+05:30","caller":"C:/billing-service/internal/cron/schdeuler.go:86","message":"scheduler stopped"}
{"level":"info","time":"2026-05-01T09:30:08+05:30","caller":"C:/billing-service/cmd/cmd.go:94","message":"❌ Service is gracefully stopping"}
{"level":"info","time":"2026-05-01T09:30:08+05:30","caller":"C:/billing-service/cmd/cmd.go:102","message":"HTTP server stopped gracefully"}
{"level":"info","time":"2026-05-01T09:30:09+05:30","caller":"C:/billing-service/cmd/cmd.go:112","message":"gRPC server stopped gracefully"}
{"level":"info","time":"2026-05-01T09:30:30+05:30","caller":"C:/billing-service/internal/app/app.go:34","message":"Starting billing service..."}
{"level":"info","time":"2026-05-01T09:30:30+05:30","caller":"C:/billing-service/cmd/cmd.go:56","message":"🟢 Service is fully started and running. Waiting for signals..."}
{"level":"info","time":"2026-05-01T09:30:30+05:30","caller":"C:/billing-service/cmd/cmd.go:52","message":"Starting subscription expiry scheduler"}
{"level":"info","port":"8081","time":"2026-05-01T09:30:30+05:30","caller":"C:/billing-service/cmd/cmd.go:45","message":"Starting HTTP server"}
{"level":"info","service":"billing-service","addr":":50051","time":"2026-05-01T09:30:30+05:30","caller":"C:/billing-service/cmd/cmd.go:36","message":"Starting gRPC server"}
{"level":"info","interval":3600000,"time":"2026-05-01T09:30:30+05:30","caller":"C:/billing-service/internal/cron/schdeuler.go:79","message":"scheduler started"}
{"level":"info","workspace_id":"3158a53b-6f67-4399-b590-0b0bf2fa7ef1","environment_id":"6939dfdc-7c91-4627-9547-0b7882f2e816","time":"2026-05-01T09:30:46+05:30","caller":"C:/billing-service/internal/handlers/grpc.go:248","message":"gRPC: GetUsage requested"}
{"level":"info","workspace_id":"3158a53b-6f67-4399-b590-0b0bf2fa7ef1","time":"2026-05-01T09:30:46+05:30","caller":"C:/billing-service/internal/handlers/grpc.go:213","message":"gRPC: GetSubscription requested"}
{"level":"info","workspace_id":"3158a53b-6f67-4399-b590-0b0bf2fa7ef1","time":"2026-05-01T09:30:50+05:30","caller":"C:/billing-service/internal/handlers/grpc.go:213","message":"gRPC: GetSubscription requested"}
{"level":"info","workspace_id":"3158a53b-6f67-4399-b590-0b0bf2fa7ef1","environment_id":"6939dfdc-7c91-4627-9547-0b7882f2e816","time":"2026-05-01T09:30:50+05:30","caller":"C:/billing-service/internal/handlers/grpc.go:248","message":"gRPC: GetUsage requested"}
{"level":"info","workspace_id":"3158a53b-6f67-4399-b590-0b0bf2fa7ef1","plan_id":"84d323c3-bc5b-48e0-8483-882b6a876354","customer_email":"sreenand@gmail.com","time":"2026-05-01T09:30:53+05:30","caller":"C:/billing-service/internal/handlers/grpc.go:296","message":"gRPC: CreateCheckoutSession requested"}
{"level":"info","component":"stripe_provider","session_id":"cs_test_a1vk8bNJdIXAao0d2U4bSSb7Z4O93A6sDLPnI8UmKQY3O8CaPWCTiYhVua","workspace_id":"3158a53b-6f67-4399-b590-0b0bf2fa7ef1","time":"2026-05-01T09:30:56+05:30","caller":"C:/billing-service/internal/stripe/client.go:94","message":"stripe checkout session created"}
{"level":"info","component":"stripe_provider","event_type":"payment_method.attached","event_id":"evt_1TS8GW0yF76gbNAzis74EQDW","time":"2026-05-01T09:31:25+05:30","caller":"C:/billing-service/internal/stripe/client.go:41","message":"stripe event received"}
{"level":"info","component":"stripe_provider","event_type":"customer.created","event_id":"evt_1TS8GW0yF76gbNAzZefdZwuL","time":"2026-05-01T09:31:25+05:30","caller":"C:/billing-service/internal/stripe/client.go:41","message":"stripe event received"}
{"level":"info","component":"stripe_provider","event_type":"customer.updated","event_id":"evt_1TS8GW0yF76gbNAzxgpoAlEb","time":"2026-05-01T09:31:25+05:30","caller":"C:/billing-service/internal/stripe/client.go:41","message":"stripe event received"}
{"level":"info","component":"stripe_provider","event_type":"charge.succeeded","event_id":"evt_3TS8GT0yF76gbNAz1HHSFZt7","time":"2026-05-01T09:31:25+05:30","caller":"C:/billing-service/internal/stripe/client.go:41","message":"stripe event received"}
{"level":"info","component":"stripe_provider","event_type":"customer.subscription.created","event_id":"evt_1TS8GW0yF76gbNAzOuBpTfGp","time":"2026-05-01T09:31:27+05:30","caller":"C:/billing-service/internal/stripe/client.go:41","message":"stripe event received"}
{"level":"info","component":"stripe_provider","event_type":"payment_intent.succeeded","event_id":"evt_3TS8GT0yF76gbNAz1miFayTJ","time":"2026-05-01T09:31:27+05:30","caller":"C:/billing-service/internal/stripe/client.go:41","message":"stripe event received"}
{"level":"info","component":"stripe_provider","event_type":"payment_intent.created","event_id":"evt_3TS8GT0yF76gbNAz1DJs5o3n","time":"2026-05-01T09:31:27+05:30","caller":"C:/billing-service/internal/stripe/client.go:41","message":"stripe event received"}
{"level":"info","component":"stripe_provider","event_type":"invoice.created","event_id":"evt_1TS8GX0yF76gbNAz3QI5SXUI","time":"2026-05-01T09:31:28+05:30","caller":"C:/billing-service/internal/stripe/client.go:41","message":"stripe event received"}
{"level":"info","component":"stripe_provider","event_type":"invoice.finalized","event_id":"evt_1TS8GX0yF76gbNAzPL1CAmGD","time":"2026-05-01T09:31:28+05:30","caller":"C:/billing-service/internal/stripe/client.go:41","message":"stripe event received"}
{"level":"info","component":"stripe_provider","event_type":"checkout.session.completed","event_id":"evt_1TS8GX0yF76gbNAzb92J3CEg","time":"2026-05-01T09:31:29+05:30","caller":"C:/billing-service/internal/stripe/client.go:41","message":"stripe event received"}
{"level":"info","component":"stripe_provider","event_type":"invoice.paid","event_id":"evt_1TS8GX0yF76gbNAzydDe2YH4","time":"2026-05-01T09:31:29+05:30","caller":"C:/billing-service/internal/stripe/client.go:41","message":"stripe event received"}
{"level":"info","component":"stripe_provider","workspace_id":"3158a53b-6f67-4399-b590-0b0bf2fa7ef1","plan_id":"84d323c3-bc5b-48e0-8483-882b6a876354","subscription_id":"sub_1TS8GU0yF76gbNAzO856Nb01","time":"2026-05-01T09:31:29+05:30","caller":"C:/billing-service/internal/stripe/client.go:147","message":"✅ Checkout session metadata parsed successfully"}
{"level":"info","session_id":"cs_test_a1vk8bNJdIXAao0d2U4bSSb7Z4O93A6sDLPnI8UmKQY3O8CaPWCTiYhVua","time":"2026-05-01T09:31:29+05:30","caller":"C:/billing-service/internal/handlers/grpc.go:311","message":"gRPC: GetCheckoutSession requested"}
{"level":"info","component":"stripe_provider","event_type":"invoice.payment_succeeded","event_id":"evt_1TS8GX0yF76gbNAz3vuArp1u","time":"2026-05-01T09:31:29+05:30","caller":"C:/billing-service/internal/stripe/client.go:41","message":"stripe event received"}
{"level":"info","component":"stripe_provider","invoice_id":"in_1TS8GS0yF76gbNAzKltO0UX2","subscription_id":"sub_1TS8GU0yF76gbNAzO856Nb01","time":"2026-05-01T09:31:29+05:30","caller":"C:/billing-service/internal/stripe/client.go:256","message":"💰 Invoice payment succeeded event parsed"}
{"level":"info","event_type":"payment.succeeded","time":"2026-05-01T09:31:29+05:30","caller":"C:/billing-service/internal/handlers/webhook.go:55","message":"📥 Received billing event"}
{"level":"info","external_subscription_id":"sub_1TS8GU0yF76gbNAzO856Nb01","time":"2026-05-01T09:31:29+05:30","caller":"C:/billing-service/internal/handlers/webhook.go:175","message":"Skipping payment_succeeded: subscription not found (likely initial checkout)"}
{"level":"info","event_type":"payment.succeeded","external_subscription_id":"sub_1TS8GU0yF76gbNAzO856Nb01","time":"2026-05-01T09:31:29+05:30","caller":"C:/billing-service/internal/handlers/webhook.go:87","message":"✅ Successfully processed billing event"}
{"level":"info","component":"stripe_provider","period_start":1777608080,"period_end":1780286480,"time":"2026-05-01T09:31:30+05:30","caller":"C:/billing-service/internal/stripe/client.go:156","message":"stripe subscription period dates"}
{"level":"info","event_type":"subscription.created","time":"2026-05-01T09:31:30+05:30","caller":"C:/billing-service/internal/handlers/webhook.go:55","message":"📥 Received billing event"}
{"level":"info","external_subscription_id":"sub_1TS8GU0yF76gbNAzO856Nb01","time":"2026-05-01T09:31:30+05:30","caller":"C:/billing-service/internal/handlers/webhook.go:99","message":"⏳ Creating new subscription from webhook..."}
{"level":"info","session_id":"cs_test_a1vk8bNJdIXAao0d2U4bSSb7Z4O93A6sDLPnI8UmKQY3O8CaPWCTiYhVua","time":"2026-05-01T09:31:30+05:30","caller":"C:/billing-service/internal/handlers/grpc.go:311","message":"gRPC: GetCheckoutSession requested"}
{"level":"info","external_subscription_id":"sub_1TS8GU0yF76gbNAzO856Nb01","time":"2026-05-01T09:31:30+05:30","caller":"C:/billing-service/internal/handlers/webhook.go:114","message":"🆕 Subscription created successfully"}
{"level":"info","event_type":"subscription.created","external_subscription_id":"sub_1TS8GU0yF76gbNAzO856Nb01","time":"2026-05-01T09:31:30+05:30","caller":"C:/billing-service/internal/handlers/webhook.go:87","message":"✅ Successfully processed billing event"}
{"level":"info","workspace_id":"3158a53b-6f67-4399-b590-0b0bf2fa7ef1","time":"2026-05-01T09:31:44+05:30","caller":"C:/billing-service/internal/handlers/grpc.go:213","message":"gRPC: GetSubscription requested"}
{"level":"info","workspace_id":"3158a53b-6f67-4399-b590-0b0bf2fa7ef1","environment_id":"6939dfdc-7c91-4627-9547-0b7882f2e816","time":"2026-05-01T09:31:44+05:30","caller":"C:/billing-service/internal/handlers/grpc.go:248","message":"gRPC: GetUsage requested"}
{"level":"info","component":"stripe_provider","event_type":"invoice_payment.paid","event_id":"evt_1TS8H00yF76gbNAzAUXyaa7X","time":"2026-05-01T09:31:53+05:30","caller":"C:/billing-service/internal/stripe/client.go:41","message":"stripe event received"}
{"level":"info","workspace_id":"3158a53b-6f67-4399-b590-0b0bf2fa7ef1","time":"2026-05-01T09:31:54+05:30","caller":"C:/billing-service/internal/handlers/grpc.go:213","message":"gRPC: GetSubscription requested"}
{"level":"info","workspace_id":"3158a53b-6f67-4399-b590-0b0bf2fa7ef1","environment_id":"6939dfdc-7c91-4627-9547-0b7882f2e816","time":"2026-05-01T09:31:54+05:30","caller":"C:/billing-service/internal/handlers/grpc.go:248","message":"gRPC: GetUsage requested"}
{"level":"info","time":"2026-05-01T09:32:34+05:30","caller":"C:/billing-service/internal/cron/schdeuler.go:86","message":"scheduler stopped"}
{"level":"info","time":"2026-05-01T09:32:34+05:30","caller":"C:/billing-service/cmd/cmd.go:63","message":"🛑 Received shutdown signal. Starting graceful shutdown..."}
{"level":"info","time":"2026-05-01T09:32:34+05:30","caller":"C:/billing-service/cmd/cmd.go:94","message":"❌ Service is gracefully stopping"}
{"level":"info","time":"2026-05-01T09:32:34+05:30","caller":"C:/billing-service/cmd/cmd.go:102","message":"HTTP server stopped gracefully"}
{"level":"info","time":"2026-05-01T09:32:34+05:30","caller":"C:/billing-service/cmd/cmd.go:112","message":"gRPC server stopped gracefully"}
{"level":"info","time":"2026-05-01T09:32:56+05:30","caller":"C:/billing-service/internal/app/app.go:34","message":"Starting billing service..."}
{"level":"info","time":"2026-05-01T09:32:56+05:30","caller":"C:/billing-service/cmd/cmd.go:56","message":"🟢 Service is fully started and running. Waiting for signals..."}
{"level":"info","service":"billing-service","addr":":50051","time":"2026-05-01T09:32:56+05:30","caller":"C:/billing-service/cmd/cmd.go:36","message":"Starting gRPC server"}
{"level":"info","port":"8081","time":"2026-05-01T09:32:56+05:30","caller":"C:/billing-service/cmd/cmd.go:45","message":"Starting HTTP server"}
{"level":"info","time":"2026-05-01T09:32:56+05:30","caller":"C:/billing-service/cmd/cmd.go:52","message":"Starting subscription expiry scheduler"}
{"level":"info","interval":3600000,"time":"2026-05-01T09:32:56+05:30","caller":"C:/billing-service/internal/cron/schdeuler.go:79","message":"scheduler started"}
{"level":"info","workspace_id":"814e0d17-c0da-47c5-a146-a0da0af4b0a9","time":"2026-05-01T09:34:44+05:30","caller":"C:/billing-service/internal/handlers/grpc.go:213","message":"gRPC: GetSubscription requested"}
{"level":"info","workspace_id":"814e0d17-c0da-47c5-a146-a0da0af4b0a9","environment_id":"6a3e9001-ad7f-4335-9341-8d9e8eafbf53","time":"2026-05-01T09:34:44+05:30","caller":"C:/billing-service/internal/handlers/grpc.go:248","message":"gRPC: GetUsage requested"}
{"level":"info","workspace_id":"814e0d17-c0da-47c5-a146-a0da0af4b0a9","plan_id":"ad8bd5c9-33be-412e-bd77-bc523936d14a","customer_email":"ashif@gmail.com","time":"2026-05-01T09:34:47+05:30","caller":"C:/billing-service/internal/handlers/grpc.go:296","message":"gRPC: CreateCheckoutSession requested"}
{"level":"info","component":"stripe_provider","session_id":"cs_test_a1MT4IaS0wHqIotcgXvF2XL8fHwyRfHvlP8jSfQ7YXEuzGO1nd8EWpmXIa","workspace_id":"814e0d17-c0da-47c5-a146-a0da0af4b0a9","time":"2026-05-01T09:34:48+05:30","caller":"C:/billing-service/internal/stripe/client.go:94","message":"stripe checkout session created"}
{"level":"info","component":"stripe_provider","event_type":"charge.succeeded","event_id":"evt_3TS8K30yF76gbNAz1A3aRLDe","time":"2026-05-01T09:35:06+05:30","caller":"C:/billing-service/internal/stripe/client.go:41","message":"stripe event received"}
{"level":"info","component":"stripe_provider","event_type":"customer.created","event_id":"evt_1TS8K60yF76gbNAzUgC5qd5s","time":"2026-05-01T09:35:07+05:30","caller":"C:/billing-service/internal/stripe/client.go:41","message":"stripe event received"}
{"level":"info","component":"stripe_provider","event_type":"checkout.session.completed","event_id":"evt_1TS8K60yF76gbNAzPlgOHQaP","time":"2026-05-01T09:35:07+05:30","caller":"C:/billing-service/internal/stripe/client.go:41","message":"stripe event received"}
{"level":"info","component":"stripe_provider","event_type":"customer.updated","event_id":"evt_1TS8K60yF76gbNAzRczvB6nc","time":"2026-05-01T09:35:07+05:30","caller":"C:/billing-service/internal/stripe/client.go:41","message":"stripe event received"}
{"level":"info","component":"stripe_provider","workspace_id":"814e0d17-c0da-47c5-a146-a0da0af4b0a9","plan_id":"ad8bd5c9-33be-412e-bd77-bc523936d14a","subscription_id":"sub_1TS8K40yF76gbNAz6QamDHOW","time":"2026-05-01T09:35:07+05:30","caller":"C:/billing-service/internal/stripe/client.go:147","message":"✅ Checkout session metadata parsed successfully"}
{"level":"info","component":"stripe_provider","event_type":"payment_method.attached","event_id":"evt_1TS8K60yF76gbNAzjyd6xBcm","time":"2026-05-01T09:35:07+05:30","caller":"C:/billing-service/internal/stripe/client.go:41","message":"stripe event received"}
{"level":"info","component":"stripe_provider","event_type":"customer.subscription.created","event_id":"evt_1TS8K60yF76gbNAzonwjKiq5","time":"2026-05-01T09:35:08+05:30","caller":"C:/billing-service/internal/stripe/client.go:41","message":"stripe event received"}
{"level":"info","component":"stripe_provider","period_start":1777608302,"period_end":1780286702,"time":"2026-05-01T09:35:08+05:30","caller":"C:/billing-service/internal/stripe/client.go:156","message":"stripe subscription period dates"}
{"level":"info","event_type":"subscription.created","time":"2026-05-01T09:35:08+05:30","caller":"C:/billing-service/internal/handlers/webhook.go:55","message":"📥 Received billing event"}
{"level":"info","component":"stripe_provider","event_type":"payment_intent.succeeded","event_id":"evt_3TS8K30yF76gbNAz1cQ1Plks","time":"2026-05-01T09:35:08+05:30","caller":"C:/billing-service/internal/stripe/client.go:41","message":"stripe event received"}
{"level":"info","external_subscription_id":"sub_1TS8K40yF76gbNAz6QamDHOW","time":"2026-05-01T09:35:08+05:30","caller":"C:/billing-service/internal/handlers/webhook.go:99","message":"⏳ Creating new subscription from webhook..."}
{"level":"info","component":"stripe_provider","event_type":"payment_intent.created","event_id":"evt_3TS8K30yF76gbNAz1B5UwqZ4","time":"2026-05-01T09:35:08+05:30","caller":"C:/billing-service/internal/stripe/client.go:41","message":"stripe event received"}
{"level":"info","component":"stripe_provider","event_type":"invoice.created","event_id":"evt_1TS8K60yF76gbNAzDm4Vkdyy","time":"2026-05-01T09:35:08+05:30","caller":"C:/billing-service/internal/stripe/client.go:41","message":"stripe event received"}
{"level":"info","component":"stripe_provider","event_type":"invoice.finalized","event_id":"evt_1TS8K70yF76gbNAz7E0ySatY","time":"2026-05-01T09:35:08+05:30","caller":"C:/billing-service/internal/stripe/client.go:41","message":"stripe event received"}
{"level":"info","external_subscription_id":"sub_1TS8K40yF76gbNAz6QamDHOW","time":"2026-05-01T09:35:08+05:30","caller":"C:/billing-service/internal/handlers/webhook.go:114","message":"🆕 Subscription created successfully"}
{"level":"info","event_type":"subscription.created","external_subscription_id":"sub_1TS8K40yF76gbNAz6QamDHOW","time":"2026-05-01T09:35:08+05:30","caller":"C:/billing-service/internal/handlers/webhook.go:87","message":"✅ Successfully processed billing event"}
{"level":"info","component":"stripe_provider","event_type":"invoice.paid","event_id":"evt_1TS8K70yF76gbNAzHsvEW1z8","time":"2026-05-01T09:35:08+05:30","caller":"C:/billing-service/internal/stripe/client.go:41","message":"stripe event received"}
{"level":"info","component":"stripe_provider","event_type":"invoice.payment_succeeded","event_id":"evt_1TS8K70yF76gbNAzaIMGSjRJ","time":"2026-05-01T09:35:08+05:30","caller":"C:/billing-service/internal/stripe/client.go:41","message":"stripe event received"}
{"level":"info","component":"stripe_provider","invoice_id":"in_1TS8K20yF76gbNAziJrh31mQ","subscription_id":"sub_1TS8K40yF76gbNAz6QamDHOW","time":"2026-05-01T09:35:08+05:30","caller":"C:/billing-service/internal/stripe/client.go:256","message":"💰 Invoice payment succeeded event parsed"}
{"level":"info","event_type":"payment.succeeded","time":"2026-05-01T09:35:08+05:30","caller":"C:/billing-service/internal/handlers/webhook.go:55","message":"📥 Received billing event"}
{"level":"info","external_subscription_id":"sub_1TS8K40yF76gbNAz6QamDHOW","time":"2026-05-01T09:35:08+05:30","caller":"C:/billing-service/internal/handlers/webhook.go:189","message":"💰 Recurring payment succeeded and subscription synced"}
{"level":"info","event_type":"payment.succeeded","external_subscription_id":"sub_1TS8K40yF76gbNAz6QamDHOW","time":"2026-05-01T09:35:08+05:30","caller":"C:/billing-service/internal/handlers/webhook.go:87","message":"✅ Successfully processed billing event"}
{"level":"info","session_id":"cs_test_a1MT4IaS0wHqIotcgXvF2XL8fHwyRfHvlP8jSfQ7YXEuzGO1nd8EWpmXIa","time":"2026-05-01T09:35:09+05:30","caller":"C:/billing-service/internal/handlers/grpc.go:311","message":"gRPC: GetCheckoutSession requested"}
{"level":"info","session_id":"cs_test_a1MT4IaS0wHqIotcgXvF2XL8fHwyRfHvlP8jSfQ7YXEuzGO1nd8EWpmXIa","time":"2026-05-01T09:35:09+05:30","caller":"C:/billing-service/internal/handlers/grpc.go:311","message":"gRPC: GetCheckoutSession requested"}
{"level":"info","workspace_id":"814e0d17-c0da-47c5-a146-a0da0af4b0a9","time":"2026-05-01T09:35:12+05:30","caller":"C:/billing-service/internal/handlers/grpc.go:213","message":"gRPC: GetSubscription requested"}
{"level":"info","workspace_id":"814e0d17-c0da-47c5-a146-a0da0af4b0a9","environment_id":"6a3e9001-ad7f-4335-9341-8d9e8eafbf53","time":"2026-05-01T09:35:12+05:30","caller":"C:/billing-service/internal/handlers/grpc.go:248","message":"gRPC: GetUsage requested"}
{"level":"info","workspace_id":"814e0d17-c0da-47c5-a146-a0da0af4b0a9","environment_id":"6a3e9001-ad7f-4335-9341-8d9e8eafbf53","time":"2026-05-01T09:35:20+05:30","caller":"C:/billing-service/internal/handlers/grpc.go:248","message":"gRPC: GetUsage requested"}
{"level":"info","workspace_id":"814e0d17-c0da-47c5-a146-a0da0af4b0a9","time":"2026-05-01T09:35:20+05:30","caller":"C:/billing-service/internal/handlers/grpc.go:213","message":"gRPC: GetSubscription requested"}
{"level":"info","component":"stripe_provider","event_type":"invoice_payment.paid","event_id":"evt_1TS8KS0yF76gbNAzlQUdlEAy","time":"2026-05-01T09:35:27+05:30","caller":"C:/billing-service/internal/stripe/client.go:41","message":"stripe event received"}
{"level":"info","time":"2026-05-01T09:37:36+05:30","caller":"C:/billing-service/cmd/cmd.go:63","message":"🛑 Received shutdown signal. Starting graceful shutdown..."}
{"level":"info","time":"2026-05-01T09:37:36+05:30","caller":"C:/billing-service/internal/cron/schdeuler.go:86","message":"scheduler stopped"}
{"level":"info","time":"2026-05-01T09:37:36+05:30","caller":"C:/billing-service/cmd/cmd.go:94","message":"❌ Service is gracefully stopping"}
{"level":"info","time":"2026-05-01T09:37:36+05:30","caller":"C:/billing-service/cmd/cmd.go:102","message":"HTTP server stopped gracefully"}
{"level":"info","time":"2026-05-01T09:37:36+05:30","caller":"C:/billing-service/cmd/cmd.go:112","message":"gRPC server stopped gracefully"}
{"level":"info","time":"2026-05-01T09:38:00+05:30","caller":"C:/billing-service/internal/app/app.go:34","message":"Starting billing service..."}
{"level":"info","time":"2026-05-01T09:38:01+05:30","caller":"C:/billing-service/cmd/cmd.go:56","message":"🟢 Service is fully started and running. Waiting for signals..."}
{"level":"info","service":"billing-service","addr":":50051","time":"2026-05-01T09:38:01+05:30","caller":"C:/billing-service/cmd/cmd.go:36","message":"Starting gRPC server"}
{"level":"info","time":"2026-05-01T09:38:01+05:30","caller":"C:/billing-service/cmd/cmd.go:52","message":"Starting subscription expiry scheduler"}
{"level":"info","port":"8081","time":"2026-05-01T09:38:01+05:30","caller":"C:/billing-service/cmd/cmd.go:45","message":"Starting HTTP server"}
{"level":"info","interval":3600000,"time":"2026-05-01T09:38:01+05:30","caller":"C:/billing-service/internal/cron/schdeuler.go:79","message":"scheduler started"}
{"level":"info","workspace_id":"814e0d17-c0da-47c5-a146-a0da0af4b0a9","time":"2026-05-01T09:38:12+05:30","caller":"C:/billing-service/internal/handlers/grpc.go:213","message":"gRPC: GetSubscription requested"}
{"level":"info","workspace_id":"814e0d17-c0da-47c5-a146-a0da0af4b0a9","environment_id":"6a3e9001-ad7f-4335-9341-8d9e8eafbf53","time":"2026-05-01T09:38:12+05:30","caller":"C:/billing-service/internal/handlers/grpc.go:248","message":"gRPC: GetUsage requested"}
{"level":"info","workspace_id":"814e0d17-c0da-47c5-a146-a0da0af4b0a9","time":"2026-05-01T09:38:15+05:30","caller":"C:/billing-service/internal/handlers/grpc.go:213","message":"gRPC: GetSubscription requested"}
{"level":"info","workspace_id":"814e0d17-c0da-47c5-a146-a0da0af4b0a9","environment_id":"6a3e9001-ad7f-4335-9341-8d9e8eafbf53","time":"2026-05-01T09:38:15+05:30","caller":"C:/billing-service/internal/handlers/grpc.go:248","message":"gRPC: GetUsage requested"}
{"level":"info","workspace_id":"814e0d17-c0da-47c5-a146-a0da0af4b0a9","plan_id":"ad8bd5c9-33be-412e-bd77-bc523936d14a","customer_email":"ashif@gmail.com","time":"2026-05-01T09:38:20+05:30","caller":"C:/billing-service/internal/handlers/grpc.go:296","message":"gRPC: CreateCheckoutSession requested"}
{"level":"info","component":"stripe_provider","session_id":"cs_test_a1qXwnsxeoHuafXXONPXPpJh3cB1tqgCibGll0uNYNB1zJ6OxyLnCS4eH4","workspace_id":"814e0d17-c0da-47c5-a146-a0da0af4b0a9","time":"2026-05-01T09:38:26+05:30","caller":"C:/billing-service/internal/stripe/client.go:94","message":"stripe checkout session created"}
{"level":"info","component":"stripe_provider","event_type":"charge.succeeded","event_id":"evt_3TS8Nn0yF76gbNAz0KjqygQY","time":"2026-05-01T09:38:57+05:30","caller":"C:/billing-service/internal/stripe/client.go:41","message":"stripe event received"}
{"level":"info","component":"stripe_provider","event_type":"customer.created","event_id":"evt_1TS8Nq0yF76gbNAzCOQApqQA","time":"2026-05-01T09:38:57+05:30","caller":"C:/billing-service/internal/stripe/client.go:41","message":"stripe event received"}
{"level":"info","component":"stripe_provider","event_type":"customer.updated","event_id":"evt_1TS8Nq0yF76gbNAzuR8Pn1oD","time":"2026-05-01T09:38:57+05:30","caller":"C:/billing-service/internal/stripe/client.go:41","message":"stripe event received"}
{"level":"info","component":"stripe_provider","event_type":"payment_method.attached","event_id":"evt_1TS8Nq0yF76gbNAzPCgzrw0s","time":"2026-05-01T09:38:57+05:30","caller":"C:/billing-service/internal/stripe/client.go:41","message":"stripe event received"}
{"level":"info","component":"stripe_provider","event_type":"customer.subscription.created","event_id":"evt_1TS8Nq0yF76gbNAz858b4CvT","time":"2026-05-01T09:38:57+05:30","caller":"C:/billing-service/internal/stripe/client.go:41","message":"stripe event received"}
{"level":"info","component":"stripe_provider","event_type":"payment_intent.created","event_id":"evt_3TS8Nn0yF76gbNAz0xJyc9Wk","time":"2026-05-01T09:38:58+05:30","caller":"C:/billing-service/internal/stripe/client.go:41","message":"stripe event received"}
{"level":"info","component":"stripe_provider","event_type":"payment_intent.succeeded","event_id":"evt_3TS8Nn0yF76gbNAz0U3yW4Fl","time":"2026-05-01T09:38:58+05:30","caller":"C:/billing-service/internal/stripe/client.go:41","message":"stripe event received"}
{"level":"info","component":"stripe_provider","event_type":"invoice.created","event_id":"evt_1TS8Nq0yF76gbNAzpLWLUc6w","time":"2026-05-01T09:38:58+05:30","caller":"C:/billing-service/internal/stripe/client.go:41","message":"stripe event received"}
{"level":"info","component":"stripe_provider","event_type":"checkout.session.completed","event_id":"evt_1TS8Nq0yF76gbNAzIAQgz6sa","time":"2026-05-01T09:38:58+05:30","caller":"C:/billing-service/internal/stripe/client.go:41","message":"stripe event received"}
{"level":"info","component":"stripe_provider","workspace_id":"814e0d17-c0da-47c5-a146-a0da0af4b0a9","plan_id":"ad8bd5c9-33be-412e-bd77-bc523936d14a","subscription_id":"sub_1TS8No0yF76gbNAzKZ3yGWss","time":"2026-05-01T09:38:58+05:30","caller":"C:/billing-service/internal/stripe/client.go:147","message":"✅ Checkout session metadata parsed successfully"}
{"level":"info","component":"stripe_provider","event_type":"invoice.finalized","event_id":"evt_1TS8Nq0yF76gbNAzt1BPtYXs","time":"2026-05-01T09:38:58+05:30","caller":"C:/billing-service/internal/stripe/client.go:41","message":"stripe event received"}
{"level":"info","component":"stripe_provider","period_start":1777608534,"period_end":1780286934,"time":"2026-05-01T09:38:58+05:30","caller":"C:/billing-service/internal/stripe/client.go:156","message":"stripe subscription period dates"}
{"level":"info","event_type":"subscription.created","time":"2026-05-01T09:38:58+05:30","caller":"C:/billing-service/internal/handlers/webhook.go:55","message":"📥 Received billing event"}
{"level":"info","external_subscription_id":"sub_1TS8No0yF76gbNAzKZ3yGWss","time":"2026-05-01T09:38:58+05:30","caller":"C:/billing-service/internal/handlers/webhook.go:99","message":"⏳ Creating new subscription from webhook..."}
{"level":"info","external_subscription_id":"sub_1TS8No0yF76gbNAzKZ3yGWss","time":"2026-05-01T09:38:58+05:30","caller":"C:/billing-service/internal/handlers/webhook.go:114","message":"🆕 Subscription created successfully"}
{"level":"info","event_type":"subscription.created","external_subscription_id":"sub_1TS8No0yF76gbNAzKZ3yGWss","time":"2026-05-01T09:38:58+05:30","caller":"C:/billing-service/internal/handlers/webhook.go:87","message":"✅ Successfully processed billing event"}
{"level":"info","component":"stripe_provider","event_type":"invoice.paid","event_id":"evt_1TS8Ns0yF76gbNAz5Z5ZbwHk","time":"2026-05-01T09:38:59+05:30","caller":"C:/billing-service/internal/stripe/client.go:41","message":"stripe event received"}
{"level":"info","session_id":"cs_test_a1qXwnsxeoHuafXXONPXPpJh3cB1tqgCibGll0uNYNB1zJ6OxyLnCS4eH4","time":"2026-05-01T09:39:01+05:30","caller":"C:/billing-service/internal/handlers/grpc.go:311","message":"gRPC: GetCheckoutSession requested"}
{"level":"info","component":"stripe_provider","event_type":"invoice.payment_succeeded","event_id":"evt_1TS8Nt0yF76gbNAzvEC11kYb","time":"2026-05-01T09:39:01+05:30","caller":"C:/billing-service/internal/stripe/client.go:41","message":"stripe event received"}
{"level":"info","component":"stripe_provider","invoice_id":"in_1TS8Nm0yF76gbNAzCljLFkCz","subscription_id":"sub_1TS8No0yF76gbNAzKZ3yGWss","time":"2026-05-01T09:39:01+05:30","caller":"C:/billing-service/internal/stripe/client.go:256","message":"💰 Invoice payment succeeded event parsed"}
{"level":"info","event_type":"payment.succeeded","time":"2026-05-01T09:39:01+05:30","caller":"C:/billing-service/internal/handlers/webhook.go:55","message":"📥 Received billing event"}
{"level":"info","external_subscription_id":"sub_1TS8No0yF76gbNAzKZ3yGWss","time":"2026-05-01T09:39:01+05:30","caller":"C:/billing-service/internal/handlers/webhook.go:189","message":"💰 Recurring payment succeeded and subscription synced"}
{"level":"info","event_type":"payment.succeeded","external_subscription_id":"sub_1TS8No0yF76gbNAzKZ3yGWss","time":"2026-05-01T09:39:01+05:30","caller":"C:/billing-service/internal/handlers/webhook.go:87","message":"✅ Successfully processed billing event"}
{"level":"info","session_id":"cs_test_a1qXwnsxeoHuafXXONPXPpJh3cB1tqgCibGll0uNYNB1zJ6OxyLnCS4eH4","time":"2026-05-01T09:39:01+05:30","caller":"C:/billing-service/internal/handlers/grpc.go:311","message":"gRPC: GetCheckoutSession requested"}
{"level":"info","workspace_id":"814e0d17-c0da-47c5-a146-a0da0af4b0a9","time":"2026-05-01T09:39:04+05:30","caller":"C:/billing-service/internal/handlers/grpc.go:213","message":"gRPC: GetSubscription requested"}
{"level":"info","workspace_id":"814e0d17-c0da-47c5-a146-a0da0af4b0a9","environment_id":"6a3e9001-ad7f-4335-9341-8d9e8eafbf53","time":"2026-05-01T09:39:04+05:30","caller":"C:/billing-service/internal/handlers/grpc.go:248","message":"gRPC: GetUsage requested"}
{"level":"info","component":"stripe_provider","event_type":"invoice_payment.paid","event_id":"evt_1TS8Op0yF76gbNAzI7ZdEx0g","time":"2026-05-01T09:39:58+05:30","caller":"C:/billing-service/internal/stripe/client.go:41","message":"stripe event received"}
{"level":"info","time":"2026-05-01T09:41:17+05:30","caller":"C:/billing-service/internal/cron/schdeuler.go:86","message":"scheduler stopped"}
{"level":"info","time":"2026-05-01T09:41:17+05:30","caller":"C:/billing-service/cmd/cmd.go:63","message":"🛑 Received shutdown signal. Starting graceful shutdown..."}
{"level":"info","time":"2026-05-01T09:41:17+05:30","caller":"C:/billing-service/cmd/cmd.go:94","message":"❌ Service is gracefully stopping"}
{"level":"info","time":"2026-05-01T09:41:17+05:30","caller":"C:/billing-service/cmd/cmd.go:102","message":"HTTP server stopped gracefully"}
{"level":"info","time":"2026-05-01T09:41:17+05:30","caller":"C:/billing-service/cmd/cmd.go:112","message":"gRPC server stopped gracefully"}
{"level":"info","time":"2026-05-01T09:41:48+05:30","caller":"C:/billing-service/internal/app/app.go:34","message":"Starting billing service..."}
{"level":"info","time":"2026-05-01T09:41:55+05:30","caller":"C:/billing-service/cmd/cmd.go:56","message":"🟢 Service is fully started and running. Waiting for signals..."}
{"level":"info","port":"8081","time":"2026-05-01T09:41:55+05:30","caller":"C:/billing-service/cmd/cmd.go:45","message":"Starting HTTP server"}
{"level":"info","time":"2026-05-01T09:41:55+05:30","caller":"C:/billing-service/cmd/cmd.go:52","message":"Starting subscription expiry scheduler"}
{"level":"info","service":"billing-service","addr":":50051","time":"2026-05-01T09:41:55+05:30","caller":"C:/billing-service/cmd/cmd.go:36","message":"Starting gRPC server"}
{"level":"info","interval":3600000,"time":"2026-05-01T09:41:55+05:30","caller":"C:/billing-service/internal/cron/schdeuler.go:79","message":"scheduler started"}
{"level":"info","workspace_id":"814e0d17-c0da-47c5-a146-a0da0af4b0a9","time":"2026-05-01T09:42:10+05:30","caller":"C:/billing-service/internal/handlers/grpc.go:213","message":"gRPC: GetSubscription requested"}
{"level":"info","workspace_id":"814e0d17-c0da-47c5-a146-a0da0af4b0a9","environment_id":"6a3e9001-ad7f-4335-9341-8d9e8eafbf53","time":"2026-05-01T09:42:10+05:30","caller":"C:/billing-service/internal/handlers/grpc.go:248","message":"gRPC: GetUsage requested"}
{"level":"info","workspace_id":"814e0d17-c0da-47c5-a146-a0da0af4b0a9","plan_id":"ad8bd5c9-33be-412e-bd77-bc523936d14a","customer_email":"ashif@gmail.com","time":"2026-05-01T09:42:11+05:30","caller":"C:/billing-service/internal/handlers/grpc.go:296","message":"gRPC: CreateCheckoutSession requested"}
{"level":"info","component":"stripe_provider","session_id":"cs_test_a1a4vNHEazRsq9g5s3oyEdzqhybq5DTDTY7B1ZmrNIwrjhOMoBGSKSorDL","workspace_id":"814e0d17-c0da-47c5-a146-a0da0af4b0a9","time":"2026-05-01T09:42:12+05:30","caller":"C:/billing-service/internal/stripe/client.go:94","message":"stripe checkout session created"}
{"level":"info","component":"stripe_provider","event_type":"charge.succeeded","event_id":"evt_3TS8RC0yF76gbNAz1G1YQfhI","time":"2026-05-01T09:42:28+05:30","caller":"C:/billing-service/internal/stripe/client.go:41","message":"stripe event received"}
{"level":"info","component":"stripe_provider","event_type":"payment_method.attached","event_id":"evt_1TS8RF0yF76gbNAzr8L914sN","time":"2026-05-01T09:42:28+05:30","caller":"C:/billing-service/internal/stripe/client.go:41","message":"stripe event received"}
{"level":"info","component":"stripe_provider","event_type":"customer.created","event_id":"evt_1TS8RF0yF76gbNAzBsXtpQDS","time":"2026-05-01T09:42:28+05:30","caller":"C:/billing-service/internal/stripe/client.go:41","message":"stripe event received"}
{"level":"info","component":"stripe_provider","event_type":"customer.updated","event_id":"evt_1TS8RF0yF76gbNAzfgrzjHAm","time":"2026-05-01T09:42:28+05:30","caller":"C:/billing-service/internal/stripe/client.go:41","message":"stripe event received"}
{"level":"info","component":"stripe_provider","event_type":"customer.subscription.created","event_id":"evt_1TS8RF0yF76gbNAzz44cPskL","time":"2026-05-01T09:42:28+05:30","caller":"C:/billing-service/internal/stripe/client.go:41","message":"stripe event received"}
{"level":"info","component":"stripe_provider","event_type":"payment_intent.succeeded","event_id":"evt_3TS8RC0yF76gbNAz153uxo7Z","time":"2026-05-01T09:42:28+05:30","caller":"C:/billing-service/internal/stripe/client.go:41","message":"stripe event received"}
{"level":"info","component":"stripe_provider","event_type":"payment_intent.created","event_id":"evt_3TS8RC0yF76gbNAz1wEb5Mn5","time":"2026-05-01T09:42:28+05:30","caller":"C:/billing-service/internal/stripe/client.go:41","message":"stripe event received"}
{"level":"info","component":"stripe_provider","event_type":"invoice.created","event_id":"evt_1TS8RF0yF76gbNAzakCqTEWW","time":"2026-05-01T09:42:29+05:30","caller":"C:/billing-service/internal/stripe/client.go:41","message":"stripe event received"}
{"level":"info","component":"stripe_provider","event_type":"invoice.finalized","event_id":"evt_1TS8RF0yF76gbNAzolJjUyqo","time":"2026-05-01T09:42:29+05:30","caller":"C:/billing-service/internal/stripe/client.go:41","message":"stripe event received"}
{"level":"info","component":"stripe_provider","event_type":"checkout.session.completed","event_id":"evt_1TS8RF0yF76gbNAztpyBTL80","time":"2026-05-01T09:42:29+05:30","caller":"C:/billing-service/internal/stripe/client.go:41","message":"stripe event received"}
{"level":"info","component":"stripe_provider","workspace_id":"814e0d17-c0da-47c5-a146-a0da0af4b0a9","plan_id":"ad8bd5c9-33be-412e-bd77-bc523936d14a","subscription_id":"sub_1TS8RD0yF76gbNAzKQmRsCPv","time":"2026-05-01T09:42:29+05:30","caller":"C:/billing-service/internal/stripe/client.go:147","message":"✅ Checkout session metadata parsed successfully"}
{"level":"info","component":"stripe_provider","event_type":"invoice.payment_succeeded","event_id":"evt_1TS8RF0yF76gbNAzrH8bJ5DT","time":"2026-05-01T09:42:29+05:30","caller":"C:/billing-service/internal/stripe/client.go:41","message":"stripe event received"}
{"level":"info","component":"stripe_provider","invoice_id":"in_1TS8RB0yF76gbNAzSWY23BFo","subscription_id":"sub_1TS8RD0yF76gbNAzKQmRsCPv","time":"2026-05-01T09:42:29+05:30","caller":"C:/billing-service/internal/stripe/client.go:256","message":"💰 Invoice payment succeeded event parsed"}
{"level":"info","event_type":"payment.succeeded","time":"2026-05-01T09:42:29+05:30","caller":"C:/billing-service/internal/handlers/webhook.go:55","message":"📥 Received billing event"}
{"level":"info","component":"stripe_provider","event_type":"invoice.paid","event_id":"evt_1TS8RF0yF76gbNAzHGdqsRLZ","time":"2026-05-01T09:42:29+05:30","caller":"C:/billing-service/internal/stripe/client.go:41","message":"stripe event received"}
{"level":"info","external_subscription_id":"sub_1TS8RD0yF76gbNAzKQmRsCPv","time":"2026-05-01T09:42:29+05:30","caller":"C:/billing-service/internal/handlers/webhook.go:189","message":"💰 Recurring payment succeeded and subscription synced"}
{"level":"info","event_type":"payment.succeeded","external_subscription_id":"sub_1TS8RD0yF76gbNAzKQmRsCPv","time":"2026-05-01T09:42:29+05:30","caller":"C:/billing-service/internal/handlers/webhook.go:87","message":"✅ Successfully processed billing event"}
{"level":"info","component":"stripe_provider","period_start":1777608745,"period_end":1780287145,"time":"2026-05-01T09:42:30+05:30","caller":"C:/billing-service/internal/stripe/client.go:156","message":"stripe subscription period dates"}
{"level":"info","event_type":"subscription.created","time":"2026-05-01T09:42:30+05:30","caller":"C:/billing-service/internal/handlers/webhook.go:55","message":"📥 Received billing event"}
{"level":"info","external_subscription_id":"sub_1TS8RD0yF76gbNAzKQmRsCPv","time":"2026-05-01T09:42:30+05:30","caller":"C:/billing-service/internal/handlers/webhook.go:99","message":"⏳ Creating new subscription from webhook..."}
{"level":"error","error":"this payment provider ID is already linked to another subscription","event_type":"subscription.created","external_subscription_id":"sub_1TS8RD0yF76gbNAzKQmRsCPv","time":"2026-05-01T09:42:30+05:30","caller":"C:/billing-service/internal/handlers/webhook.go:79","message":"❌ Failed to process billing event"}
{"level":"info","session_id":"cs_test_a1a4vNHEazRsq9g5s3oyEdzqhybq5DTDTY7B1ZmrNIwrjhOMoBGSKSorDL","time":"2026-05-01T09:42:32+05:30","caller":"C:/billing-service/internal/handlers/grpc.go:311","message":"gRPC: GetCheckoutSession requested"}
{"level":"info","session_id":"cs_test_a1a4vNHEazRsq9g5s3oyEdzqhybq5DTDTY7B1ZmrNIwrjhOMoBGSKSorDL","time":"2026-05-01T09:42:32+05:30","caller":"C:/billing-service/internal/handlers/grpc.go:311","message":"gRPC: GetCheckoutSession requested"}
{"level":"info","workspace_id":"814e0d17-c0da-47c5-a146-a0da0af4b0a9","time":"2026-05-01T09:42:35+05:30","caller":"C:/billing-service/internal/handlers/grpc.go:213","message":"gRPC: GetSubscription requested"}
{"level":"info","workspace_id":"814e0d17-c0da-47c5-a146-a0da0af4b0a9","environment_id":"6a3e9001-ad7f-4335-9341-8d9e8eafbf53","time":"2026-05-01T09:42:35+05:30","caller":"C:/billing-service/internal/handlers/grpc.go:248","message":"gRPC: GetUsage requested"}
{"level":"info","component":"stripe_provider","event_type":"invoice_payment.paid","event_id":"evt_1TS8Ri0yF76gbNAzHmy4L8Li","time":"2026-05-01T09:42:57+05:30","caller":"C:/billing-service/internal/stripe/client.go:41","message":"stripe event received"}
{"level":"info","workspace_id":"814e0d17-c0da-47c5-a146-a0da0af4b0a9","environment_id":"6a3e9001-ad7f-4335-9341-8d9e8eafbf53","time":"2026-05-01T10:22:22+05:30","caller":"C:/billing-service/internal/handlers/grpc.go:248","message":"gRPC: GetUsage requested"}
{"level":"info","workspace_id":"814e0d17-c0da-47c5-a146-a0da0af4b0a9","time":"2026-05-01T10:22:22+05:30","caller":"C:/billing-service/internal/handlers/grpc.go:213","message":"gRPC: GetSubscription requested"}
{"level":"info","workspace_id":"65a3daf1-abaf-46d8-8a7c-7ef9c3f0151a","plan_id":"Free","payment_provider":"system","time":"2026-05-01T10:25:06+05:30","caller":"C:/billing-service/internal/handlers/grpc.go:119","message":"gRPC: CreateSubscription request received"}
{"level":"info","workspace_id":"65a3daf1-abaf-46d8-8a7c-7ef9c3f0151a","plan_id":"c4071957-d569-47b0-a778-31ffd9f38af4","payment_provider":"system","time":"2026-05-01T10:25:06+05:30","caller":"C:/billing-service/internal/handlers/grpc.go:152","message":"gRPC: calling Subscribe"}
{"level":"info","subscription_id":"31d5e5ca-f109-4dfa-8b5a-4045e9fdd139","workspace_id":"65a3daf1-abaf-46d8-8a7c-7ef9c3f0151a","time":"2026-05-01T10:25:06+05:30","caller":"C:/billing-service/internal/handlers/grpc.go:169","message":"gRPC: CreateSubscription succeeded"}
{"level":"info","workspace_id":"65a3daf1-abaf-46d8-8a7c-7ef9c3f0151a","time":"2026-05-01T10:25:08+05:30","caller":"C:/billing-service/internal/handlers/grpc.go:213","message":"gRPC: GetSubscription requested"}
{"level":"info","workspace_id":"65a3daf1-abaf-46d8-8a7c-7ef9c3f0151a","environment_id":"a3ab70b3-4d13-47fa-a763-dfe8f73d3513","time":"2026-05-01T10:25:08+05:30","caller":"C:/billing-service/internal/handlers/grpc.go:248","message":"gRPC: GetUsage requested"}
{"level":"info","workspace_id":"65a3daf1-abaf-46d8-8a7c-7ef9c3f0151a","plan_id":"ad8bd5c9-33be-412e-bd77-bc523936d14a","customer_email":"murshid@gmail.com","time":"2026-05-01T10:25:10+05:30","caller":"C:/billing-service/internal/handlers/grpc.go:296","message":"gRPC: CreateCheckoutSession requested"}
{"level":"info","component":"stripe_provider","session_id":"cs_test_a1ccUase8dfs92m4htfxhA8QDAPet5L95PQQb8mdS5eFUTrtSx7UJI2hUW","workspace_id":"65a3daf1-abaf-46d8-8a7c-7ef9c3f0151a","time":"2026-05-01T10:25:11+05:30","caller":"C:/billing-service/internal/stripe/client.go:94","message":"stripe checkout session created"}
{"level":"info","component":"stripe_provider","event_type":"charge.succeeded","event_id":"evt_3TS96l0yF76gbNAz0oSCdCPH","time":"2026-05-01T10:25:25+05:30","caller":"C:/billing-service/internal/stripe/client.go:41","message":"stripe event received"}
{"level":"info","component":"stripe_provider","event_type":"payment_method.attached","event_id":"evt_1TS96o0yF76gbNAzcPGUyWsc","time":"2026-05-01T10:25:25+05:30","caller":"C:/billing-service/internal/stripe/client.go:41","message":"stripe event received"}
{"level":"info","component":"stripe_provider","event_type":"customer.created","event_id":"evt_1TS96o0yF76gbNAzhGvBiw3o","time":"2026-05-01T10:25:25+05:30","caller":"C:/billing-service/internal/stripe/client.go:41","message":"stripe event received"}
{"level":"info","component":"stripe_provider","event_type":"customer.updated","event_id":"evt_1TS96o0yF76gbNAzr27T4WEB","time":"2026-05-01T10:25:26+05:30","caller":"C:/billing-service/internal/stripe/client.go:41","message":"stripe event received"}
{"level":"info","component":"stripe_provider","event_type":"payment_intent.succeeded","event_id":"evt_3TS96l0yF76gbNAz0LNLwnbr","time":"2026-05-01T10:25:26+05:30","caller":"C:/billing-service/internal/stripe/client.go:41","message":"stripe event received"}
{"level":"info","component":"stripe_provider","event_type":"customer.subscription.created","event_id":"evt_1TS96o0yF76gbNAznOHuOFA1","time":"2026-05-01T10:25:26+05:30","caller":"C:/billing-service/internal/stripe/client.go:41","message":"stripe event received"}
{"level":"info","component":"stripe_provider","event_type":"payment_intent.created","event_id":"evt_3TS96l0yF76gbNAz00s7ohlA","time":"2026-05-01T10:25:26+05:30","caller":"C:/billing-service/internal/stripe/client.go:41","message":"stripe event received"}
{"level":"info","component":"stripe_provider","event_type":"checkout.session.completed","event_id":"evt_1TS96p0yF76gbNAzJqHajwrD","time":"2026-05-01T10:25:26+05:30","caller":"C:/billing-service/internal/stripe/client.go:41","message":"stripe event received"}
{"level":"info","component":"stripe_provider","workspace_id":"65a3daf1-abaf-46d8-8a7c-7ef9c3f0151a","plan_id":"ad8bd5c9-33be-412e-bd77-bc523936d14a","subscription_id":"sub_1TS96m0yF76gbNAz9pJtZ9Ak","time":"2026-05-01T10:25:26+05:30","caller":"C:/billing-service/internal/stripe/client.go:147","message":"✅ Checkout session metadata parsed successfully"}
{"level":"info","component":"stripe_provider","event_type":"invoice.created","event_id":"evt_1TS96p0yF76gbNAz5N9Idai0","time":"2026-05-01T10:25:26+05:30","caller":"C:/billing-service/internal/stripe/client.go:41","message":"stripe event received"}
{"level":"info","component":"stripe_provider","event_type":"invoice.finalized","event_id":"evt_1TS96p0yF76gbNAzJsOon2np","time":"2026-05-01T10:25:26+05:30","caller":"C:/billing-service/internal/stripe/client.go:41","message":"stripe event received"}
{"level":"info","component":"stripe_provider","event_type":"invoice.paid","event_id":"evt_1TS96p0yF76gbNAzgb2bQWMb","time":"2026-05-01T10:25:26+05:30","caller":"C:/billing-service/internal/stripe/client.go:41","message":"stripe event received"}
{"level":"info","component":"stripe_provider","event_type":"invoice.payment_succeeded","event_id":"evt_1TS96p0yF76gbNAzEtRAMGLG","time":"2026-05-01T10:25:26+05:30","caller":"C:/billing-service/internal/stripe/client.go:41","message":"stripe event received"}
{"level":"info","component":"stripe_provider","invoice_id":"in_1TS96l0yF76gbNAz3WCxm9UG","subscription_id":"sub_1TS96m0yF76gbNAz9pJtZ9Ak","time":"2026-05-01T10:25:26+05:30","caller":"C:/billing-service/internal/stripe/client.go:256","message":"💰 Invoice payment succeeded event parsed"}
{"level":"info","event_type":"payment.succeeded","time":"2026-05-01T10:25:26+05:30","caller":"C:/billing-service/internal/handlers/webhook.go:55","message":"📥 Received billing event"}
{"level":"error","error":"an active subscription already exists for this workspace","event_type":"payment.succeeded","external_subscription_id":"sub_1TS96m0yF76gbNAz9pJtZ9Ak","time":"2026-05-01T10:25:26+05:30","caller":"C:/billing-service/internal/handlers/webhook.go:79","message":"❌ Failed to process billing event"}
{"level":"info","component":"stripe_provider","period_start":1777611322,"period_end":1780289722,"time":"2026-05-01T10:25:26+05:30","caller":"C:/billing-service/internal/stripe/client.go:156","message":"stripe subscription period dates"}
{"level":"info","event_type":"subscription.created","time":"2026-05-01T10:25:26+05:30","caller":"C:/billing-service/internal/handlers/webhook.go:55","message":"📥 Received billing event"}
{"level":"info","external_subscription_id":"sub_1TS96m0yF76gbNAz9pJtZ9Ak","time":"2026-05-01T10:25:26+05:30","caller":"C:/billing-service/internal/handlers/webhook.go:99","message":"⏳ Creating new subscription from webhook..."}
{"level":"info","external_subscription_id":"sub_1TS96m0yF76gbNAz9pJtZ9Ak","time":"2026-05-01T10:25:27+05:30","caller":"C:/billing-service/internal/handlers/webhook.go:114","message":"🆕 Subscription created successfully"}
{"level":"info","event_type":"subscription.created","external_subscription_id":"sub_1TS96m0yF76gbNAz9pJtZ9Ak","time":"2026-05-01T10:25:27+05:30","caller":"C:/billing-service/internal/handlers/webhook.go:87","message":"✅ Successfully processed billing event"}
{"level":"info","session_id":"cs_test_a1ccUase8dfs92m4htfxhA8QDAPet5L95PQQb8mdS5eFUTrtSx7UJI2hUW","time":"2026-05-01T10:25:29+05:30","caller":"C:/billing-service/internal/handlers/grpc.go:311","message":"gRPC: GetCheckoutSession requested"}
{"level":"info","session_id":"cs_test_a1ccUase8dfs92m4htfxhA8QDAPet5L95PQQb8mdS5eFUTrtSx7UJI2hUW","time":"2026-05-01T10:25:29+05:30","caller":"C:/billing-service/internal/handlers/grpc.go:311","message":"gRPC: GetCheckoutSession requested"}
{"level":"info","workspace_id":"65a3daf1-abaf-46d8-8a7c-7ef9c3f0151a","time":"2026-05-01T10:25:34+05:30","caller":"C:/billing-service/internal/handlers/grpc.go:213","message":"gRPC: GetSubscription requested"}
{"level":"info","workspace_id":"65a3daf1-abaf-46d8-8a7c-7ef9c3f0151a","environment_id":"a3ab70b3-4d13-47fa-a763-dfe8f73d3513","time":"2026-05-01T10:25:34+05:30","caller":"C:/billing-service/internal/handlers/grpc.go:248","message":"gRPC: GetUsage requested"}
{"level":"info","component":"stripe_provider","event_type":"invoice_payment.paid","event_id":"evt_1TS9770yF76gbNAz3NTizanv","time":"2026-05-01T10:25:45+05:30","caller":"C:/billing-service/internal/stripe/client.go:41","message":"stripe event received"}
{"level":"info","workspace_id":"65a3daf1-abaf-46d8-8a7c-7ef9c3f0151a","time":"2026-05-01T10:25:58+05:30","caller":"C:/billing-service/internal/handlers/grpc.go:213","message":"gRPC: GetSubscription requested"}
{"level":"info","workspace_id":"65a3daf1-abaf-46d8-8a7c-7ef9c3f0151a","environment_id":"a3ab70b3-4d13-47fa-a763-dfe8f73d3513","time":"2026-05-01T10:25:58+05:30","caller":"C:/billing-service/internal/handlers/grpc.go:248","message":"gRPC: GetUsage requested"}
{"level":"info","workspace_id":"65a3daf1-abaf-46d8-8a7c-7ef9c3f0151a","subscription_id":"2aee4412-b9c8-42e7-b9e1-dfc0286ceb90","time":"2026-05-01T10:26:03+05:30","caller":"C:/billing-service/internal/handlers/grpc.go:189","message":"gRPC: CancelSubscription requested"}
{"level":"info","workspace_id":"65a3daf1-abaf-46d8-8a7c-7ef9c3f0151a","time":"2026-05-01T10:26:03+05:30","caller":"C:/billing-service/internal/handlers/grpc.go:213","message":"gRPC: GetSubscription requested"}
{"level":"info","workspace_id":"65a3daf1-abaf-46d8-8a7c-7ef9c3f0151a","time":"2026-05-01T10:26:07+05:30","caller":"C:/billing-service/internal/handlers/grpc.go:213","message":"gRPC: GetSubscription requested"}
{"level":"info","workspace_id":"65a3daf1-abaf-46d8-8a7c-7ef9c3f0151a","environment_id":"a3ab70b3-4d13-47fa-a763-dfe8f73d3513","time":"2026-05-01T10:26:07+05:30","caller":"C:/billing-service/internal/handlers/grpc.go:248","message":"gRPC: GetUsage requested"}
{"level":"info","workspace_id":"65a3daf1-abaf-46d8-8a7c-7ef9c3f0151a","subscription_id":"2aee4412-b9c8-42e7-b9e1-dfc0286ceb90","time":"2026-05-01T10:26:13+05:30","caller":"C:/billing-service/internal/handlers/grpc.go:189","message":"gRPC: CancelSubscription requested"}
{"level":"info","workspace_id":"65a3daf1-abaf-46d8-8a7c-7ef9c3f0151a","time":"2026-05-01T10:26:27+05:30","caller":"C:/billing-service/internal/handlers/grpc.go:213","message":"gRPC: GetSubscription requested"}
{"level":"info","workspace_id":"65a3daf1-abaf-46d8-8a7c-7ef9c3f0151a","environment_id":"a3ab70b3-4d13-47fa-a763-dfe8f73d3513","time":"2026-05-01T10:26:27+05:30","caller":"C:/billing-service/internal/handlers/grpc.go:248","message":"gRPC: GetUsage requested"}
{"level":"info","workspace_id":"2404e6ad-e945-4b39-8703-27d57687bd78","time":"2026-05-01T10:39:44+05:30","caller":"C:/billing-service/internal/handlers/grpc.go:213","message":"gRPC: GetSubscription requested"}
{"level":"info","workspace_id":"2404e6ad-e945-4b39-8703-27d57687bd78","environment_id":"fd62ba43-9ecb-47fa-9da3-c0da23d8cd07","time":"2026-05-01T10:39:44+05:30","caller":"C:/billing-service/internal/handlers/grpc.go:248","message":"gRPC: GetUsage requested"}
{"level":"info","data":null,"time":"2026-05-01T10:39:44+05:30","caller":"C:/billing-service/internal/handlers/grpc.go:217","message":"subsction got "}
{"level":"info","workspace_id":"2404e6ad-e945-4b39-8703-27d57687bd78","time":"2026-05-01T10:39:45+05:30","caller":"C:/billing-service/internal/handlers/grpc.go:213","message":"gRPC: GetSubscription requested"}
{"level":"info","data":null,"time":"2026-05-01T10:39:45+05:30","caller":"C:/billing-service/internal/handlers/grpc.go:217","message":"subsction got "}
{"level":"info","workspace_id":"2404e6ad-e945-4b39-8703-27d57687bd78","time":"2026-05-01T10:39:47+05:30","caller":"C:/billing-service/internal/handlers/grpc.go:213","message":"gRPC: GetSubscription requested"}
{"level":"info","data":null,"time":"2026-05-01T10:39:47+05:30","caller":"C:/billing-service/internal/handlers/grpc.go:217","message":"subsction got "}
{"level":"info","workspace_id":"2404e6ad-e945-4b39-8703-27d57687bd78","time":"2026-05-01T10:39:52+05:30","caller":"C:/billing-service/internal/handlers/grpc.go:213","message":"gRPC: GetSubscription requested"}
{"level":"info","workspace_id":"2404e6ad-e945-4b39-8703-27d57687bd78","environment_id":"fd62ba43-9ecb-47fa-9da3-c0da23d8cd07","time":"2026-05-01T10:39:52+05:30","caller":"C:/billing-service/internal/handlers/grpc.go:248","message":"gRPC: GetUsage requested"}
{"level":"info","data":null,"time":"2026-05-01T10:39:52+05:30","caller":"C:/billing-service/internal/handlers/grpc.go:217","message":"subsction got "}
{"level":"info","workspace_id":"2404e6ad-e945-4b39-8703-27d57687bd78","time":"2026-05-01T10:39:53+05:30","caller":"C:/billing-service/internal/handlers/grpc.go:213","message":"gRPC: GetSubscription requested"}
{"level":"info","data":null,"time":"2026-05-01T10:39:53+05:30","caller":"C:/billing-service/internal/handlers/grpc.go:217","message":"subsction got "}
{"level":"info","workspace_id":"2404e6ad-e945-4b39-8703-27d57687bd78","time":"2026-05-01T10:39:55+05:30","caller":"C:/billing-service/internal/handlers/grpc.go:213","message":"gRPC: GetSubscription requested"}
{"level":"info","data":null,"time":"2026-05-01T10:39:55+05:30","caller":"C:/billing-service/internal/handlers/grpc.go:217","message":"subsction got "}
{"level":"info","workspace_id":"2404e6ad-e945-4b39-8703-27d57687bd78","plan_id":"c4071957-d569-47b0-a778-31ffd9f38af4","customer_email":"test@example.com","time":"2026-05-01T10:39:58+05:30","caller":"C:/billing-service/internal/handlers/grpc.go:296","message":"gRPC: CreateCheckoutSession requested"}
{"level":"info","workspace_id":"2404e6ad-e945-4b39-8703-27d57687bd78","time":"2026-05-01T10:39:59+05:30","caller":"C:/billing-service/internal/handlers/grpc.go:213","message":"gRPC: GetSubscription requested"}
{"level":"info","data":null,"time":"2026-05-01T10:39:59+05:30","caller":"C:/billing-service/internal/handlers/grpc.go:217","message":"subsction got "}
{"level":"info","workspace_id":"2404e6ad-e945-4b39-8703-27d57687bd78","plan_id":"ad8bd5c9-33be-412e-bd77-bc523936d14a","customer_email":"test@example.com","time":"2026-05-01T10:40:00+05:30","caller":"C:/billing-service/internal/handlers/grpc.go:296","message":"gRPC: CreateCheckoutSession requested"}
{"level":"info","component":"stripe_provider","session_id":"cs_test_a1mcy9rq55YvhW7EzOa0LCbQW2mwPWjyZBvl5jaQVqvqCrtJk1EWjjtwZa","workspace_id":"2404e6ad-e945-4b39-8703-27d57687bd78","time":"2026-05-01T10:40:01+05:30","caller":"C:/billing-service/internal/stripe/client.go:94","message":"stripe checkout session created"}
{"level":"info","component":"stripe_provider","event_type":"charge.succeeded","event_id":"evt_3TS9L40yF76gbNAz1iYFqEzj","time":"2026-05-01T10:40:13+05:30","caller":"C:/billing-service/internal/stripe/client.go:41","message":"stripe event received"}
{"level":"info","component":"stripe_provider","event_type":"customer.created","event_id":"evt_1TS9L70yF76gbNAzW6Fv1iBv","time":"2026-05-01T10:40:13+05:30","caller":"C:/billing-service/internal/stripe/client.go:41","message":"stripe event received"}
{"level":"info","component":"stripe_provider","event_type":"payment_method.attached","event_id":"evt_1TS9L70yF76gbNAzk5OPUE6P","time":"2026-05-01T10:40:13+05:30","caller":"C:/billing-service/internal/stripe/client.go:41","message":"stripe event received"}
{"level":"info","component":"stripe_provider","event_type":"customer.updated","event_id":"evt_1TS9L70yF76gbNAzfywOTDqY","time":"2026-05-01T10:40:14+05:30","caller":"C:/billing-service/internal/stripe/client.go:41","message":"stripe event received"}
{"level":"info","component":"stripe_provider","event_type":"customer.subscription.created","event_id":"evt_1TS9L70yF76gbNAzaqz6hn7A","time":"2026-05-01T10:40:14+05:30","caller":"C:/billing-service/internal/stripe/client.go:41","message":"stripe event received"}
{"level":"info","component":"stripe_provider","event_type":"payment_intent.succeeded","event_id":"evt_3TS9L40yF76gbNAz1VBN1ar7","time":"2026-05-01T10:40:14+05:30","caller":"C:/billing-service/internal/stripe/client.go:41","message":"stripe event received"}
{"level":"info","component":"stripe_provider","event_type":"payment_intent.created","event_id":"evt_3TS9L40yF76gbNAz12BEQ7rT","time":"2026-05-01T10:40:14+05:30","caller":"C:/billing-service/internal/stripe/client.go:41","message":"stripe event received"}
{"level":"info","component":"stripe_provider","event_type":"checkout.session.completed","event_id":"evt_1TS9L80yF76gbNAzNfpyamrd","time":"2026-05-01T10:40:14+05:30","caller":"C:/billing-service/internal/stripe/client.go:41","message":"stripe event received"}
{"level":"info","component":"stripe_provider","workspace_id":"2404e6ad-e945-4b39-8703-27d57687bd78","plan_id":"ad8bd5c9-33be-412e-bd77-bc523936d14a","subscription_id":"sub_1TS9L60yF76gbNAzHdvCYbaS","time":"2026-05-01T10:40:14+05:30","caller":"C:/billing-service/internal/stripe/client.go:147","message":"✅ Checkout session metadata parsed successfully"}
{"level":"info","component":"stripe_provider","event_type":"invoice.created","event_id":"evt_1TS9L80yF76gbNAzwt2v8oJ2","time":"2026-05-01T10:40:14+05:30","caller":"C:/billing-service/internal/stripe/client.go:41","message":"stripe event received"}
{"level":"info","component":"stripe_provider","event_type":"invoice.finalized","event_id":"evt_1TS9L80yF76gbNAz5psLcPu2","time":"2026-05-01T10:40:14+05:30","caller":"C:/billing-service/internal/stripe/client.go:41","message":"stripe event received"}
{"level":"info","component":"stripe_provider","event_type":"invoice.paid","event_id":"evt_1TS9L80yF76gbNAzibs7kA3o","time":"2026-05-01T10:40:14+05:30","caller":"C:/billing-service/internal/stripe/client.go:41","message":"stripe event received"}
{"level":"info","component":"stripe_provider","event_type":"invoice.payment_succeeded","event_id":"evt_1TS9L80yF76gbNAzveFnEQGL","time":"2026-05-01T10:40:14+05:30","caller":"C:/billing-service/internal/stripe/client.go:41","message":"stripe event received"}
{"level":"info","component":"stripe_provider","invoice_id":"in_1TS9L40yF76gbNAzd85X6qSD","subscription_id":"sub_1TS9L60yF76gbNAzHdvCYbaS","time":"2026-05-01T10:40:14+05:30","caller":"C:/billing-service/internal/stripe/client.go:256","message":"💰 Invoice payment succeeded event parsed"}
{"level":"info","event_type":"payment.succeeded","time":"2026-05-01T10:40:14+05:30","caller":"C:/billing-service/internal/handlers/webhook.go:55","message":"📥 Received billing event"}
{"level":"info","external_subscription_id":"sub_1TS9L60yF76gbNAzHdvCYbaS","time":"2026-05-01T10:40:14+05:30","caller":"C:/billing-service/internal/handlers/webhook.go:189","message":"💰 Recurring payment succeeded and subscription synced"}
{"level":"info","event_type":"payment.succeeded","external_subscription_id":"sub_1TS9L60yF76gbNAzHdvCYbaS","time":"2026-05-01T10:40:14+05:30","caller":"C:/billing-service/internal/handlers/webhook.go:87","message":"✅ Successfully processed billing event"}
{"level":"info","component":"stripe_provider","period_start":1777612210,"period_end":1780290610,"time":"2026-05-01T10:40:14+05:30","caller":"C:/billing-service/internal/stripe/client.go:156","message":"stripe subscription period dates"}
{"level":"info","event_type":"subscription.created","time":"2026-05-01T10:40:14+05:30","caller":"C:/billing-service/internal/handlers/webhook.go:55","message":"📥 Received billing event"}
{"level":"info","external_subscription_id":"sub_1TS9L60yF76gbNAzHdvCYbaS","time":"2026-05-01T10:40:14+05:30","caller":"C:/billing-service/internal/handlers/webhook.go:99","message":"⏳ Creating new subscription from webhook..."}
{"level":"error","error":"this payment provider ID is already linked to another subscription","event_type":"subscription.created","external_subscription_id":"sub_1TS9L60yF76gbNAzHdvCYbaS","time":"2026-05-01T10:40:14+05:30","caller":"C:/billing-service/internal/handlers/webhook.go:79","message":"❌ Failed to process billing event"}
{"level":"info","session_id":"cs_test_a1mcy9rq55YvhW7EzOa0LCbQW2mwPWjyZBvl5jaQVqvqCrtJk1EWjjtwZa","time":"2026-05-01T10:40:16+05:30","caller":"C:/billing-service/internal/handlers/grpc.go:311","message":"gRPC: GetCheckoutSession requested"}
{"level":"info","session_id":"cs_test_a1mcy9rq55YvhW7EzOa0LCbQW2mwPWjyZBvl5jaQVqvqCrtJk1EWjjtwZa","time":"2026-05-01T10:40:16+05:30","caller":"C:/billing-service/internal/handlers/grpc.go:311","message":"gRPC: GetCheckoutSession requested"}
{"level":"info","workspace_id":"2404e6ad-e945-4b39-8703-27d57687bd78","time":"2026-05-01T10:40:20+05:30","caller":"C:/billing-service/internal/handlers/grpc.go:213","message":"gRPC: GetSubscription requested"}
{"level":"info","workspace_id":"2404e6ad-e945-4b39-8703-27d57687bd78","environment_id":"fd62ba43-9ecb-47fa-9da3-c0da23d8cd07","time":"2026-05-01T10:40:20+05:30","caller":"C:/billing-service/internal/handlers/grpc.go:248","message":"gRPC: GetUsage requested"}
{"level":"info","data":null,"time":"2026-05-01T10:40:20+05:30","caller":"C:/billing-service/internal/handlers/grpc.go:217","message":"subsction got "}
{"level":"info","workspace_id":"2404e6ad-e945-4b39-8703-27d57687bd78","time":"2026-05-01T10:40:21+05:30","caller":"C:/billing-service/internal/handlers/grpc.go:213","message":"gRPC: GetSubscription requested"}
{"level":"info","data":null,"time":"2026-05-01T10:40:21+05:30","caller":"C:/billing-service/internal/handlers/grpc.go:217","message":"subsction got "}
{"level":"info","workspace_id":"2404e6ad-e945-4b39-8703-27d57687bd78","time":"2026-05-01T10:40:23+05:30","caller":"C:/billing-service/internal/handlers/grpc.go:213","message":"gRPC: GetSubscription requested"}
{"level":"info","data":null,"time":"2026-05-01T10:40:23+05:30","caller":"C:/billing-service/internal/handlers/grpc.go:217","message":"subsction got "}
{"level":"info","workspace_id":"2404e6ad-e945-4b39-8703-27d57687bd78","environment_id":"fd62ba43-9ecb-47fa-9da3-c0da23d8cd07","time":"2026-05-01T10:40:28+05:30","caller":"C:/billing-service/internal/handlers/grpc.go:248","message":"gRPC: GetUsage requested"}
{"level":"info","workspace_id":"2404e6ad-e945-4b39-8703-27d57687bd78","time":"2026-05-01T10:40:28+05:30","caller":"C:/billing-service/internal/handlers/grpc.go:213","message":"gRPC: GetSubscription requested"}
{"level":"info","data":null,"time":"2026-05-01T10:40:28+05:30","caller":"C:/billing-service/internal/handlers/grpc.go:217","message":"subsction got "}
{"level":"info","workspace_id":"2404e6ad-e945-4b39-8703-27d57687bd78","time":"2026-05-01T10:40:29+05:30","caller":"C:/billing-service/internal/handlers/grpc.go:213","message":"gRPC: GetSubscription requested"}
{"level":"info","data":null,"time":"2026-05-01T10:40:29+05:30","caller":"C:/billing-service/internal/handlers/grpc.go:217","message":"subsction got "}
{"level":"info","workspace_id":"2404e6ad-e945-4b39-8703-27d57687bd78","time":"2026-05-01T10:40:31+05:30","caller":"C:/billing-service/internal/handlers/grpc.go:213","message":"gRPC: GetSubscription requested"}
{"level":"info","data":null,"time":"2026-05-01T10:40:31+05:30","caller":"C:/billing-service/internal/handlers/grpc.go:217","message":"subsction got "}
{"level":"info","workspace_id":"2404e6ad-e945-4b39-8703-27d57687bd78","time":"2026-05-01T10:40:35+05:30","caller":"C:/billing-service/internal/handlers/grpc.go:213","message":"gRPC: GetSubscription requested"}
{"level":"info","data":null,"time":"2026-05-01T10:40:35+05:30","caller":"C:/billing-service/internal/handlers/grpc.go:217","message":"subsction got "}
{"level":"info","component":"stripe_provider","event_type":"invoice_payment.paid","event_id":"evt_1TS9M00yF76gbNAztijSZ1lz","time":"2026-05-01T10:41:07+05:30","caller":"C:/billing-service/internal/stripe/client.go:41","message":"stripe event received"}
{"level":"info","time":"2026-05-01T14:48:17+05:30","caller":"C:/billing-service/internal/cron/schdeuler.go:86","message":"scheduler stopped"}
{"level":"info","time":"2026-05-01T14:48:17+05:30","caller":"C:/billing-service/cmd/cmd.go:63","message":"🛑 Received shutdown signal. Starting graceful shutdown..."}
{"level":"info","time":"2026-05-01T14:48:17+05:30","caller":"C:/billing-service/cmd/cmd.go:94","message":"❌ Service is gracefully stopping"}
{"level":"info","time":"2026-05-01T14:48:17+05:30","caller":"C:/billing-service/cmd/cmd.go:102","message":"HTTP server stopped gracefully"}
{"level":"info","time":"2026-05-01T14:48:18+05:30","caller":"C:/billing-service/cmd/cmd.go:112","message":"gRPC server stopped gracefully"}
{"level":"info","time":"2026-05-02T09:23:47+05:30","caller":"C:/billing-service/internal/app/app.go:34","message":"Starting billing service..."}
{"level":"info","service":"billing-service","addr":":50051","time":"2026-05-02T09:23:47+05:30","caller":"C:/billing-service/cmd/cmd.go:36","message":"Starting gRPC server"}
{"level":"info","port":"8081","time":"2026-05-02T09:23:47+05:30","caller":"C:/billing-service/cmd/cmd.go:45","message":"Starting HTTP server"}
{"level":"info","time":"2026-05-02T09:23:47+05:30","caller":"C:/billing-service/cmd/cmd.go:52","message":"Starting subscription expiry scheduler"}
{"level":"info","time":"2026-05-02T09:23:47+05:30","caller":"C:/billing-service/cmd/cmd.go:56","message":"🟢 Service is fully started and running. Waiting for signals..."}
{"level":"info","interval":3600000,"time":"2026-05-02T09:23:47+05:30","caller":"C:/billing-service/internal/cron/schdeuler.go:79","message":"scheduler started"}
{"level":"info","workspace_id":"2404e6ad-e945-4b39-8703-27d57687bd78","channel":"sms","time":"2026-05-02T10:07:37+05:30","caller":"C:/billing-service/internal/handlers/grpc.go:51","message":"gRPC: CheckLimit requested"}
{"level":"info","workspace_id":"2404e6ad-e945-4b39-8703-27d57687bd78","channel":"email","time":"2026-05-02T10:07:37+05:30","caller":"C:/billing-service/internal/handlers/grpc.go:51","message":"gRPC: CheckLimit requested"}
{"level":"info","workspace_id":"2404e6ad-e945-4b39-8703-27d57687bd78","channel":"sms","time":"2026-05-02T10:43:52+05:30","caller":"C:/billing-service/internal/handlers/grpc.go:51","message":"gRPC: CheckLimit requested"}
{"level":"info","workspace_id":"2404e6ad-e945-4b39-8703-27d57687bd78","channel":"email","time":"2026-05-02T10:43:55+05:30","caller":"C:/billing-service/internal/handlers/grpc.go:51","message":"gRPC: CheckLimit requested"}
{"level":"info","workspace_id":"2404e6ad-e945-4b39-8703-27d57687bd78","channel":"email","provider":"ses","success":true,"time":"2026-05-02T10:43:56+05:30","caller":"C:/billing-service/internal/handlers/grpc.go:94","message":"gRPC: RecordUsage requested"}
{"level":"info","workspace_id":"2404e6ad-e945-4b39-8703-27d57687bd78","channel":"sms","provider":"twilio","success":true,"time":"2026-05-02T10:43:57+05:30","caller":"C:/billing-service/internal/handlers/grpc.go:94","message":"gRPC: RecordUsage requested"}
{"level":"info","workspace_id":"2404e6ad-e945-4b39-8703-27d57687bd78","channel":"email","time":"2026-05-02T10:58:26+05:30","caller":"C:/billing-service/internal/handlers/grpc.go:51","message":"gRPC: CheckLimit requested"}
{"level":"info","workspace_id":"2404e6ad-e945-4b39-8703-27d57687bd78","channel":"email","time":"2026-05-02T11:00:49+05:30","caller":"C:/billing-service/internal/handlers/grpc.go:51","message":"gRPC: CheckLimit requested"}
{"level":"info","time":"2026-05-02T15:31:05+05:30","caller":"C:/billing-service/internal/cron/schdeuler.go:86","message":"scheduler stopped"}
{"level":"info","time":"2026-05-02T15:31:05+05:30","caller":"C:/billing-service/cmd/cmd.go:63","message":"🛑 Received shutdown signal. Starting graceful shutdown..."}
{"level":"info","time":"2026-05-02T15:31:05+05:30","caller":"C:/billing-service/cmd/cmd.go:94","message":"❌ Service is gracefully stopping"}
{"level":"info","time":"2026-05-02T15:31:05+05:30","caller":"C:/billing-service/cmd/cmd.go:102","message":"HTTP server stopped gracefully"}
{"level":"info","time":"2026-05-02T15:31:05+05:30","caller":"C:/billing-service/cmd/cmd.go:112","message":"gRPC server stopped gracefully"}
